year,meet,stroke,gender,distance,event_name,field_size,prelim_mean,prelim_median,prelim_std,prelim_cv,prelim_skewness,prelim_kurtosis,prelim_iqr,prelim_iqr_ratio,max_gap,avg_gap,gap_1st_2nd,max_gap_position,hhi_prelim_times,pressure_index,dark_horse_potential,competitive_bandwidth,competitive_bandwidth_pct,seed_prelim_correlation,avg_improvement_pct,improvement_std,winning_time_sec,distance_category,stroke_category
2002,2002_Nescac_Msd_Results,Backstroke,Men,100,100_Backstroke,8,53.47375,53.345,0.8985535251168942,0.016803637768379703,0.2648825637805693,-1.105885444922756,1.1724999999999994,0.02197956696972536,0.75,0.3814285714285707,0.10999999999999943,6,0.12503500753199911,0.0021044576238760174,0.02927217709826391,1.5700000000000003,0.030036349722594224,,,,51.45,sprint,back
2002,2002_Nescac_Msd_Results,Breaststroke,Men,100,100_Breaststroke,8,58.50875,58.34,0.7552555445013288,0.012908420441409683,0.245415946568276,-0.8252353479376193,0.9924999999999997,0.017012341446691802,0.6099999999999994,0.35999999999999943,0.6099999999999994,1,0.1250207086145303,0.010643866689931938,0.02068327113888159,1.1899999999999977,0.020764264526260647,,,,56.98,sprint,breast
2002,2002_Nescac_Msd_Results,Butterfly,Men,100,100_Butterfly,8,52.27,52.535,0.6870225614927071,0.013143726066437864,-0.5889845246137038,-1.0543353876400319,1.0750000000000028,0.02046254877700586,0.6699999999999946,0.29000000000000015,0.5600000000000023,3,0.1250219398675384,0.010978239560870462,0.025476051212062235,1.1899999999999977,0.023328759066849593,,,,50.7,sprint,fly
2002,2002_Nescac_Msd_Results,Freestyle,Men,100,100_Freestyle,8,47.665,47.769999999999996,0.32714675605911214,0.006863458639654089,-0.47296878345198773,-0.846913244372598,0.3850000000000051,0.008059451538622675,0.27999999999999403,0.15142857142857175,0.19000000000000483,2,0.1250059275787686,0.004035683942226101,0.013849143260907873,0.3300000000000054,0.007009345794392639,,,,45.83,sprint,free
2002,2002_Nescac_Msd_Results,Backstroke,Men,200,200_Backstroke,8,116.13624999999999,115.8,1.8843960405127165,0.016225735207678192,-0.5840346770447854,-0.24194019814422862,2.2924999999999898,0.019797063903281432,3.1300000000000097,0.9028571428571439,3.1300000000000097,1,0.12503358022896807,0.027874254163327186,0.026715266493932386,2.739999999999995,0.024401104283551474,,,,111.13,short,back
2002,2002_Nescac_Msd_Results,Breaststroke,Men,200,200_Breaststroke,8,129.4275,128.935,2.280349479794713,0.017618740065246666,0.9757088161306177,0.1100178670829326,2.177499999999995,0.01688835459727766,3.3300000000000125,1.0914285714285736,0.730000000000004,7,0.12503754171181589,0.005760732323232354,0.024576726862598534,2.890000000000015,0.022806186868686986,,,,125.69,short,breast
2002,2002_Nescac_Msd_Results,Butterfly,Men,200,200_Butterfly,8,117.0075,116.66999999999999,1.1028910870979036,0.00942581532891399,0.38468205063031397,-1.0125662844199264,1.552500000000009,0.013306762663923968,1.1100000000000136,0.4842857142857123,0.12999999999999545,5,0.12501102810137682,0.001124664763387797,0.015592350813482578,1.4399999999999977,0.012457825071372936,,,,112.96,short,fly
2002,2002_Nescac_Msd_Results,Freestyle,Men,200,200_Freestyle,8,105.25874999999999,105.475,1.2933139361732717,0.012286996911641757,-1.0760510754577912,0.30473982979515224,1.0549999999999926,0.010002370229912232,1.8700000000000045,0.6114285714285715,1.8700000000000045,1,0.12501939057720893,0.018259935553168682,0.02469076072056404,1.279999999999987,0.012498779416072522,,,,101.74,short,free
2002,2002_Nescac_Msd_Results,IM,Men,200,200_IM,8,116.40375,117.0,1.344599731332711,0.01155117194534292,-1.575029041496019,1.1591104828648193,0.9350000000000023,0.007991452991453011,2.299999999999997,0.6071428571428571,2.299999999999997,1,0.12501730735071534,0.020318021201413402,0.02394694650925543,0.7999999999999972,0.007067137809187254,,,,112.77,short,im
2002,2002_Nescac_Msd_Results,IM,Men,400,400_IM,8,254.0625,255.95999999999998,5.059616462737067,0.019914849545828554,-1.8763150389474228,2.15101517405033,2.8649999999999523,0.011193155180496767,11.879999999999995,2.4199999999999995,11.879999999999995,1,0.12505353971345556,0.049233319519270596,0.03679285983929233,3.109999999999985,0.01288852051388307,,,,240.36,middle,im
2002,2002_Nescac_Msd_Results,Freestyle,Men,500,500_Freestyle,8,280.2425,279.17499999999995,5.4670347310036425,0.019508228519955546,0.10927372259558456,-1.5541969146167385,9.757499999999993,0.03495119548670187,4.430000000000007,2.200000000000005,1.920000000000016,4,0.12504739273680218,0.0070407040704070995,0.032071426831348025,9.46999999999997,0.03472680601393462,,,,270.16,distance,free
2002,2002_Nescac_Msd_Results,Backstroke,Men,50,50_Backstroke,8,25.473750000000003,25.475,0.4826732202018257,0.0189478667334737,-0.3176955662155534,-0.993849388096637,0.7449999999999974,0.029244357212953775,0.41000000000000014,0.21714285714285708,0.41000000000000014,1,0.12504546791234702,0.01665989435188948,0.03539525824434148,0.6999999999999993,0.028443722064201517,,,,24.52,sprint,back
2002,2002_Nescac_Msd_Results,Breaststroke,Men,50,50_Breaststroke,8,27.5475,27.705,0.4740187232589022,0.01720732274285878,-0.9461476414869616,-0.4543765706660188,0.3374999999999986,0.012181916621548406,0.6999999999999993,0.21428571428571427,0.33000000000000185,2,0.12503826901546788,0.012401352874859144,0.03846872082166191,0.259999999999998,0.009770762871101015,,,,26.46,sprint,breast
2002,2002_Nescac_Msd_Results,Butterfly,Men,50,50_Butterfly,8,23.80875,23.84,0.26848824462162263,0.011276872772473256,-1.1055621585319366,0.7075305490719517,0.19750000000000156,0.008284395973154429,0.5,0.13142857142857167,0.5,1,0.12501630921479404,0.021551724137931036,0.020398009950248687,0.33000000000000185,0.014224137931034563,,,,23.23,sprint,fly
2002,2002_Nescac_Msd_Results,Freestyle,Men,50,50_Freestyle,8,21.455000000000002,21.46,0.2556853535109118,0.011917285178788711,-0.47291634177088765,-0.6715037893605187,0.3100000000000023,0.014445479962721447,0.240000000000002,0.11999999999999998,0.240000000000002,1,0.12501796304384868,0.011444921316166047,0.023075707286233673,0.3099999999999987,0.014783023366714294,,,,20.93,sprint,free
2003,2003_Nescac_Msd_Results,Backstroke,Men,100,100_Backstroke,8,53.56,53.45,1.109279045145991,0.02071096051430155,0.36807734662735425,-0.7080668687518821,1.3825000000000003,0.025865294667913943,1.1300000000000026,0.5300000000000001,0.6199999999999974,7,0.12505288754614188,0.011941448382126298,0.03395239006956397,1.6000000000000014,0.03081664098613254,,,,51.39,sprint,back
2003,2003_Nescac_Msd_Results,Breaststroke,Men,100,100_Breaststroke,8,59.646249999999995,59.655,1.076521452410494,0.01804843477017405,-0.20268733197551708,-1.4110553540459005,1.9125000000000014,0.03205934121196884,0.9499999999999957,0.4128571428571429,0.14000000000000057,5,0.1250410399482223,0.0024112986565621866,0.034778370319398955,1.730000000000004,0.029796761970375542,,,,57.22,sprint,breast
2003,2003_Nescac_Msd_Results,Butterfly,Men,100,100_Butterfly,8,52.301249999999996,52.455,0.6788673931630532,0.012979945855272164,-0.7120154049110263,-0.9190558438126155,0.9500000000000028,0.018110761605185453,0.7899999999999991,0.27142857142857124,0.3200000000000003,2,0.12502146088597277,0.006265909535931081,0.027880799010996184,0.7899999999999991,0.015468964166829824,,,,50.78,sprint,fly
2003,2003_Nescac_Msd_Results,Freestyle,Men,100,100_Freestyle,8,47.245000000000005,47.225,0.19868316486305432,0.004205379719823352,-0.44561927944964935,0.11326382006395441,0.18499999999999517,0.003917416622551512,0.3299999999999983,0.10428571428571384,0.3299999999999983,1,0.12500221918703935,0.0070452604611442845,0.006807786405701376,0.21999999999999886,0.004696840307429523,,,,46.94,sprint,free
2003,2003_Nescac_Msd_Results,Backstroke,Men,200,200_Backstroke,8,116.70500000000001,116.895,2.1258645300206664,0.018215710809482595,-0.3339339821114602,-1.056162813326601,3.3924999999999983,0.029021771675435206,1.8100000000000023,0.9428571428571421,1.8100000000000023,1,0.12504202105137566,0.016027627733994528,0.03361590606286878,3.5799999999999983,0.03170105375011067,,,,111.55,short,back
2003,2003_Nescac_Msd_Results,Breaststroke,Men,200,200_Breaststroke,8,131.68625,130.99,2.9085087996256793,0.022086655209831545,0.012589287111978882,-1.2902278145605897,4.997500000000002,0.038151767310481734,3.1500000000000057,1.2428571428571433,2.450000000000003,5,0.1250610082531235,0.01929285770533115,0.036098220437026325,5.25,0.041341837939995275,,,,124.91,short,breast
2003,2003_Nescac_Msd_Results,Butterfly,Men,200,200_Butterfly,8,115.545,115.455,0.9748974305023077,0.008437383101841773,0.20204423657116072,-1.588861649285399,1.7750000000000057,0.015373955220648787,1.0300000000000011,0.3728571428571428,0.09999999999999432,4,0.12500886911279846,0.0008738203425375246,0.012286371444376507,2.030000000000001,0.017738552953512766,,,,114.78,short,fly
2003,2003_Nescac_Msd_Results,Freestyle,Men,200,200_Freestyle,8,104.70625000000001,105.01,1.1066609406227377,0.010569196591633618,-0.6657983133921578,-1.053679829749103,1.4675000000000011,0.013974859537186945,1.539999999999992,0.43428571428571516,0.04999999999999716,2,0.12501416449760774,0.00048581422464046985,0.022811533666844856,1.210000000000008,0.011756704236300116,,,,101.32,short,free
2003,2003_Nescac_Msd_Results,IM,Men,200,200_IM,8,117.04249999999999,117.42500000000001,1.3417688884453989,0.011463945903799039,-1.0900072612440892,0.21326946291800075,1.6274999999999977,0.013859910581222035,2.069999999999993,0.6200000000000004,2.069999999999993,1,0.1250168530593674,0.018143570865106436,0.0222077452044878,1.6400000000000006,0.014374616530809015,,,,113.29,short,im
2003,2003_Nescac_Msd_Results,IM,Men,400,400_IM,8,253.43,252.9,1.4013564856951903,0.0055295603744433975,1.1391893637311852,0.2748324220794389,1.4974999999999739,0.005921312771846476,2.079999999999984,0.6585714285714265,0.3800000000000239,7,0.1250037746404576,0.001508415369958812,0.006981079687437987,1.8699999999999761,0.007422991425849381,,,,244.85,middle,im
2003,2003_Nescac_Msd_Results,Freestyle,Men,500,500_Freestyle,8,281.08500000000004,281.775,2.3752157796713953,0.008450169093588753,-0.671988333217553,-0.3807919833485287,1.947499999999991,0.006911542897702036,2.259999999999991,1.145714285714283,2.259999999999991,1,0.12500903017444998,0.00817714740574568,0.017176558202106777,2.4699999999999704,0.00893697083725295,,,,276.15,distance,free
2003,2003_Nescac_Msd_Results,Backstroke,Men,50,50_Backstroke,8,24.92625,24.825000000000003,0.646025105936294,0.02591746074665439,-0.3347691800268801,-0.8072956986264894,0.9074999999999989,0.036555891238670646,0.7600000000000016,0.29571428571428576,0.7600000000000016,1,0.12508563198148,0.032040472175379496,0.04571230982019363,0.9600000000000009,0.040472175379426684,,,,24.07,sprint,back
2003,2003_Nescac_Msd_Results,Breaststroke,Men,50,50_Breaststroke,8,27.357499999999998,27.475,0.44431829807020085,0.016241187903507297,-1.2066632433914148,0.46298017572175176,0.39000000000000057,0.014194722474977273,0.6600000000000001,0.20999999999999983,0.6600000000000001,1,0.12503433128730207,0.025037936267071327,0.03334582240539544,0.3999999999999986,0.01517450682852802,,,,26.61,sprint,breast
2003,2003_Nescac_Msd_Results,Butterfly,Men,50,50_Butterfly,8,23.57,23.58,0.17000000000000004,0.0072125583368689026,-0.8312131080806147,0.44280480358235774,0.13999999999999702,0.005937234944868406,0.3000000000000007,0.08857142857142872,0.3000000000000007,1,0.12500658310779197,0.012931034482758652,0.012562455389007837,0.16999999999999815,0.007327586206896473,,,,23.24,sprint,fly
2003,2003_Nescac_Msd_Results,Freestyle,Men,50,50_Freestyle,8,21.49125,21.509999999999998,0.19153573426387122,0.008912265887925142,-0.7042739511098266,-0.5345220017955099,0.26250000000000284,0.012203626220362754,0.1999999999999993,0.08571428571428592,0.1999999999999993,1,0.1250100567265197,0.009474182851729004,0.017680339462517514,0.23000000000000043,0.010895310279488415,,,,21.08,sprint,free
2004,2004_Nescac_Msd_Results,Backstroke,Men,100,100_Backstroke,8,53.3025,53.415000000000006,1.1711612826592233,0.021971976598831634,-1.4034181816855782,1.2651000036391018,0.6949999999999932,0.013011326406440009,2.4399999999999977,0.5842857142857137,2.4399999999999977,1,0.1250643702557607,0.04829770387965158,0.04026542971266608,1.019999999999996,0.020190023752969043,,,,49.58,sprint,back
2004,2004_Nescac_Msd_Results,Breaststroke,Men,100,100_Breaststroke,8,59.09375,59.545,1.0264737880238344,0.017370259765606928,-1.0536078976235483,-0.6630683445793082,0.8350000000000009,0.014023007809219931,1.8299999999999983,0.4085714285714285,0.3500000000000014,2,0.12503914319809087,0.006121021336131539,0.040420771220178446,0.490000000000002,0.008569429870584155,,,,56.62,sprint,breast
2004,2004_Nescac_Msd_Results,Butterfly,Men,100,100_Butterfly,8,51.878750000000004,52.055,0.5606121096622873,0.010806199256194245,-0.9963834915281982,-0.03316496222346954,0.6225000000000023,0.011958505426952306,0.7299999999999969,0.2585714285714289,0.7299999999999969,1,0.1250149213836802,0.014404104183109646,0.021778169588924763,0.6799999999999997,0.013417521704814517,,,,50.62,sprint,fly
2004,2004_Nescac_Msd_Results,Freestyle,Men,100,100_Freestyle,8,47.160000000000004,47.22,0.26134268690743956,0.00554161761890245,-0.5183278789570079,-1.0207786250050708,0.3200000000000003,0.006776789495976287,0.28000000000000114,0.11142857142857159,0.10000000000000142,2,0.1250038610915627,0.0021408691928923446,0.011405759908753726,0.3399999999999963,0.007278955255833789,,,,46.89,sprint,free
2004,2004_Nescac_Msd_Results,Backstroke,Men,200,200_Backstroke,8,116.40625,116.795,1.560416110369284,0.013404916921293178,-0.4155979131648599,-1.3458234805264429,2.492500000000007,0.021340810822381154,1.25,0.6242857142857149,0.5999999999999943,4,0.12502271980820084,0.005270555165144012,0.026473336837801606,2.3500000000000085,0.02064300773014765,,,,111.88,short,back
2004,2004_Nescac_Msd_Results,Breaststroke,Men,200,200_Breaststroke,8,129.48250000000002,129.45999999999998,2.4057782004997907,0.018579948645568247,-0.5502467804513743,-0.718788009081377,3.680000000000007,0.02842576857716675,2.819999999999993,1.0342857142857156,2.819999999999993,1,0.12504409360736163,0.022594343401970942,0.034463634923149786,3.539999999999992,0.02836311193013374,,,,122.17,short,breast
2004,2004_Nescac_Msd_Results,Butterfly,Men,200,200_Butterfly,8,115.71125,115.66499999999999,1.9908945068737312,0.017205712554948037,-0.18201230506774943,-1.3067121115904488,3.789999999999992,0.03276704275277735,2.0600000000000023,0.808571428571428,1.5699999999999932,5,0.12503725962129042,0.013967971530249049,0.029759538219139934,3.8499999999999943,0.03425266903914585,,,,111.74,short,fly
2004,2004_Nescac_Msd_Results,Freestyle,Men,200,200_Freestyle,8,104.4275,104.565,0.8115840991542397,0.0077717468976489885,-0.4305621066390483,-1.2591363748949342,1.3525000000000063,0.012934538325443563,0.7099999999999937,0.317142857142857,0.21999999999999886,2,0.12500760155697588,0.0021336436815051775,0.015597752373571009,1.25,0.012122975463097662,,,,102.47,short,free
2004,2004_Nescac_Msd_Results,IM,Men,200,200_IM,8,115.4175,115.43,1.5343789460234383,0.013294162029358098,0.07876787110190672,-1.2395409919082445,2.3049999999999926,0.019968812267174847,1.2399999999999949,0.6485714285714295,0.6300000000000097,6,0.12502205447079875,0.005568322432384741,0.023063475974321623,3.0999999999999943,0.02739968181014667,,,,112.04,short,im
2004,2004_Nescac_Msd_Results,IM,Men,400,400_IM,8,249.68874999999997,252.45999999999998,4.978896558224521,0.019940412045895223,-0.939594325393352,-0.5095512211287652,6.6875,0.026489344846708392,5.340000000000003,2.1314285714285695,5.340000000000003,1,0.1250516574047638,0.02229365841439487,0.04122625928984305,6.560000000000002,0.02738696614202815,,,,238.99,middle,im
2004,2004_Nescac_Msd_Results,Freestyle,Men,500,500_Freestyle,8,280.62375,281.025,2.3649943842428156,0.008427634454470857,-0.08649471115435653,-1.5744456426110902,4.755000000000052,0.016920202828929996,3.079999999999984,0.8628571428571458,0.0,3,0.12500889187397848,0.0,0.013698383554739558,5.470000000000027,0.01969255139143906,,,,274.13,distance,free
2004,2004_Nescac_Msd_Results,Backstroke,Men,50,50_Backstroke,8,24.91,24.835,0.48831342393999316,0.019603108146928668,-0.5101799121500672,-0.16726362475625578,0.485000000000003,0.019528890678478072,0.75,0.2414285714285711,0.75,1,0.12504910106876452,0.031354515050167224,0.03375180078205378,0.6500000000000021,0.027173913043478347,,,,23.79,sprint,back
2004,2004_Nescac_Msd_Results,Breaststroke,Men,50,50_Breaststroke,8,27.137499999999996,27.165,0.2592175727067906,0.00955200636413784,-0.11003290683130812,-1.5582547449625037,0.5050000000000026,0.01859009755199715,0.25,0.09571428571428596,0.019999999999999574,3,0.1250114304589157,0.0007465472191115929,0.01679104477611951,0.5500000000000007,0.02053004852556927,,,,26.71,sprint,breast
2004,2004_Nescac_Msd_Results,Butterfly,Men,50,50_Butterfly,8,23.700000000000003,23.655,0.22113344387496003,0.00933052505801519,0.3402020971202577,-0.7351863700804246,0.2624999999999993,0.011097019657577648,0.1700000000000017,0.105714285714286,0.15000000000000213,7,0.12501081681951903,0.00642123287671242,0.015077163786359211,0.33999999999999986,0.01455479452054794,,,,23.22,sprint,fly
2004,2004_Nescac_Msd_Results,Freestyle,Men,50,50_Freestyle,8,21.50875,21.59,0.20472160975334303,0.009518061707600072,-1.7793210150853709,1.864155998477556,0.14499999999999957,0.006716072255673903,0.4499999999999993,0.09571428571428596,0.4499999999999993,1,0.12501171997533306,0.021428571428571394,0.01782489202983905,0.14000000000000057,0.006666666666666694,,,,21.16,sprint,free
2005,2005_Nescac_Msd_Results,Backstroke,Men,100,100_Backstroke,8,52.285,52.620000000000005,0.9304031384297876,0.01779483864262767,-0.9706959276162251,-0.17257124707984817,1.1875,0.022567464842265298,1.259999999999998,0.40142857142857075,1.259999999999998,1,0.12504102122684624,0.025044722719141283,0.035204816123544244,1.1799999999999997,0.02345458159411647,,,,49.62,sprint,back
2005,2005_Nescac_Msd_Results,Breaststroke,Men,100,100_Breaststroke,8,59.23625,59.335,0.2649970518703932,0.004473562250655523,-0.8038478935430052,-0.956576842114528,0.33499999999999375,0.005645908822785772,0.37000000000000455,0.10285714285714269,0.04999999999999716,2,0.12500251974440305,0.0008506294658046471,0.009778080095230046,0.27999999999999403,0.004763525008506193,,,,57.66,sprint,breast
2005,2005_Nescac_Msd_Results,Butterfly,Men,100,100_Butterfly,8,51.655,51.905,0.5053711507397322,0.009783586307999848,-0.7181904243848279,-1.0812836716738288,0.710000000000008,0.013678836335613292,0.46000000000000085,0.19857142857142865,0.21000000000000085,2,0.12501213616688397,0.004137115839243516,0.020708411153707553,0.7000000000000028,0.013790386130811719,,,,50.28,sprint,fly
2005,2005_Nescac_Msd_Results,Freestyle,Men,100,100_Freestyle,8,47.09,47.355000000000004,0.48233805572440536,0.010242897764374715,-1.0555718809130692,-0.16243355956922567,0.6600000000000037,0.013937282229965233,0.6899999999999977,0.20999999999999983,0.6899999999999977,1,0.12501340599011201,0.014980460269214018,0.019681787163739552,0.6899999999999977,0.014980460269214018,,,,46.13,sprint,free
2005,2005_Nescac_Msd_Results,Backstroke,Men,200,200_Backstroke,8,114.77749999999999,114.69999999999999,0.6903395903466631,0.0060145898834411205,0.2663215980815956,-1.0202473498106865,0.9824999999999875,0.008565823888404425,0.6800000000000068,0.31571428571428684,0.30000000000001137,7,0.1250045079025541,0.002636435539151168,0.009800479784681938,0.9599999999999937,0.008436593725283362,,,,110.33,short,back
2005,2005_Nescac_Msd_Results,Breaststroke,Men,200,200_Breaststroke,8,129.7775,129.575,0.5601283335093842,0.00431606660252651,0.3407929134607515,-1.3697023550208698,0.9400000000000261,0.0072544858190239335,0.6800000000000068,0.2299999999999979,0.07999999999998408,5,0.12500232178551418,0.0006197706848464834,0.006789549772821137,0.8700000000000045,0.006740006197706883,,,,127.16,short,breast
2005,2005_Nescac_Msd_Results,Butterfly,Men,200,200_Butterfly,8,115.28375,115.61000000000001,1.3297174276890564,0.0115343006077531,-0.33139693057517594,-1.3971303199725134,2.277499999999989,0.019699852953896625,1.0,0.5371428571428579,0.5899999999999892,3,0.12501676119578387,0.005214778150963313,0.021730506457442494,2.4199999999999875,0.021389429025985392,,,,111.89,short,fly
2005,2005_Nescac_Msd_Results,Freestyle,Men,200,200_Freestyle,8,104.21000000000001,104.47,0.9428547077890641,0.009047641375962614,-1.9692292178062527,2.417338397696633,0.48749999999998295,0.004666411409973992,2.4000000000000057,0.4528571428571431,2.4000000000000057,1,0.12501060849841267,0.023575638506876283,0.01566343042071208,0.5,0.004911591355599214,,,,101.53,short,free
2005,2005_Nescac_Msd_Results,IM,Men,200,200_IM,8,115.75,116.11500000000001,1.325490475258125,0.011451321600502159,-0.6076491904808201,-0.8482084994290138,1.667500000000004,0.01436076303664474,1.0400000000000063,0.5914285714285735,1.0400000000000063,1,0.1250166272869493,0.009182412149037669,0.02308548661158948,1.6099999999999994,0.0142150803461063,,,,111.23,short,im
2005,2005_Nescac_Msd_Results,IM,Men,400,400_IM,8,249.59,249.85,3.968891532909412,0.015901644829157464,-0.7009138965611079,-0.4124083638317386,6.0575000000000045,0.02424454672803684,5.659999999999997,1.7814285714285714,5.659999999999997,1,0.1250323517856685,0.023435882572150207,0.02864860440369988,6.0400000000000205,0.02500931638441481,,,,238.89,middle,im
2005,2005_Nescac_Msd_Results,Freestyle,Men,500,500_Freestyle,8,281.10249999999996,281.72,2.9987278552746406,0.010667738121413509,-0.876528442007021,-0.05910524028402353,2.997500000000059,0.010639997160301217,4.019999999999982,1.4157142857142893,4.019999999999982,1,0.1250145007531682,0.014630950647838047,0.020871722609627847,3.730000000000018,0.013575484058815033,,,,275.01,distance,free
2005,2005_Nescac_Msd_Results,Backstroke,Men,50,50_Backstroke,8,24.58,24.595,0.3624224054884024,0.014744605593507014,-0.6281485814924925,-0.5322040784920903,0.5025000000000013,0.020430981906891698,0.4200000000000017,0.16285714285714295,0.4200000000000017,1,0.12502770560598012,0.01760268231349546,0.028250934773577055,0.5199999999999996,0.021793797150041892,,,,23.89,sprint,back
2005,2005_Nescac_Msd_Results,Breaststroke,Men,50,50_Breaststroke,8,27.0,27.125,0.2101190138945072,0.007782185699796563,-1.3844281478626246,0.5711495224377865,0.20500000000000185,0.007557603686636013,0.3099999999999987,0.08999999999999986,0.3099999999999987,1,0.12500773703361523,0.011689291101055758,0.01624492346141845,0.1700000000000017,0.006410256410256475,,,,26.69,sprint,breast
2005,2005_Nescac_Msd_Results,Butterfly,Men,50,50_Butterfly,8,23.456249999999997,23.545,0.20981762914493168,0.00894506279328246,-0.784198579736109,-0.9453735020616327,0.2749999999999986,0.011679762157570548,0.23999999999999844,0.08571428571428592,0.08000000000000185,2,0.12501014465437355,0.0034662045060659384,0.019391580161476393,0.23000000000000043,0.009965337954939361,,,,22.75,sprint,fly
2005,2005_Nescac_Msd_Results,Freestyle,Men,50,50_Freestyle,8,21.48875,21.475,0.20514857420903504,0.00954678956240056,-0.14304718172695466,-0.5291049229234024,0.21999999999999886,0.010244470314318922,0.25,0.0999999999999999,0.25,1,0.1250114283865343,0.011842728564661299,0.01593281532061854,0.33999999999999986,0.016106110847939357,,,,21.13,sprint,free
2006,2006_Nescac_Msd_Results,Backstroke,Men,100,100_Backstroke,8,52.513749999999995,52.305,0.9578874868688922,0.018240698614532237,0.5641896628467187,-1.0463441161734999,1.2025000000000006,0.022990153904980413,1.3200000000000003,0.39000000000000057,0.3200000000000003,6,0.1250407732393429,0.0062378167641325595,0.027302759424795844,2.1300000000000026,0.04152046783625736,0.8749215044102103,0.012529151827839233,0.01734017411860162,49.57,sprint,back
2006,2006_Nescac_Msd_Results,Breaststroke,Men,100,100_Breaststroke,8,59.947500000000005,59.875,0.5171738102417806,0.008627112227228501,0.022405333711083424,-1.4162369158846189,0.9125000000000085,0.015240083507307031,0.4299999999999997,0.21714285714285758,0.30000000000000426,5,0.1250093010040058,0.005070993914807375,0.014331478671387649,0.9200000000000017,0.01555104800540909,0.4510468473044572,0.030082207693262513,0.0165479203610446,59.09,sprint,breast
2006,2006_Nescac_Msd_Results,Butterfly,Men,100,100_Butterfly,8,51.8325,52.04,0.519440805097173,0.010021527132536016,-1.150870873850109,-0.315714031186237,0.3774999999999977,0.007254035357417327,0.8300000000000054,0.21857142857142772,0.38999999999999346,2,0.1250128499559318,0.007681701792396955,0.022695313777428807,0.22999999999999687,0.004530234390387963,0.6108555616522353,0.01949422075459648,0.01686045706612295,50.16,sprint,fly
2006,2006_Nescac_Msd_Results,Freestyle,Men,100,100_Freestyle,8,46.94,47.055,0.603696943838545,0.012861034167842886,-0.6689336055058673,-0.6403110052507377,0.8999999999999986,0.019126554032515113,0.6700000000000017,0.2700000000000001,0.6700000000000017,1,0.1250210458478718,0.014644808743169436,0.024736899207985257,0.8699999999999974,0.019016393442622896,0.851795426999369,0.02900535053156153,0.007566863640301606,45.43,sprint,free
2006,2006_Nescac_Msd_Results,Backstroke,Men,200,200_Backstroke,8,115.8175,114.84,2.391394729023213,0.020647956733854667,0.3276129604229267,-1.6396850614545109,4.715000000000003,0.0410571229536747,3.230000000000018,0.8742857142857149,0.8000000000000114,5,0.125052595719765,0.007087172218285006,0.029866996233521716,5.0,0.04429482636428066,0.8689292749078503,0.014421221477949569,0.010399991667056028,111.32,short,back
2006,2006_Nescac_Msd_Results,Breaststroke,Men,200,200_Breaststroke,8,131.13750000000002,131.565,2.0581469213834076,0.015694571891208903,-0.2301767131953238,-0.5461960766813156,1.232500000000016,0.009367993007258891,3.3499999999999943,0.9685714285714287,0.21000000000000796,2,0.1250310453712734,0.001641907740422267,0.032628933765608416,0.5600000000000023,0.004378420641125897,0.8113719940497368,0.020575835176103716,0.010145739787788571,128.04,short,breast
2006,2006_Nescac_Msd_Results,Butterfly,Men,200,200_Butterfly,8,114.5175,114.64,1.2386055667564222,0.010815862787402993,-0.3304670510300005,-1.3361193496472552,2.1074999999999875,0.018383635729239248,1.039999999999992,0.48714285714285666,0.30000000000001137,2,0.125014730839581,0.002665008439193492,0.02126212443813587,1.8700000000000045,0.016611885937638845,0.76810289087147,0.016868941709340238,0.01650585454792996,111.0,short,fly
2006,2006_Nescac_Msd_Results,Freestyle,Men,200,200_Freestyle,8,102.76375,102.68,1.5686533834789633,0.015264656880261409,0.19877569546826543,-1.217237612883731,2.7375000000000114,0.026660498636540818,1.3600000000000136,0.6857142857142853,0.7000000000000028,3,0.1250289652020944,0.006959634122091896,0.024224710195184712,2.990000000000009,0.029727580035792494,0.7888839956864102,0.027647873482461054,0.010627771765999433,101.29,short,free
2006,2006_Nescac_Msd_Results,IM,Men,200,200_IM,8,116.62375,116.85,1.2713667596331082,0.010901439540686252,-1.3031584528031532,0.6820217837508067,1.2349999999999994,0.010569105691056907,2.049999999999983,0.5785714285714262,2.049999999999983,1,0.12501529185821528,0.018028317650162544,0.02194912915268515,1.059999999999988,0.009321959370327922,0.6462292921465882,0.025331073486297262,0.0231814550526975,111.75,short,im
2006,2006_Nescac_Msd_Results,IM,Men,400,400_IM,8,250.195,251.16,4.558571596454312,0.018220074727529775,-0.8514044997001986,-0.11031493194979447,5.595000000000027,0.0222766364070713,6.930000000000007,2.0971428571428583,6.930000000000007,1,0.12504286522479102,0.028806584362139946,0.03365637442716552,7.219999999999999,0.030012054703412724,0.4710720787899475,0.03877562510328022,0.01761270799384721,238.34,middle,im
2006,2006_Nescac_Msd_Results,Freestyle,Men,500,500_Freestyle,8,279.58000000000004,280.01,4.3388477733149315,0.015519163650171438,-0.3299563802642818,-1.1047968629665785,5.454999999999984,0.019481447091175257,5.339999999999975,1.7714285714285682,0.18000000000000682,2,0.12503043355022592,0.0006593648118978966,0.03173673160490196,6.069999999999993,0.022235246712333758,0.7221103805267215,0.032911304308877586,0.015129619547104062,273.87,distance,free
2006,2006_Nescac_Msd_Results,Backstroke,Men,50,50_Backstroke,8,24.61125,24.61,0.5947990732171659,0.02416777177986351,-0.3904895682247727,-1.0050458043026107,0.9525000000000006,0.038703778951645694,0.5199999999999996,0.25428571428571395,0.5199999999999996,1,0.1250745207689069,0.022099447513812136,0.04602774274905433,0.9200000000000017,0.039099022524436956,0.6314925573795004,0.018082870404641987,0.020689390994894585,23.55,sprint,back
2006,2006_Nescac_Msd_Results,Breaststroke,Men,50,50_Breaststroke,8,27.441249999999997,27.465,0.21808470258135923,0.007947331210544683,0.055558440657962366,-0.6865605408014561,0.22999999999999687,0.008374294556708425,0.22999999999999687,0.10285714285714269,0.05000000000000071,7,0.1250078899912202,0.0018443378827001369,0.01504821571156569,0.23000000000000043,0.008483954260420526,0.7764143357449814,0.04360975841971307,0.009672416731529026,27.08,sprint,breast
2006,2006_Nescac_Msd_Results,Butterfly,Men,50,50_Butterfly,8,23.5575,23.63,0.39037642090679586,0.016571215999439493,0.27627689907505665,-0.895998325832434,0.5450000000000017,0.023063901819720768,0.3999999999999986,0.17428571428571413,0.05000000000000071,7,0.12503404183361952,0.0021691973969631545,0.02788010111953763,0.6500000000000021,0.0281995661605207,0.7252757954167632,0.035578735506574546,0.01403880887771316,22.84,sprint,fly
2006,2006_Nescac_Msd_Results,Freestyle,Men,50,50_Freestyle,8,21.51125,21.490000000000002,0.1512809885610214,0.0070326451768735615,0.03590217809192569,-1.6053838940270901,0.2674999999999983,0.012447650069799827,0.13999999999999702,0.05714285714285694,0.0,4,0.12500617950238802,0.0,0.011960600375234475,0.25,0.01172607879924953,0.01613724341619458,0.021020855603817588,0.013429489161802931,21.11,sprint,free
2007,2007_Nescac_Msd_Results,Backstroke,Men,100,100_Backstroke,8,53.2875,53.465,1.0294385605756182,0.019318574911107073,-0.34236418712161526,-0.8648638968546232,1.4274999999999949,0.026699710090713452,1.0500000000000043,0.47714285714285765,1.0500000000000043,1,0.12504732875659327,0.02042404201517223,0.034722890792978425,1.7999999999999972,0.035012643454580765,0.8505830698160927,0.022800904519810802,0.014407326078816418,51.82,sprint,back
2007,2007_Nescac_Msd_Results,Breaststroke,Men,100,100_Breaststroke,8,59.525,59.41,0.4187182823808868,0.007034326457469749,0.2676273376698791,-1.471806296302213,0.7274999999999991,0.01224541323009593,0.39000000000000057,0.1642857142857151,0.11000000000000654,5,0.12500616241382975,0.001865038996270033,0.011066881228649716,0.8500000000000014,0.014411664971176696,0.2919442959595468,0.027850051698248966,0.018145113256869783,58.22,sprint,breast
2007,2007_Nescac_Msd_Results,Butterfly,Men,100,100_Butterfly,8,51.1175,50.995,0.5707834528085067,0.011166106574235961,0.39672988038798523,-1.1908684614805258,0.8400000000000034,0.01647220315717234,0.5500000000000043,0.23857142857142882,0.25,6,0.12501545183590393,0.004965243296921549,0.016972098398547183,1.230000000000004,0.0244289970208541,0.7609162474036346,0.022696964436638396,0.017038466284127814,49.85,sprint,fly
2007,2007_Nescac_Msd_Results,Freestyle,Men,100,100_Freestyle,8,46.91125,47.075,0.5419510471435592,0.01155268826014142,-0.5585359117195735,-0.8674984571443662,0.8400000000000034,0.017843866171003787,0.5499999999999972,0.24571428571428555,0.5499999999999972,1,0.1250169060883129,0.011985181956853283,0.021553124661540225,0.8200000000000003,0.017868816735672265,0.70818395747114,0.0315597674135332,0.01229257863129758,45.7,sprint,free
2007,2007_Nescac_Msd_Results,Backstroke,Men,200,200_Backstroke,8,114.895,114.81,1.066782545788976,0.009284847432777544,0.05737195539042844,-1.36789825441018,1.7824999999999989,0.015525651075690261,0.8799999999999955,0.461428571428574,0.710000000000008,4,0.1250107663295368,0.006267102127284032,0.014665552084708272,1.990000000000009,0.017565539765204426,0.7029015971332703,0.024622434483774755,0.0111444013189768,111.95,short,back
2007,2007_Nescac_Msd_Results,Breaststroke,Men,200,200_Breaststroke,8,130.2275,130.495,2.410735105730197,0.018511720686722827,-0.822320240677643,0.21394241189492158,2.339999999999975,0.017931721521897197,4.190000000000012,1.2271428571428555,4.190000000000012,1,0.1250442409096901,0.03350659736105567,0.03232529788823749,2.4099999999999966,0.019272291083566546,0.8318571394163287,0.03709904545039793,0.010707850563467729,125.29,short,breast
2007,2007_Nescac_Msd_Results,Butterfly,Men,200,200_Butterfly,8,114.33375,114.62,1.4044922347595952,0.01228414387492403,-0.49870549186824226,-0.5585872994448402,1.3400000000000034,0.0116908043971384,1.2900000000000063,0.6785714285714286,1.0999999999999943,2,0.12501910611211275,0.00984868833378095,0.024872297457828634,1.3700000000000045,0.012266093652072742,-0.5279234113985064,0.017633139604493236,0.02103934971097963,110.39,short,fly
2007,2007_Nescac_Msd_Results,Freestyle,Men,200,200_Freestyle,8,103.375,103.265,0.7046098211066846,0.006816056310584615,0.5420512569730039,-0.7842552749287055,1.0324999999999989,0.009998547426523981,0.8599999999999852,0.31999999999999723,0.25,7,0.125005765387366,0.0024392623670602006,0.009875099481881996,1.0500000000000114,0.010244901941652954,0.3004647291116447,0.016172264193666533,0.01361736905841351,101.69,short,free
2007,2007_Nescac_Msd_Results,IM,Men,200,200_IM,8,115.875,116.395,1.3339040445249415,0.011511577514778352,-0.5829963799322664,-1.129718222090809,1.8425000000000011,0.01582971777138194,1.3599999999999994,0.5514285714285714,0.28000000000000114,2,0.12501679269395072,0.0024632708718219506,0.02419236739595229,1.6899999999999977,0.01486759919063955,0.2504902901736717,0.024691172925649207,0.016095684209049176,112.81,short,im
2007,2007_Nescac_Msd_Results,IM,Men,400,400_IM,8,250.89625,250.78,4.9296854298727855,0.01964830255483207,-0.07565685157308862,-1.6210656122278868,9.637500000000017,0.03843009809394695,4.079999999999984,1.8399999999999994,2.030000000000001,4,0.12504842196761,0.008330597504924495,0.03379036487600215,9.52000000000001,0.03906762967826662,0.8368272927671917,0.0330691990421539,0.019273282536941532,238.6,middle,im
2007,2007_Nescac_Msd_Results,Freestyle,Men,500,500_Freestyle,8,279.03749999999997,280.4,4.067083568111184,0.014575401399851936,-0.7331100288998706,-0.13058999138694638,4.502500000000055,0.016057417974322592,5.639999999999986,2.0271428571428567,5.639999999999986,1,0.12502715530046193,0.020840261611794652,0.027244468824282487,4.810000000000002,0.01777334367956251,0.6868744770892713,0.033161922622657145,0.014342152732927629,270.29,distance,free
2007,2007_Nescac_Msd_Results,Backstroke,Men,50,50_Backstroke,8,24.76875,24.78,0.4001386478459684,0.016154979473972986,-0.06333969144241051,-1.3965822516083426,0.5999999999999979,0.0242130750605326,0.35999999999999943,0.16714285714285687,0.16999999999999815,4,0.12503270519017642,0.007036423841059526,0.02880318966109884,0.7100000000000009,0.029387417218543082,0.7972528544710874,0.024963745888229433,0.01823090476432495,24.33,sprint,back
2007,2007_Nescac_Msd_Results,Breaststroke,Men,50,50_Breaststroke,8,27.24125,27.05,0.3294858684374795,0.012095108280180957,0.7754980831791332,-1.015010076247219,0.47250000000000014,0.017467652495378932,0.3500000000000014,0.13142857142857167,0.030000000000001137,5,0.12501795114848457,0.0011139992573338706,0.0146594915568751,0.629999999999999,0.02339398440401036,0.7720134323205681,0.037645686624521155,0.02353736578417176,26.83,sprint,breast
2007,2007_Nescac_Msd_Results,Butterfly,Men,50,50_Butterfly,8,23.37125,23.28,0.28010879582762127,0.011985186749858106,0.16454912007861625,-1.3119999487615994,0.427500000000002,0.018363402061855754,0.3000000000000007,0.11714285714285719,0.16000000000000014,5,0.12501789010443032,0.006971677559912861,0.019756838905775002,0.5,0.02178649237472767,0.6228992276404359,0.022955121408647517,0.019679364154432687,22.78,sprint,fly
2007,2007_Nescac_Msd_Results,Freestyle,Men,50,50_Freestyle,8,21.25,21.29,0.23748684174075912,0.011175851376035724,-0.3153030231067488,-1.355350271616119,0.3725000000000023,0.017496477219351915,0.21999999999999886,0.09000000000000037,0.010000000000001563,2,0.12501572629321195,0.0004784688995216059,0.02200430519014577,0.40000000000000213,0.019138755980861347,0.49155634767359135,0.02680707019163905,0.013571740360921836,20.97,sprint,free
2008,2008_Nescac_Msd_Results,Backstroke,Men,100,100_Backstroke,8,52.957499999999996,52.995000000000005,0.4749407857828179,0.008968338493750987,-0.3618087157765848,-1.263698073717033,0.7450000000000045,0.014057929993395687,0.480000000000004,0.18714285714285747,0.0899999999999963,2,0.12501012093574626,0.001723807699674321,0.01792491946544192,0.6999999999999957,0.013407393219689633,,,,51.73,sprint,back
2008,2008_Nescac_Msd_Results,Breaststroke,Men,100,100_Breaststroke,8,59.00875,59.245000000000005,0.8096517384036193,0.013720875944730558,-1.2146468290219692,0.44650784006193156,0.8175000000000026,0.013798632796016584,1.2199999999999989,0.3785714285714294,1.2199999999999989,1,0.12502435085952937,0.021332400769365253,0.027883506343714046,0.7700000000000031,0.013463892288861745,,,,57.57,sprint,breast
2008,2008_Nescac_Msd_Results,Butterfly,Men,100,100_Butterfly,8,50.92375,51.405,1.0351803888694948,0.020328047107086473,-0.6342029900960241,-1.1306856749458125,1.542500000000004,0.03000680867619889,1.009999999999998,0.4299999999999997,0.5399999999999991,3,0.12505304297625064,0.011000203707476047,0.04224068071312806,1.5,0.03055612140965573,,,,49.58,sprint,fly
2008,2008_Nescac_Msd_Results,Freestyle,Men,100,100_Freestyle,8,46.3625,46.455,0.35439208512606485,0.007643938207086867,-0.1370713716390857,-1.796950838332552,0.7199999999999989,0.015498869874071659,0.4099999999999966,0.12142857142857164,0.0,4,0.12500731928967915,0.0,0.012262371208823241,0.7299999999999969,0.015890291684806202,,,,45.56,sprint,free
2008,2008_Nescac_Msd_Results,Backstroke,Men,200,200_Backstroke,8,115.35374999999999,115.63,1.2166135119667214,0.010546805040726647,-1.1020710045825108,0.5422838441513087,0.8100000000000023,0.00700510248205485,1.9300000000000068,0.6071428571428571,1.9300000000000068,1,0.12501423970839332,0.017135754239545477,0.020643514239183054,1.0700000000000074,0.00950013317943716,,,,112.11,short,back
2008,2008_Nescac_Msd_Results,Breaststroke,Men,200,200_Breaststroke,8,130.3225,132.26999999999998,3.470143188688326,0.026627352826168363,-1.355724690567013,0.12829272942812198,2.007499999999993,0.015177288878808448,5.460000000000008,1.384285714285712,3.519999999999996,2,0.1250954529960844,0.028673835125447994,0.06213191990577159,0.7099999999999795,0.005783642880416907,,,,123.32,short,breast
2008,2008_Nescac_Msd_Results,Butterfly,Men,200,200_Butterfly,8,114.17,114.69,1.9917015338649524,0.017445051535998533,-0.7658667149108244,-0.3419675767466348,1.762500000000017,0.015367512424797428,2.009999999999991,0.941428571428572,2.009999999999991,1,0.12503911720889357,0.01824784384929633,0.03616571454275558,2.1500000000000057,0.019518837948252432,,,,109.81,short,fly
2008,2008_Nescac_Msd_Results,Freestyle,Men,200,200_Freestyle,8,103.2,103.72999999999999,1.0461118487045247,0.010136742720005084,-1.1065314173251801,-0.6076861341210797,0.8900000000000006,0.008579967222597134,1.8300000000000125,0.40285714285714186,0.4199999999999875,2,0.1250131379400112,0.004149787570398058,0.023401038585420378,0.46999999999999886,0.004643809900207478,,,,101.0,short,free
2008,2008_Nescac_Msd_Results,IM,Men,200,200_IM,8,116.08375000000001,115.745,1.272821054783426,0.010964678990672045,0.1467126177879451,-1.5660780989411003,2.362499999999997,0.020411248866041704,1.509999999999991,0.47857142857142776,0.14999999999999147,5,0.12501498202959374,0.0013108450581140563,0.01838347670407422,2.25,0.019662675871711964,,,,113.48,short,im
2008,2008_Nescac_Msd_Results,IM,Men,400,400_IM,8,251.0025,249.81,3.9274888605825518,0.01564721012971007,0.1044511708208339,-1.382559735091029,6.612500000000011,0.02647011728913979,5.009999999999991,1.5985714285714283,2.3799999999999955,5,0.1250305183753274,0.009713889229011043,0.026008665041971423,7.140000000000015,0.029141667687033242,,,,244.83,middle,im
2008,2008_Nescac_Msd_Results,Freestyle,Men,500,500_Freestyle,8,277.62875,277.6,3.61070781668913,0.013005525604567717,0.20458412923442482,-1.1054094184533452,5.232500000000016,0.018849063400576425,3.1399999999999864,1.5542857142857136,0.040000000000020464,7,0.12502103991491884,0.00014652014652022147,0.02250750860742817,5.360000000000014,0.019633699633699684,,,,272.76,distance,free
2008,2008_Nescac_Msd_Results,Backstroke,Men,50,50_Backstroke,8,24.677500000000002,24.71,0.4721956691881027,0.01913466393225013,-0.40518372167079575,-1.1472242514839108,0.6700000000000017,0.027114528530959196,0.5100000000000016,0.19142857142857142,0.14000000000000057,2,0.12504652035583425,0.005857740585774083,0.03935474899179523,0.6699999999999982,0.028033472803347205,,,,24.04,sprint,back
2008,2008_Nescac_Msd_Results,Breaststroke,Men,50,50_Breaststroke,8,27.0625,27.125,0.45165667270616017,0.01668939206304518,-0.6370910141717488,-0.7504383848265541,0.6524999999999963,0.02405529953917037,0.5100000000000016,0.1942857142857142,0.5100000000000016,1,0.12503559505408135,0.01948051948051954,0.03164995901897721,0.629999999999999,0.024064171122994613,,,,26.31,sprint,breast
2008,2008_Nescac_Msd_Results,Butterfly,Men,50,50_Butterfly,8,23.2675,23.215000000000003,0.43679943910220403,0.01877294247779968,0.038649180987728037,-1.6730019931189246,0.8150000000000013,0.035106612104243,0.41000000000000014,0.16142857142857128,0.10999999999999943,4,0.1250440042903929,0.004850088183421491,0.031229382010116442,0.8599999999999994,0.03791887125220456,,,,22.38,sprint,fly
2008,2008_Nescac_Msd_Results,Freestyle,Men,50,50_Freestyle,8,21.14,21.229999999999997,0.27367864366808,0.012946009634251654,-0.45665468755241884,-1.2757134122755605,0.47250000000000014,0.022256241168158275,0.3099999999999987,0.11285714285714274,0.17999999999999972,3,0.1250212053662545,0.008708272859216241,0.02440590879897226,0.5100000000000016,0.024673439767779463,,,,20.56,sprint,free
2009,2009_Nescac_Msd_Results,Backstroke,Men,100,100_Backstroke,8,51.838750000000005,51.995000000000005,0.5961006102160934,0.011499131638322556,-1.8282243533794997,2.1340474269242034,0.22749999999999915,0.0043754207135301305,1.3999999999999986,0.29857142857142804,1.3999999999999986,1,0.12501725173781766,0.02781088597536747,0.02086598746081486,0.23000000000000398,0.004568931267381882,0.4897361318355497,0.03519636503013126,0.014570648651609603,50.32,sprint,back
2009,2009_Nescac_Msd_Results,Breaststroke,Men,100,100_Breaststroke,8,58.15375,58.185,0.6519957342651866,0.01121158539673171,-0.17753234513887575,-1.4032680934300732,1.230000000000004,0.021139468935292668,0.5,0.26285714285714334,0.4100000000000037,5,0.125015778579975,0.007179127998599259,0.01951205327284886,1.2999999999999972,0.022763088776046176,0.7543644672484997,0.047378331323077165,0.015870622602241393,57.02,sprint,breast
2009,2009_Nescac_Msd_Results,Butterfly,Men,100,100_Butterfly,8,50.6475,50.715,0.7442739750925056,0.014695176960215323,-0.2170596971798867,-1.4693217682185151,1.2325000000000017,0.024302474613033653,0.6400000000000006,0.288571428571428,0.00999999999999801,2,0.1250271751084997,0.00020161290322576634,0.028021368813627667,1.1099999999999994,0.022379032258064504,0.7173440572603842,0.03983926173943927,0.014645453584700492,48.89,sprint,fly
2009,2009_Nescac_Msd_Results,Freestyle,Men,100,100_Freestyle,8,45.90875,46.015,0.5424121472644197,0.011815005794416526,-0.06592834683914248,-0.9316145339559476,0.7050000000000054,0.015321090948603833,0.4100000000000037,0.25428571428571345,0.3299999999999983,3,0.1250174842820424,0.007330075521990188,0.021356644904282313,0.8599999999999994,0.01910262105730785,0.5137269306758455,0.04381980795486127,0.014193741201417752,44.81,sprint,free
2009,2009_Nescac_Msd_Results,Backstroke,Men,200,200_Backstroke,8,112.78875000000001,113.03999999999999,1.046654640987178,0.009279778710085694,-1.392824569332781,0.9601687895800008,0.8950000000000244,0.007917551309271272,1.8599999999999994,0.5014285714285701,1.8599999999999994,1,0.12501105098188142,0.016856987493202823,0.018198975465084852,0.8300000000000125,0.007522204096429332,0.4941547229685329,0.039309288417351575,0.012093017098627753,110.06,short,back
2009,2009_Nescac_Msd_Results,Breaststroke,Men,200,200_Breaststroke,8,128.1975,128.715,2.0833191666185007,0.01625085642558163,-0.7939327013880307,-0.9295996868083032,2.5725000000000193,0.019986015615895733,3.259999999999991,0.8114285714285724,0.3400000000000034,2,0.12503389176119784,0.0027280751023028437,0.036298076923077044,1.8100000000000023,0.01452298804461207,0.8393050600236539,0.043726794166055225,0.010176952961666997,123.33,short,breast
2009,2009_Nescac_Msd_Results,Butterfly,Men,200,200_Butterfly,8,114.51875000000001,115.095,1.521047644717283,0.01328208389209001,-1.177122847251753,0.41080006908019717,1.3525000000000063,0.011751162083496297,2.280000000000001,0.7242857142857133,2.280000000000001,1,0.12502277033128475,0.020518358531317504,0.026827602589227548,1.5900000000000034,0.014308855291576704,0.595946839906942,0.028110484786005543,0.017320361483996842,109.41,short,fly
2009,2009_Nescac_Msd_Results,Freestyle,Men,200,200_Freestyle,8,101.745,102.445,1.7720115688109939,0.017416202946690194,-1.0148067029650545,-0.48107687552027967,1.565000000000012,0.015276489823808014,2.4599999999999937,0.7585714285714289,1.230000000000004,2,0.12503930993324455,0.012522907758094115,0.039257348105428046,1.3100000000000023,0.013337405823661191,0.5658164051279558,0.03527436373691998,0.014157929574445258,98.35,short,free
2009,2009_Nescac_Msd_Results,IM,Men,200,200_IM,8,115.89625000000001,116.31,0.9897845409481806,0.008540263735437346,-0.902272107813823,-0.8177592381597698,1.1925000000000097,0.010252772762445272,1.3499999999999943,0.394285714285715,0.38000000000000966,2,0.12500925990909326,0.0033309957924264524,0.018975525801464395,0.9000000000000057,0.007889200561009868,0.685549968539059,0.03673409077668181,0.01154581661856628,114.3,short,im
2009,2009_Nescac_Msd_Results,IM,Men,400,400_IM,8,247.91125,249.09,3.107211118913555,0.012533562389417805,-1.0537795503180447,0.033208439358866304,4.125,0.016560279417078164,4.810000000000002,1.3785714285714294,4.810000000000002,1,0.1250201743768288,0.01994443753368994,0.02373669985288583,4.550000000000011,0.018866359829166197,0.6294445093972784,0.04615496524112683,0.010914451445454847,240.99,middle,im
2009,2009_Nescac_Msd_Results,Freestyle,Men,500,500_Freestyle,8,273.865,272.765,4.662126660656055,0.01702344827070292,0.14132492361305976,-1.6007222082873056,8.640000000000043,0.03167561820614831,4.3799999999999955,1.7271428571428535,0.8199999999999932,5,0.12503606300782202,0.0030621008999588972,0.028163062391250125,9.04000000000002,0.0337577952873521,0.3579658932421477,0.04082578863974954,0.01852541831170779,267.36,distance,free
2009,2009_Nescac_Msd_Results,Backstroke,Men,50,50_Backstroke,8,24.21,24.16,0.32722316543912355,0.013516033268860948,-0.4331226388726382,-0.3189552231239019,0.3524999999999956,0.014590231788079288,0.490000000000002,0.1557142857142857,0.490000000000002,1,0.12502312427637052,0.02079796264855696,0.022684310018903555,0.5199999999999996,0.02207130730050932,0.2606704766951809,0.04146561423203519,0.01515090640774412,23.31,sprint,back
2009,2009_Nescac_Msd_Results,Breaststroke,Men,50,50_Breaststroke,8,26.623749999999998,26.685000000000002,0.31815630985413446,0.011950093801742221,-0.5143457699622814,-0.8623935695494036,0.3099999999999987,0.011617013303353895,0.379999999999999,0.13714285714285726,0.15000000000000213,2,0.12501807884875246,0.0057559478127399135,0.024934634270773574,0.41000000000000014,0.01573292402148888,0.5597997809692206,0.05184590047602038,0.018057622706320494,25.82,sprint,breast
2009,2009_Nescac_Msd_Results,Butterfly,Men,50,50_Butterfly,8,22.901249999999997,22.935,0.38927617124607083,0.016998031602906867,-0.46739193217120656,-0.9804661702704753,0.5150000000000006,0.02245476346195773,0.41000000000000014,0.17142857142857185,0.19000000000000128,2,0.1250367230735792,0.008550855085508608,0.035028754948091705,0.41999999999999815,0.01890189018901882,0.9088590464677516,0.04164888280865363,0.009254414741331356,21.97,sprint,fly
2009,2009_Nescac_Msd_Results,Freestyle,Men,50,50_Freestyle,8,20.96125,20.9,0.24435821553612616,0.011657616579933265,0.19515349987017608,-1.3099187086621598,0.3725000000000023,0.017822966507177143,0.1999999999999993,0.10285714285714269,0.10000000000000142,5,0.12501691497911674,0.004852013585638109,0.019441755404969202,0.4400000000000013,0.02134885977680744,-0.07830005226439894,0.04064719358063312,0.016337708876457573,20.53,sprint,free
2010,2010_Nescac_Msd_Results,Backstroke,Men,100,100_Backstroke,8,52.15625,52.355000000000004,0.578639298267927,0.011094342447317954,-0.1591501004730304,-1.4242684166130612,0.9549999999999983,0.018240855696686053,0.7600000000000051,0.23714285714285666,0.11999999999999744,3,0.12501544314638174,0.002337358784573382,0.019617380025940188,1.1499999999999986,0.022399688352162026,0.5033824395224915,0.034977069564906614,0.013393839196177593,50.71,sprint,back
2010,2010_Nescac_Msd_Results,Breaststroke,Men,100,100_Breaststroke,8,58.79375,58.86,0.4328376572111074,0.007361967168467863,-0.27191331850229966,-1.3725383917740868,0.6300000000000026,0.010703363914373131,0.480000000000004,0.18142857142857086,0.20999999999999375,4,0.12500680264072497,0.0036150800482009594,0.013718246126528602,0.6300000000000026,0.010845240144603245,0.07988339885084089,0.041502242067773164,0.023979892115550315,57.22,sprint,breast
2010,2010_Nescac_Msd_Results,Butterfly,Men,100,100_Butterfly,8,50.627500000000005,50.855000000000004,0.8809192641780513,0.0174000150941297,-0.8973540670580409,-0.4110457053416874,1.0150000000000077,0.019958706125258237,0.8399999999999963,0.38999999999999957,0.8299999999999983,2,0.12503908350209852,0.016994266994266958,0.037153588468175784,0.9400000000000048,0.019246519246519343,0.8482759415784856,0.039656315162673754,0.014510707992221544,49.32,sprint,fly
2010,2010_Nescac_Msd_Results,Freestyle,Men,100,100_Freestyle,8,46.1425,46.25,0.41493222338111935,0.00899240880708933,-0.7597742942653514,-0.7273354330204129,0.5625,0.012162162162162163,0.35999999999999943,0.17571428571428527,0.3299999999999983,2,0.12501024922048407,0.007278341420379318,0.01867926601472353,0.509999999999998,0.011248345831495324,0.39395299603536305,0.04182892033469574,0.018258213690413708,44.89,sprint,free
2010,2010_Nescac_Msd_Results,Backstroke,Men,200,200_Backstroke,8,113.4175,113.315,0.7634747867480599,0.006731543075346043,0.17034272907791428,-1.3680348722988467,1.3224999999999767,0.011671005603847475,0.5899999999999892,0.3285714285714282,0.4099999999999966,4,0.12500565170364492,0.00364963503649632,0.010336606098301363,1.3699999999999903,0.012195121951219426,0.3070238787922206,0.029743496696472246,0.015845159827226594,111.2,short,back
2010,2010_Nescac_Msd_Results,Breaststroke,Men,200,200_Breaststroke,8,129.04500000000002,128.86,2.276230436489241,0.01763904402719393,0.05602331129839105,-1.5930825844706746,4.4325000000000045,0.03439779605773711,1.8700000000000045,0.8442857142857159,0.28000000000000114,5,0.1250388299042828,0.002220812182741126,0.029842074684413564,4.709999999999994,0.03735723350253802,0.9022154215642242,0.04503938886100696,0.020283461715725364,125.83,short,breast
2010,2010_Nescac_Msd_Results,Butterfly,Men,200,200_Butterfly,8,115.0125,115.55499999999999,1.5071890226511078,0.013104567091847475,-0.6438147389788462,-0.8888805782326856,1.6875000000000142,0.014603435593440477,1.9200000000000017,0.6600000000000007,0.4200000000000017,2,0.12502184088603757,0.0037363223912463455,0.028325341857574123,1.289999999999992,0.01147584734454223,0.49730588739486725,0.02794748293266101,0.015441819643792959,110.21,short,fly
2010,2010_Nescac_Msd_Results,Freestyle,Men,200,200_Freestyle,8,102.78875,103.1,0.8557808933950315,0.008325627983558818,-0.8146557812436216,-0.49760147575742586,1.2650000000000006,0.012269641125121248,1.1300000000000097,0.38142857142857167,1.1300000000000097,1,0.12500878480135566,0.011182582879762589,0.015401269497613517,1.3999999999999915,0.013854527461652564,0.29316752000793034,0.03078239381164797,0.01629819077738133,99.72,short,free
2010,2010_Nescac_Msd_Results,IM,Men,200,200_IM,8,115.7125,115.905,1.0151446941200075,0.008772990766944,-0.6764286987574356,-0.9214334719871533,1.0050000000000097,0.008670894266856561,1.6799999999999926,0.41571428571428726,0.0800000000000125,2,0.1250097372744695,0.0007015082427219617,0.019080177653109015,0.9000000000000057,0.007891967730620885,0.23437590137631945,0.04086707580279441,0.022022314585892377,113.45,short,im
2010,2010_Nescac_Msd_Results,IM,Men,400,400_IM,8,247.20375,246.78,4.628179819054137,0.01872212625841694,0.043356070368030145,-1.5592113377041423,8.884999999999991,0.036003728016857084,3.3799999999999955,1.8528571428571428,2.329999999999984,5,0.12504376401001918,0.009683720543618237,0.029938303519112048,9.329999999999984,0.03877644320684919,0.7855683781068541,0.04026877263572559,0.016215382007336358,239.85,middle,im
2010,2010_Nescac_Msd_Results,Freestyle,Men,500,500_Freestyle,8,277.7275,277.885,3.3199990587347985,0.01195416031446219,-0.25591565064394767,-1.230637639783574,4.65749999999997,0.016760530435251886,2.490000000000009,1.4057142857142821,1.6899999999999977,4,0.12501797799868256,0.006207985894280563,0.022716591900881874,5.189999999999998,0.01906476141497997,0.5918535691279166,0.027555777328427886,0.012567752833010657,269.84,distance,free
2010,2010_Nescac_Msd_Results,Backstroke,Men,50,50_Backstroke,8,24.0975,24.205,0.4037867630321728,0.01675637568345981,-1.0518341759137013,0.15833584055232475,0.33999999999999986,0.014046684569303858,0.5400000000000027,0.19285714285714306,0.5400000000000027,1,0.12503640051829318,0.02325581395348849,0.034482758620689447,0.3500000000000014,0.015073212747631414,0.6737599879079642,0.04203662317142537,0.015074133081122506,23.0,sprint,back
2010,2010_Nescac_Msd_Results,Breaststroke,Men,50,50_Breaststroke,8,26.83,26.86,0.30347981810987046,0.011311212005585929,-1.0568240013384016,0.5597247716156066,0.2674999999999983,0.009959046909903138,0.5400000000000027,0.1500000000000001,0.5400000000000027,1,0.12501639143861654,0.020650095602294558,0.020691395407519426,0.35999999999999943,0.013766730401529616,0.581126992816686,0.04255197544734032,0.02499538677275061,26.46,sprint,breast
2010,2010_Nescac_Msd_Results,Butterfly,Men,50,50_Butterfly,8,23.25375,23.42,0.4195216770323084,0.018041033254090563,-0.6533528251528697,-1.0090425697910717,0.5800000000000018,0.0247651579846286,0.3200000000000003,0.172857142857143,0.25,2,0.12504168454429987,0.011116051578479325,0.03765937062421696,0.620000000000001,0.027567807914628772,0.8098495786300371,0.022970327397494487,0.011289095275500361,22.68,sprint,fly
2010,2010_Nescac_Msd_Results,Freestyle,Men,50,50_Freestyle,8,20.96125,21.064999999999998,0.21589566345806904,0.010299751372559797,-0.7570647729716821,-0.8989853438513848,0.32499999999999574,0.015428435793970841,0.16999999999999815,0.08571428571428541,0.16999999999999815,1,0.12501347215413444,0.00827250608272497,0.021080688151199702,0.29999999999999716,0.014598540145985262,0.34779700602339736,0.027930864777613307,0.016454772570759914,20.68,sprint,free
2011,2011_Nescac_Msd_Results,Backstroke,Men,100,100_Backstroke,8,51.66375,52.1,1.1480193541486996,0.0222209838455145,-0.6136169837797144,-1.035650565351235,1.8999999999999986,0.03646833013435698,1.0700000000000003,0.48142857142857104,1.0600000000000023,3,0.1250634966882526,0.021401171007470264,0.04271540817685434,1.9599999999999937,0.03957197657985047,0.6088112461278423,0.027491466832543766,0.017316948183180934,49.61,sprint,back
2011,2011_Nescac_Msd_Results,Breaststroke,Men,100,100_Breaststroke,8,58.417500000000004,58.815,0.8106594537782186,0.01387699668383992,-0.4832252877529594,-1.505272920046757,1.5050000000000026,0.02558871036300268,0.9699999999999989,0.30714285714285694,0.35999999999999943,3,0.12502440121614494,0.006303624584135868,0.02624076336766155,1.4600000000000009,0.025564699702328855,0.7291834744013195,0.032873929458440254,0.011907440625755421,57.1,sprint,breast
2011,2011_Nescac_Msd_Results,Butterfly,Men,100,100_Butterfly,8,50.535,50.625,0.47846107469678245,0.009467914805516621,-0.18422063858288287,-1.0324677391584678,0.6300000000000026,0.012444444444444496,0.4199999999999946,0.21285714285714313,0.3500000000000014,6,0.12501124719977644,0.007039420756234945,0.017102582089053648,0.9099999999999966,0.01830249396621071,0.6528049813218082,0.0375529661474938,0.011701017576493356,49.36,sprint,fly
2011,2011_Nescac_Msd_Results,Freestyle,Men,100,100_Freestyle,8,46.381249999999994,46.555,0.7290994016593337,0.01571970142372907,-0.5307307157432976,-1.208049920566671,1.0474999999999994,0.02250026849962409,0.7199999999999989,0.28714285714285687,0.28000000000000114,2,0.12503142259335945,0.006202924235711146,0.03242785630153122,0.9799999999999969,0.021710234824988853,0.8474688109631071,0.027041454777861414,0.008108004075338203,45.07,sprint,free
2011,2011_Nescac_Msd_Results,Backstroke,Men,200,200_Backstroke,8,113.49000000000001,114.89,2.568331170234869,0.02263046233355246,-0.7685013899943804,-0.780013581695405,3.8300000000000125,0.03333623465923938,3.260000000000005,1.1285714285714294,2.8799999999999955,3,0.12506636970503449,0.02655112012538025,0.04342947259879302,3.950000000000003,0.03641559878307369,0.8106176875567302,0.033318191900904834,0.014974145558175021,109.66,short,back
2011,2011_Nescac_Msd_Results,Breaststroke,Men,200,200_Breaststroke,8,127.5325,128.345,2.3518862111080114,0.018441465595891333,-1.2930537868588798,0.499489605089555,2.109999999999985,0.01644006389029557,3.3599999999999994,1.0928571428571436,3.3599999999999994,1,0.12504465197386266,0.0274914089347079,0.03909066451439333,1.6799999999999926,0.013745704467353891,0.893656803414815,0.03206050845991741,0.00856930534160797,120.35,short,breast
2011,2011_Nescac_Msd_Results,Butterfly,Men,200,200_Butterfly,8,114.21000000000001,114.53999999999999,1.2362544236523427,0.010824397370215766,-0.20488504219148254,-1.5321567196310208,2.2549999999999812,0.01968744543390939,1.4199999999999875,0.471428571428569,0.25,3,0.12501471332271813,0.0022230126267117198,0.019244718805050912,2.6799999999999926,0.023830695358349568,0.5635027506563215,0.0303287204107804,0.01506892016296317,112.13,short,fly
2011,2011_Nescac_Msd_Results,Freestyle,Men,200,200_Freestyle,8,102.35249999999999,102.28999999999999,0.9042365564386363,0.00883453317152621,0.05954595402120659,-1.3587850875982905,1.4625000000000057,0.014297585296705502,0.5900000000000034,0.3585714285714293,0.10999999999999943,5,0.1250097473214358,0.0010879240431213473,0.015650999192738033,1.740000000000009,0.017208980318465128,0.835563302457578,0.0171125760911545,0.009707169893390056,99.24,short,free
2011,2011_Nescac_Msd_Results,IM,Men,200,200_IM,8,114.30000000000001,114.49000000000001,2.097128989833483,0.01834758521289136,-0.6852769813584791,-0.17251831342280388,1.384999999999991,0.0120971263865839,2.490000000000009,1.0,2.490000000000009,1,0.12504321771467836,0.02263430597218443,0.036492741899240504,2.3499999999999943,0.02136169439141891,0.9033821556729288,0.034031023932692875,0.007734423833110718,109.93,short,im
2011,2011_Nescac_Msd_Results,IM,Men,400,400_IM,8,245.07875,245.835,3.898635779025789,0.015907685913306595,-0.27914368026078373,-1.4146386491307827,6.204999999999984,0.02524050684402133,3.75,1.585714285714289,2.0900000000000034,4,0.1250319270695791,0.008754660076236768,0.02949292739721275,6.829999999999984,0.02860972646923296,0.9202254230118078,0.03983437603273328,0.011532141512998357,233.41,middle,im
2011,2011_Nescac_Msd_Results,Freestyle,Men,500,500_Freestyle,8,274.37625,274.345,2.843778021839958,0.010364519603427621,-0.5577870811530075,-0.06763067579483906,2.0950000000000273,0.0076363702637191385,3.990000000000009,1.414285714285711,3.990000000000009,1,0.12501359167662035,0.01485701519213587,0.018831660845299577,3.5,0.01303246946678582,0.04221317160348117,0.03975141060566592,0.014511640345114308,269.22,distance,free
2011,2011_Nescac_Msd_Results,Backstroke,Men,50,50_Backstroke,8,23.9125,23.92,0.6094618527848978,0.02548716582477356,-0.28646243353158973,-1.2609176429736755,1.0150000000000041,0.04243311036789314,0.5400000000000027,0.25714285714285723,0.5100000000000016,4,0.1250825069019134,0.022309711286089308,0.04600187468454808,0.9800000000000004,0.04286964129483817,0.9070614592268968,0.0405084761927992,0.010672024908817966,22.78,sprint,back
2011,2011_Nescac_Msd_Results,Breaststroke,Men,50,50_Breaststroke,8,26.666249999999998,26.64,0.29291370316186965,0.010984435500374807,0.20029256249694072,-1.4363414995104704,0.5250000000000021,0.019707207207207287,0.21000000000000085,0.10999999999999995,0.010000000000001563,3,0.1250150189204416,0.00038008361839610654,0.017797200582684164,0.6600000000000001,0.02508551881413912,0.31408616974379605,0.04361097835684563,0.02130486836200136,26.25,sprint,breast
2011,2011_Nescac_Msd_Results,Butterfly,Men,50,50_Butterfly,8,23.097499999999997,23.195,0.27476126000584605,0.011895714255042584,-0.3076389981121504,-1.6326193509255431,0.5549999999999997,0.023927570597111435,0.41000000000000014,0.10142857142857155,0.05000000000000071,3,0.12501782073431233,0.002200704225352144,0.020663882171906178,0.5899999999999999,0.025968309859154926,0.7442887794663909,0.0394372536428652,0.01875503738371811,22.31,sprint,fly
2011,2011_Nescac_Msd_Results,Freestyle,Men,50,50_Freestyle,8,21.035000000000004,21.025,0.2953811097548385,0.014042363192528568,0.17325487675061785,-1.3108162494560858,0.4875000000000007,0.023186682520808598,0.23000000000000043,0.12285714285714278,0.14000000000000057,6,0.12502453854793893,0.006789524733268698,0.02223296278395364,0.6600000000000001,0.03200775945683803,0.6873174517304406,0.019383316613569075,0.01015785171192772,20.6,sprint,free
2012,2012_Nescac_Msd_Results,Backstroke,Men,100,100_Backstroke,8,51.985,52.235,0.649884605141559,0.012501387037444628,-1.731796550802628,1.6307438785469204,0.4274999999999949,0.008184167703646883,1.259999999999998,0.2942857142857146,1.259999999999998,1,0.1250204159274017,0.025004961301845565,0.025218868417614053,0.3399999999999963,0.0067473705100217565,0.9370045431885153,0.022275896544074535,0.0072190942397359435,49.78,sprint,back
2012,2012_Nescac_Msd_Results,Breaststroke,Men,100,100_Breaststroke,8,57.803749999999994,57.81,0.6640771321917363,0.011488478380584933,0.03442069205162996,-0.7353175234524931,0.7049999999999983,0.012195121951219481,0.6099999999999994,0.3185714285714291,0.3300000000000054,7,0.1250164933210169,0.005817028027498773,0.021296540410698058,0.75,0.013220518244315178,0.05308856483973015,0.04388590421417375,0.022320943621231677,56.29,sprint,breast
2012,2012_Nescac_Msd_Results,Butterfly,Men,100,100_Butterfly,8,50.462500000000006,50.515,0.44563858674939805,0.008831084206081705,-1.3549046580874111,1.205515202845624,0.3400000000000034,0.006730674057210797,0.9600000000000009,0.22714285714285762,0.9600000000000009,1,0.12500998927258483,0.019429265330904694,0.015300327386917927,0.4099999999999966,0.00829791540174047,0.7613770491139048,0.0407258785395872,0.014282007420781503,48.73,sprint,fly
2012,2012_Nescac_Msd_Results,Freestyle,Men,100,100_Freestyle,8,46.253750000000004,46.245000000000005,0.3885530047496733,0.008400464929863486,0.14289894435762002,-1.111759495238332,0.5774999999999935,0.012487836522867194,0.29999999999999716,0.172857142857143,0.2600000000000051,6,0.12500880145419752,0.00569426193604917,0.013503676202955499,0.7999999999999972,0.017520805957073966,0.21962826532263635,0.028715598941417942,0.011171274019874602,45.03,sprint,free
2012,2012_Nescac_Msd_Results,Backstroke,Men,200,200_Backstroke,8,112.33125,113.275,1.7724025890017208,0.015778357215839055,-1.024673736825873,-0.5216312778354433,1.7424999999999926,0.015382917678216663,2.180000000000007,0.75,1.2299999999999898,2,0.1250321612606369,0.011304108078301532,0.03541238291066941,1.4000000000000057,0.012866464479367757,0.8315357909279397,0.02937814215837488,0.009657174178035043,109.04,short,back
2012,2012_Nescac_Msd_Results,Breaststroke,Men,200,200_Breaststroke,8,125.9125,126.35499999999999,1.8519567354557724,0.014708283414718734,-1.3893249657508262,1.0714996657966767,1.3074999999999903,0.0103478295279173,3.3999999999999915,0.922857142857144,3.3999999999999915,1,0.12502820289727043,0.027969726883843297,0.02869273622153721,1.1799999999999926,0.009707140506745579,0.6099870565354281,0.04832572228705759,0.020315556222397394,119.7,short,breast
2012,2012_Nescac_Msd_Results,Butterfly,Men,200,200_Butterfly,8,113.6825,113.96000000000001,1.0883559849608027,0.009573645767473469,-0.848473675571946,-0.25020536213197486,0.9649999999999892,0.008467883467883373,1.1400000000000148,0.5228571428571424,1.079999999999984,2,0.12501164857402566,0.009689574735330917,0.02002976190476196,0.7099999999999937,0.006369998205634252,0.5743459204767098,0.03216129120418195,0.015833116192753568,110.98,short,fly
2012,2012_Nescac_Msd_Results,Freestyle,Men,200,200_Freestyle,8,101.97375000000001,101.79,1.1401857030764782,0.011181168713286293,0.11418686967436945,-1.727945441318126,2.342500000000001,0.0230130661165144,0.960000000000008,0.4114285714285728,0.2600000000000051,4,0.12501558900494025,0.0025857782197911995,0.017133492252681848,2.3599999999999994,0.023470909995027343,0.1423957941233218,0.024238740044402796,0.026358428319975577,98.91,short,free
2012,2012_Nescac_Msd_Results,IM,Men,200,200_IM,8,114.2875,114.845,1.385078968867837,0.012119251614287101,-1.6239437205007203,1.436257651298587,1.204999999999984,0.010492402803778868,2.780000000000001,0.6357142857142841,2.780000000000001,1,0.12501911096100343,0.025060849184170206,0.023355887939221158,1.1399999999999864,0.010276751104299885,0.7525940132221096,0.026933404225823677,0.014844345842245976,110.02,short,im
2012,2012_Nescac_Msd_Results,IM,Men,400,400_IM,8,245.33749999999998,243.99,3.7767338733355347,0.01539403423176455,0.4526382829265817,-1.270624487521721,6.145000000000039,0.025185458420427225,3.3799999999999955,1.585714285714285,1.2099999999999795,5,0.12502922429845703,0.005027422303473406,0.022393987746164527,7.0400000000000205,0.029250457038391308,0.8656564040143494,0.02514398411254641,0.007552692984310612,235.44,middle,im
2012,2012_Nescac_Msd_Results,Freestyle,Men,500,500_Freestyle,8,274.35375,274.41499999999996,2.34786571964838,0.008557804366254808,0.13043666691290615,-0.9859822412516426,2.8725000000000023,0.010467722245504083,1.92999999999995,1.0557142857142838,0.4200000000000159,7,0.12500913609050884,0.0015497583115014794,0.015405697711574679,3.2000000000000455,0.011807682373344326,0.8243569104105979,0.02644815019327014,0.00971553762886534,271.12,distance,free
2012,2012_Nescac_Msd_Results,Backstroke,Men,50,50_Backstroke,8,24.060000000000002,24.14,0.5127133702177076,0.02130978263581494,-1.8254478637712603,2.1473504802256214,0.21249999999999858,0.008802816901408392,1.3000000000000007,0.2471428571428572,1.3000000000000007,1,0.1250615208465993,0.057092665788317995,0.036436094506119905,0.39000000000000057,0.017127799736495412,0.9593903113019528,0.03765722887291863,0.006051524129412887,22.88,sprint,back
2012,2012_Nescac_Msd_Results,Breaststroke,Men,50,50_Breaststroke,8,26.48125,26.490000000000002,0.47474828856984885,0.01792771446098084,-0.5276961325861592,-0.6250143129021595,0.6624999999999979,0.025009437523593726,0.5199999999999996,0.2200000000000004,0.5199999999999996,1,0.12504099052868872,0.020344287949921738,0.03414665633875553,0.629999999999999,0.024647887323943626,0.3774131156771528,0.05716113434812381,0.034014778840916214,25.84,sprint,breast
2012,2012_Nescac_Msd_Results,Butterfly,Men,50,50_Butterfly,8,23.09375,23.155,0.18295747456717884,0.007922380495466471,-1.3435196369596347,0.7847291194277153,0.21499999999999986,0.009285251565536595,0.34999999999999787,0.08285714285714262,0.34999999999999787,1,0.12500801672871162,0.015438906043228841,0.01451812942292261,0.23000000000000043,0.010145566828407605,0.7279429714905115,0.03228598371012945,0.01493238886314402,22.27,sprint,fly
2012,2012_Nescac_Msd_Results,Freestyle,Men,50,50_Freestyle,8,21.107499999999998,21.125,0.19613452016409583,0.009292171984559793,-0.058709850884638065,-1.6793140116447431,0.34750000000000014,0.016449704142011842,0.22999999999999687,0.07428571428571473,0.08000000000000185,4,0.12501080573396597,0.0038406144983198203,0.015173295000798755,0.41000000000000014,0.01968314930388863,0.81763369335384,0.029691603148342606,0.014615266164408877,20.73,sprint,free
2013,2013_Nescac_Msd_Results,Backstroke,Men,100,100_Backstroke,8,50.79375,50.87,0.5145614030414638,0.010130407836426013,-0.630543504680406,-0.9454381602186324,0.5974999999999966,0.011745626105759714,0.6900000000000048,0.21428571428571427,0.18999999999999773,2,0.12501299625032689,0.0038083784325515678,0.021573138608249137,0.5599999999999952,0.011224694327520449,0.5778935126852409,0.03202032645983598,0.010518119581227751,49.44,sprint,back
2013,2013_Nescac_Msd_Results,Breaststroke,Men,100,100_Breaststroke,8,57.72625,57.66,0.3686101429695057,0.006385485684060644,0.545210556285765,-0.8300615179727564,0.42500000000000426,0.007370794311481171,0.35999999999999943,0.1642857142857141,0.09000000000000341,6,0.12500506203839146,0.0015720524017467845,0.010035779736451622,0.6499999999999986,0.011353711790392988,0.6388219508653856,0.05102310121692326,0.013938836606197597,56.85,sprint,breast
2013,2013_Nescac_Msd_Results,Butterfly,Men,100,100_Butterfly,8,49.50875,49.120000000000005,0.9792655091955395,0.019779645197980953,0.24286788029432987,-1.5397084258610676,1.7774999999999963,0.03618688925081425,1.259999999999998,0.38285714285714284,0.5300000000000011,5,0.12504846097724048,0.011007268951194209,0.030121518813039937,1.8800000000000026,0.03904465212876433,0.9445084433448205,0.03785517936846663,0.010364018079480565,48.09,sprint,fly
2013,2013_Nescac_Msd_Results,Freestyle,Men,100,100_Freestyle,8,45.95375,45.86,0.3543634257369121,0.007711305948631224,0.22979067649606688,-1.2693368420197941,0.5000000000000071,0.010902747492368232,0.28000000000000114,0.144285714285714,0.10000000000000142,6,0.12500740765407747,0.00219973603167623,0.013000805683732398,0.6500000000000057,0.014298284205895417,0.7111708261085488,0.02454349167004871,0.008296806883669749,45.52,sprint,free
2013,2013_Nescac_Msd_Results,Backstroke,Men,200,200_Backstroke,8,111.1575,111.885,1.489158739020123,0.013396835472371393,-1.1933776221422132,0.08950074164055755,1.5900000000000034,0.014211020244000566,1.8300000000000125,0.6414285714285727,1.8300000000000125,1,0.125023177814837,0.01695857659160423,0.028577992189294733,1.4699999999999989,0.013622463163747557,0.18541033037197124,0.03223786758616681,0.0206471589964733,108.78,short,back
2013,2013_Nescac_Msd_Results,Breaststroke,Men,200,200_Breaststroke,8,125.93,126.105,1.5908645448308898,0.012632927378947747,-0.8507414851210147,-0.1666442133665229,1.5649999999999977,0.012410293009793408,1.8599999999999994,0.7528571428571423,1.8599999999999994,1,0.1250203956254809,0.015168814222802147,0.0256846081208685,1.5499999999999972,0.012640678519001771,0.6804769263280318,0.030158074746635212,0.023518382542296944,119.68,short,breast
2013,2013_Nescac_Msd_Results,Butterfly,Men,200,200_Butterfly,8,111.8875,111.88,1.8769772907523432,0.016775576277531835,-0.20064652880333142,-1.3309578323950313,2.884999999999991,0.02578655702538426,1.6000000000000085,0.7971428571428569,0.8899999999999864,4,0.12503543446952659,0.008174887480481183,0.03137721264236387,2.6200000000000045,0.02406539909984389,0.7715917828572825,0.027029273060450686,0.011904831918011102,108.36,short,fly
2013,2013_Nescac_Msd_Results,Freestyle,Men,200,200_Freestyle,8,101.61875,101.755,0.803919111291681,0.007911129700883755,-0.029372456117164002,-0.7478656752217798,0.9350000000000023,0.009188737654169351,0.9000000000000057,0.3771428571428593,0.18999999999999773,7,0.1250078287138151,0.0018928073321378535,0.015177904951480525,0.8100000000000023,0.008069336521219389,0.4833919094569392,0.023495349334704558,0.010380229318001881,98.63,short,free
2013,2013_Nescac_Msd_Results,IM,Men,200,200_IM,8,114.48125,114.52000000000001,1.785717205354757,0.015598337765832894,-1.1676747284647726,0.6489674493621083,1.897500000000008,0.016569158225637513,3.3200000000000074,0.8542857142857149,3.3200000000000074,1,0.12503158260519548,0.030067016844774565,0.028565905305733753,1.7900000000000205,0.016210831371128605,0.6808084375469772,0.01328526333778784,0.013218851831707137,110.15,short,im
2013,2013_Nescac_Msd_Results,IM,Men,400,400_IM,8,243.66,243.04,1.9892523721237623,0.008164049791199878,0.31438960073163874,-1.1685173551183983,2.5625,0.010543531928900594,1.6200000000000045,0.8442857142857179,0.660000000000025,6,0.12500829007436276,0.0027398397608868158,0.013486996655888112,3.4399999999999977,0.014280376935530732,0.3238383255414542,0.03290446662689428,0.019267613041733335,237.1,middle,im
2013,2013_Nescac_Msd_Results,Freestyle,Men,500,500_Freestyle,8,275.74125,276.45500000000004,1.802556777885247,0.006537131379092708,-0.4759363333546473,-1.4376888386519386,3.069999999999993,0.011104881445443174,1.3799999999999955,0.6542857142857201,0.2400000000000091,2,0.12500537538834347,0.0008792497069167977,0.01299375030516093,2.920000000000016,0.010697538100820692,0.7079816729458034,0.027864233162561237,0.013236520508370785,268.36,distance,free
2013,2013_Nescac_Msd_Results,Backstroke,Men,50,50_Backstroke,8,23.84375,23.765,0.20916127151076508,0.008772163418537985,0.3090168723619158,-1.4638275853073268,0.375,0.015779507679360403,0.28000000000000114,0.08571428571428592,0.11000000000000298,5,0.12500956789555945,0.004668930390492487,0.012915519796739347,0.3999999999999986,0.016977928692699432,0.5014570899092815,0.04019577815440298,0.01644490392494294,23.68,sprint,back
2013,2013_Nescac_Msd_Results,Breaststroke,Men,50,50_Breaststroke,8,26.51875,26.615000000000002,0.25731486062798636,0.009703129318990766,-0.20646651547918315,-1.5006101335003998,0.4375,0.016438098816456883,0.360000000000003,0.10142857142857155,0.08000000000000185,3,0.12501181765490121,0.003059273422562212,0.01673666793941705,0.5700000000000003,0.02179732313575527,0.47745914544525647,0.06118774412012088,0.021810795817453665,25.82,sprint,breast
2013,2013_Nescac_Msd_Results,Butterfly,Men,50,50_Butterfly,8,22.78375,22.82,0.33499766790233015,0.014703359539247497,-0.7076335056422741,-0.8602454536056472,0.4150000000000027,0.018185801928133336,0.4499999999999993,0.1385714285714284,0.16999999999999815,2,0.12502760638276122,0.007668019846639519,0.03167827454504582,0.3100000000000023,0.013982859720342907,0.8348851217592356,0.039271849357282035,0.010915324254359609,21.97,sprint,fly
2013,2013_Nescac_Msd_Results,Freestyle,Men,50,50_Freestyle,8,21.08875,21.2,0.29182346975526163,0.013837874210432654,-2.014560179141347,2.473153659959557,0.14250000000000185,0.006721698113207634,0.7100000000000009,0.13428571428571448,0.7100000000000009,1,0.12502533447663156,0.034906588003933176,0.025368446484658233,0.13000000000000256,0.0063913470993118265,0.1838851146764809,0.029188563463262762,0.01580930682730901,20.35,sprint,free
2014,2014_Nescac_Msd_Results,Backstroke,Men,100,100_Backstroke,8,50.102500000000006,50.28,0.5382088349330579,0.010742155280336467,-1.4172790199510694,0.9640145247109198,0.5350000000000037,0.010640413683373184,0.9899999999999949,0.25142857142857117,0.9899999999999949,1,0.1250148786797457,0.020270270270270164,0.020742542481673062,0.5,0.010237510237510237,0.4474228647337644,0.03526732018474269,0.01381110866902114,48.99,sprint,back
2014,2014_Nescac_Msd_Results,Breaststroke,Men,100,100_Breaststroke,8,57.50749999999999,57.46,0.4839615170651484,0.008415624345783567,0.007164849997774267,-1.5046674410914795,0.8074999999999974,0.014053254437869778,0.35999999999999943,0.18714285714285747,0.10000000000000142,4,0.1250088527074209,0.0017596339961288303,0.014709329582747293,0.8999999999999986,0.015836705965159223,0.5596355891834472,0.0331733391554114,0.008427010461515326,55.98,sprint,breast
2014,2014_Nescac_Msd_Results,Butterfly,Men,100,100_Butterfly,8,49.355000000000004,49.43,0.33514922049737933,0.006790582929741248,-0.39685874675243604,-1.1458975504542377,0.427500000000002,0.008648593971272546,0.37000000000000455,0.13571428571428612,0.03999999999999915,2,0.12500579575371557,0.0008191685439278958,0.013783691572842153,0.5,0.010239606799098916,0.5654397401859459,0.03968943560012912,0.012191657497833006,48.75,sprint,fly
2014,2014_Nescac_Msd_Results,Freestyle,Men,100,100_Freestyle,8,46.0625,46.510000000000005,0.7488950193451686,0.016258236512242466,-0.8847655030466796,-0.9926240913742985,0.980000000000004,0.021070737475811736,1.0499999999999972,0.26857142857142896,0.020000000000003126,2,0.1250340189076264,0.00044622936189208225,0.03665700052048474,0.740000000000002,0.016510486390004506,0.7256428798208524,0.029876569896768367,0.01086131295397088,45.14,sprint,free
2014,2014_Nescac_Msd_Results,Backstroke,Men,200,200_Backstroke,8,109.075,109.235,0.8861997517490052,0.008124682573907908,-0.715150274869663,-0.13180264339587078,0.852499999999992,0.0078042751865243926,1.1099999999999994,0.4399999999999998,1.1099999999999994,1,0.1250083502922468,0.010349650349650344,0.01570737288004571,0.9199999999999875,0.008578088578088462,0.3883417519988252,0.046020010731766425,0.011346656379604952,108.23,short,back
2014,2014_Nescac_Msd_Results,Breaststroke,Men,200,200_Breaststroke,8,125.79124999999999,126.245,1.7695651831735397,0.014067474352735502,-0.5500128078974669,-0.8063470955815277,2.325000000000003,0.0184165709533051,1.6500000000000057,0.8114285714285724,1.6500000000000057,1,0.12502513747307734,0.013475988239137584,0.027325950864668196,2.1300000000000097,0.017396275726886717,0.14356962359156566,0.03494628431861898,0.029534632325794532,121.73,short,breast
2014,2014_Nescac_Msd_Results,Butterfly,Men,200,200_Butterfly,8,111.41875,111.66999999999999,1.2137178162571418,0.010893299523259252,-0.3947871942716306,-1.0968621591462828,1.9000000000000057,0.017014417480075275,0.9900000000000091,0.53857142857143,0.9900000000000091,1,0.1250149654189812,0.009060955518945719,0.020211683598317598,1.8400000000000034,0.01684056379278788,0.3862925724046017,0.02505476155308365,0.011701825398363626,108.57,short,fly
2014,2014_Nescac_Msd_Results,Freestyle,Men,200,200_Freestyle,8,101.75874999999999,101.87,0.627583410790947,0.006167365566017144,-0.16363802855202952,-1.3321797608012345,1.0224999999999937,0.010037302444291683,0.4899999999999949,0.26285714285714334,0.13000000000000966,3,0.1250047645090903,0.0012892988197957915,0.011414506830533293,1.0799999999999983,0.010711097887533456,0.16270685237858068,0.030918258851770825,0.011514320564504231,99.1,short,free
2014,2014_Nescac_Msd_Results,IM,Men,200,200_IM,8,112.40375,112.34,0.7668105616773907,0.006821930422049004,0.4635557313115222,-0.36430875759912507,0.8174999999999955,0.007277016200818902,0.9300000000000068,0.37714285714285517,0.3599999999999852,7,0.1250057818648332,0.0032353734160149653,0.011410198893375028,0.9199999999999875,0.008268176507594028,0.37896822901036226,0.04576774083011588,0.012193974729536034,110.24,short,im
2014,2014_Nescac_Msd_Results,IM,Men,400,400_IM,8,242.665,242.14499999999998,2.3860794203043603,0.009832812396943771,-0.29844521774096255,-0.3620100212915376,2.6474999999999795,0.010933531561667513,3.280000000000001,1.1971428571428564,3.280000000000001,1,0.12501216226618303,0.013778039149794174,0.016492838270059856,2.6999999999999886,0.01134167856842808,0.5043699329759319,0.0450143044331206,0.017590916625047515,237.81,middle,im
2014,2014_Nescac_Msd_Results,Freestyle,Men,500,500_Freestyle,8,275.42625,275.58000000000004,2.393678850117539,0.008690815962957558,-0.6081703762880425,-0.3382181083643041,2.5224999999999795,0.009153421873865952,2.9499999999999886,1.1228571428571448,2.9499999999999886,1,0.12500954470114972,0.01090129706958349,0.016373559733171558,3.430000000000007,0.012675067440227658,0.5685740046042621,0.03695599054846678,0.013178505404388781,268.46,distance,free
2014,2014_Nescac_Msd_Results,Backstroke,Men,50,50_Backstroke,8,23.432499999999997,23.465,0.22626035887888044,0.009655835223679951,-0.4921360217981885,-1.1379541322969031,0.29499999999999815,0.012571915619006953,0.28999999999999915,0.08999999999999986,0.030000000000001137,2,0.12501176799661393,0.0013003901170351598,0.020070753014222703,0.28999999999999915,0.012570437798006031,0.407000623308469,0.03687320462978552,0.013750777913930944,22.7,sprint,back
2014,2014_Nescac_Msd_Results,Breaststroke,Men,50,50_Breaststroke,8,26.2075,26.31,0.3434657916008521,0.013105629747242283,-0.8516652544386204,-0.8493275600192982,0.3724999999999987,0.014158114785252708,0.5300000000000011,0.1385714285714284,0.10999999999999943,2,0.12502196194962184,0.004298554122704159,0.029245466952622343,0.2699999999999996,0.010550996483001156,0.342148194740634,0.04853777260278004,0.029637032529908312,25.59,sprint,breast
2014,2014_Nescac_Msd_Results,Butterfly,Men,50,50_Butterfly,8,22.752499999999998,22.875,0.43286112091524165,0.019024771823546498,-0.9763716880987514,-0.49560721391863405,0.4674999999999976,0.02043715846994525,0.5700000000000003,0.17999999999999972,0.3200000000000003,2,0.12504700023803472,0.014618547281863877,0.04247921390778537,0.36999999999999744,0.016902695294654976,0.5505987321244427,0.04728315618654634,0.017060333978543327,22.01,sprint,fly
2014,2014_Nescac_Msd_Results,Freestyle,Men,50,50_Freestyle,8,21.065,21.135,0.24392621835300934,0.0115796923025402,-1.0644405498364122,0.23118406186004137,0.2624999999999993,0.012420156139105715,0.35999999999999943,0.11714285714285719,0.35999999999999943,1,0.12501718981506355,0.017535314174378928,0.02285530339610491,0.25,0.012177301509985387,0.5099403815410887,0.03435358059724438,0.01013037250297748,20.8,sprint,free
2015,2015_Nescac_Msd_Results,Backstroke,Men,100,100_Backstroke,8,50.125,50.19,0.5361902647381803,0.010697062638168185,-1.137739386049052,0.39795453308129236,0.519999999999996,0.010360629607491453,0.8100000000000023,0.25428571428571445,0.8100000000000023,1,0.1250146636383205,0.01655426118945437,0.021350630046282102,0.4299999999999997,0.008788064582055992,0.7594305123673218,0.03804188382902869,0.01728915698290719,48.5,sprint,back
2015,2015_Nescac_Msd_Results,Breaststroke,Men,100,100_Breaststroke,8,56.457499999999996,56.785,0.7208631978399225,0.01276824510188943,-0.911407226508267,-0.8600027490994044,0.8575000000000017,0.015100818878224915,1.0399999999999991,0.2771428571428568,0.18999999999999773,2,0.12502086439127932,0.0034439006706542996,0.028770469555776643,0.6799999999999997,0.012325539242341846,0.6166855123797493,0.040998272170264846,0.012924875990025935,55.27,sprint,breast
2015,2015_Nescac_Msd_Results,Butterfly,Men,100,100_Butterfly,8,49.646249999999995,49.67,0.5251413500192114,0.010577663972993154,0.8297082560692431,0.24509877710969397,0.49499999999999034,0.009965774109119998,0.9100000000000037,0.2614285714285712,0.1699999999999946,7,0.12501375069156453,0.003472931562819093,0.01662078107474263,0.519999999999996,0.01062308478038807,0.4921582355071259,0.044772295013862415,0.01691485897404428,48.98,sprint,fly
2015,2015_Nescac_Msd_Results,Freestyle,Men,100,100_Freestyle,8,45.9375,46.115,0.5934591392842467,0.012918838406187683,-1.848934139557039,2.0193064837162087,0.269999999999996,0.0058549278976471,1.279999999999994,0.27857142857142797,1.279999999999994,1,0.12502190226175147,0.02879640044994362,0.025060989132845317,0.22999999999999687,0.005174353205849198,0.8025028138889057,0.03833244889413357,0.008984825308126367,44.63,sprint,free
2015,2015_Nescac_Msd_Results,Backstroke,Men,200,200_Backstroke,8,109.02374999999999,109.41,0.9000824615000554,0.008255838397597363,-1.500435062773127,0.9537598151138562,0.7124999999999915,0.006512201809706531,1.460000000000008,0.4057142857142862,1.460000000000008,1,0.12500873619609754,0.013656346459639023,0.017140468227424738,0.5799999999999983,0.0054251239360209366,0.7166065059880102,0.04718742487106799,0.01066234233191927,106.69,short,back
2015,2015_Nescac_Msd_Results,Breaststroke,Men,200,200_Breaststroke,8,123.8775,124.275,1.3806769173126627,0.011145501945976168,-0.9025156653986772,-0.203286007232232,1.3125,0.01056125528062764,1.519999999999996,0.654285714285714,1.519999999999996,1,0.12501585080223976,0.012560945376415139,0.023076291368974197,1.1200000000000045,0.009255433435253322,0.7037276477903709,0.03956231020314292,0.022197988071014276,120.71,short,breast
2015,2015_Nescac_Msd_Results,Butterfly,Men,200,200_Butterfly,8,110.54124999999999,111.21000000000001,1.6180577670466518,0.014637592455727178,-0.9057697850609193,-0.30502768912999967,2.1850000000000023,0.01964751371279563,2.230000000000004,0.7299999999999999,2.230000000000004,1,0.12502752273743437,0.020808061957637434,0.027781625648366257,2.559999999999988,0.023887281888588113,0.6095365570460118,0.03479313323652834,0.014903549469427131,106.53,short,fly
2015,2015_Nescac_Msd_Results,Freestyle,Men,200,200_Freestyle,8,101.765,101.96000000000001,0.6897644525488394,0.006778012603044657,-0.3081015130724441,-1.5826481483555723,1.2624999999999886,0.012382306786975172,0.5799999999999983,0.25285714285714433,0.17000000000001592,4,0.12500576699970867,0.0016876799364639724,0.01256426788341681,1.289999999999992,0.012806512459048866,0.3572582681082115,0.04043582436340907,0.009939591844535089,100.51,short,free
2015,2015_Nescac_Msd_Results,IM,Men,200,200_IM,8,112.3375,112.35499999999999,0.9813606625497074,0.008735824302211705,-0.05876142586515615,-1.6058081436015328,1.7299999999999898,0.015397623603755862,0.9500000000000028,0.38428571428571395,0.3299999999999841,4,0.1250095499860447,0.002974849003876175,0.014912162263528081,1.8599999999999994,0.01676733074912106,-0.026306274854117115,0.0363996622741499,0.015934437812909267,109.92,short,im
2015,2015_Nescac_Msd_Results,IM,Men,400,400_IM,8,240.38,240.505,2.6781243436405258,0.011141211180799259,-1.153156298859366,0.950636628363374,1.9050000000000011,0.007920833246710052,5.550000000000011,1.3928571428571428,5.550000000000011,1,0.12501593200922356,0.02369567073691406,0.01904400233478901,2.4099999999999966,0.010289471437110394,0.8559891178672256,0.043391599696831776,0.008761447569012306,235.07,middle,im
2015,2015_Nescac_Msd_Results,Freestyle,Men,500,500_Freestyle,8,274.06624999999997,275.37,3.150713956788199,0.01149617640547933,-0.9379041641817358,-0.4495245528737257,3.8250000000000455,0.013890402004575827,3.0,1.3699999999999963,3.0,1,0.12501688691819965,0.011208249271463796,0.024304007529598114,3.7100000000000364,0.013860868265710364,0.6575251859840356,0.03570660145226871,0.012999909077602194,265.93,distance,free
2015,2015_Nescac_Msd_Results,Backstroke,Men,50,50_Backstroke,8,23.310000000000002,23.56,0.48020828814171823,0.02060095616223587,-0.8512066843992896,-0.7460964797139016,0.6649999999999991,0.028225806451612868,0.46999999999999886,0.1999999999999998,0.41000000000000014,3,0.12505499884193635,0.018328118015198933,0.04341085271317831,0.6600000000000001,0.029503799731783645,0.34729735972764114,0.03529421444472762,0.023025985762390438,22.48,sprint,back
2015,2015_Nescac_Msd_Results,Breaststroke,Men,50,50_Breaststroke,8,25.95,25.939999999999998,0.23643180835073752,0.009111052344922448,-0.3666429111899747,-0.8399758705329456,0.3500000000000014,0.013492675404780318,0.259999999999998,0.10857142857142829,0.259999999999998,1,0.12501044877507983,0.010192081536652214,0.01612064482579292,0.3500000000000014,0.013720109760878141,0.6203691962904453,0.04849899252322462,0.017854628812872572,25.42,sprint,breast
2015,2015_Nescac_Msd_Results,Butterfly,Men,50,50_Butterfly,8,22.81125,22.805,0.3627822177284874,0.015903653580075068,-0.13786815877408562,-1.5831543257128313,0.6624999999999979,0.029050646787985,0.39000000000000057,0.1385714285714284,0.21000000000000085,4,0.12503176461376586,0.00943820224719105,0.027212405874897528,0.6699999999999982,0.030112359550561716,0.23689684377473993,0.040661346835400056,0.023306486488107785,22.35,sprint,fly
2015,2015_Nescac_Msd_Results,Freestyle,Men,50,50_Freestyle,8,20.955,20.97,0.14585952145814784,0.006960607084616934,-0.4074876778878955,-1.0024482153435534,0.17250000000000298,0.00822603719599442,0.16999999999999815,0.06428571428571418,0.05000000000000071,2,0.12500609149500444,0.0024142926122646406,0.014146772767462406,0.16000000000000014,0.007725736359246747,0.5671963706587104,0.03391041850300672,0.011441183660875223,20.63,sprint,free
2016,2016_Nescac_Msd_Results,Backstroke,Men,100,100_Backstroke,8,49.92375,49.845,0.8352984122455878,0.01673148375764216,0.10264187784676337,-1.1340544196781066,1.1599999999999966,0.023272143645300364,0.6699999999999946,0.36571428571428605,0.5100000000000051,6,0.1250348981198912,0.010489510489510596,0.028610400682011938,1.5899999999999963,0.032702591526120865,0.7903939362501723,0.028826520885017845,0.01434634385825379,47.93,sprint,back
2016,2016_Nescac_Msd_Results,Breaststroke,Men,100,100_Breaststroke,8,56.901250000000005,57.25,0.6026698412066086,0.01059150442576584,-0.5157644478290533,-1.6025221567722938,1.1299999999999955,0.019737991266375467,0.9200000000000017,0.20714285714285655,0.030000000000001137,3,0.12501417759298306,0.0005354274495806021,0.02037053558152673,1.1400000000000006,0.02034624308406212,0.37997110015094987,0.03529454850718144,0.019327654300880518,55.5,sprint,breast
2016,2016_Nescac_Msd_Results,Butterfly,Men,100,100_Butterfly,8,49.77875,49.715,0.6099064989816053,0.012252346613396385,0.22338603938059418,-1.3303845114148767,0.8825000000000003,0.017751181735894603,0.5899999999999963,0.2585714285714279,0.3399999999999963,4,0.12501866790010127,0.006950122649223146,0.01870713655191123,1.240000000000002,0.0253475061324612,0.5896234660526509,0.044869703266094504,0.016280627996515813,49.29,sprint,fly
2016,2016_Nescac_Msd_Results,Freestyle,Men,100,100_Freestyle,8,46.113749999999996,46.3,0.39575679084508486,0.008582186242608439,-0.7670622450488669,-1.0231145616625872,0.552500000000002,0.011933045356371534,0.4099999999999966,0.15714285714285733,0.15000000000000568,2,0.12500932997159597,0.003303237172429106,0.018430984573668926,0.480000000000004,0.010570358951772826,0.16675196724340727,0.029164987082935988,0.013049650643592344,45.27,sprint,free
2016,2016_Nescac_Msd_Results,Backstroke,Men,200,200_Backstroke,8,108.91,108.685,1.3128689957493835,0.012054623044251065,0.7612495922895942,-0.2510617564102642,1.2775000000000034,0.011754151906886907,1.6000000000000085,0.6199999999999984,0.29999999999998295,7,0.12501784439804847,0.002796681271557592,0.018494383417116463,1.7299999999999898,0.016127528665982938,0.744621914933939,0.037545415552800346,0.011530085779245696,107.3,short,back
2016,2016_Nescac_Msd_Results,Breaststroke,Men,200,200_Breaststroke,8,125.18625,125.375,0.8593156797708273,0.006864297634690929,-0.5877182548489319,-0.91962673801623,0.9274999999999949,0.007397806580259182,1.0600000000000023,0.37571428571428506,0.35999999999999943,2,0.1250059382520141,0.0029109727500606407,0.014385681604090967,0.8799999999999955,0.007115711166814874,-0.2325275564624823,0.0440324537367248,0.024629177539249814,124.01,short,breast
2016,2016_Nescac_Msd_Results,Butterfly,Men,200,200_Butterfly,8,111.26249999999999,111.295,1.0241429343602344,0.009204744944255562,-0.057834920616017256,-1.3439026034274775,1.6425000000000125,0.014758075385237544,0.6099999999999852,0.41714285714285537,0.21999999999999886,2,0.12501060396160052,0.002004190580304262,0.016775876713990764,1.9099999999999966,0.017400018219914333,0.6703637768076239,0.028294646013695544,0.012797347143821611,109.68,short,fly
2016,2016_Nescac_Msd_Results,Freestyle,Men,200,200_Freestyle,8,101.9775,102.105,0.5819310526170614,0.005706465177289709,-1.394279451080692,1.0192590426321937,0.5474999999999994,0.00536212722197737,1.1300000000000097,0.2742857142857145,1.1300000000000097,1,0.1250041364597042,0.011231487923665736,0.010575735112428892,0.6100000000000136,0.006063015604810791,0.2482049247423787,0.027284798263481992,0.01155363277696881,99.7,short,free
2016,2016_Nescac_Msd_Results,IM,Men,200,200_IM,8,112.35125,112.495,1.0722807176761138,0.009544003450572325,-0.1805300799196152,-0.7232009681893321,1.072499999999991,0.009533757055869068,1.1299999999999955,0.510000000000001,0.4300000000000068,2,0.12501142920858996,0.003888939133580599,0.018850325705947,1.0,0.009044044496698924,-0.4991262636157798,0.03232995385179493,0.014549770521868203,110.99,short,im
2016,2016_Nescac_Msd_Results,IM,Men,400,400_IM,8,242.7125,243.47,2.178805578751807,0.008976898918480948,-1.2945042290829247,0.5477898888406418,1.6099999999999852,0.006612724360290735,3.1299999999999955,1.0371428571428558,3.1299999999999955,1,0.1250103135449311,0.013163428379174008,0.018759531220622988,1.1100000000000136,0.004668180671208738,0.4962325568257661,0.03924791906446223,0.013131937844040601,237.82,middle,im
2016,2016_Nescac_Msd_Results,Freestyle,Men,500,500_Freestyle,8,276.7025,276.895,0.9151741637524574,0.003307430051237186,-1.6682159311241274,1.7554813045807567,0.5849999999999795,0.0021127142057457866,2.160000000000025,0.4442857142857162,2.160000000000025,1,0.1250013826459072,0.007870286026598743,0.005673913306476002,0.8600000000000136,0.00313353980688655,0.6425809148735249,0.03944621294461047,0.007811039882631908,273.75,distance,free
2016,2016_Nescac_Msd_Results,Backstroke,Men,50,50_Backstroke,8,23.076249999999998,23.075000000000003,0.6063195836355612,0.026274614967144193,-0.6733933772378339,-0.3268091495350127,0.740000000000002,0.032069339111592716,0.8099999999999987,0.2828571428571429,0.8099999999999987,1,0.1250896640180458,0.03708791208791203,0.04982393047126716,0.8200000000000003,0.03754578754578756,0.9026149895832564,0.05845819569840852,0.021178525132820755,22.33,sprint,back
2016,2016_Nescac_Msd_Results,Breaststroke,Men,50,50_Breaststroke,8,25.85125,26.055,0.3974429990577268,0.015374227515409383,-1.686300414820995,1.55369338729684,0.3374999999999986,0.012953367875647614,0.8200000000000003,0.17857142857142858,0.8200000000000003,1,0.1250311556383758,0.032958199356913194,0.02959008830894944,0.33999999999999986,0.013665594855305462,0.07302334116349593,0.048332456887942445,0.022658032150157974,25.17,sprint,breast
2016,2016_Nescac_Msd_Results,Butterfly,Men,50,50_Butterfly,8,22.70625,22.785,0.4851272384643027,0.02136536145177221,-0.8658118871542647,-0.40263509618513726,0.5924999999999976,0.026003949967083502,0.4800000000000004,0.21285714285714313,0.4800000000000004,1,0.12505930142641747,0.022099447513812175,0.045309653916211175,0.5,0.02302025782688766,0.6554336180483618,0.04438737049449077,0.017179587380059928,21.93,sprint,fly
2016,2016_Nescac_Msd_Results,Freestyle,Men,50,50_Freestyle,8,20.93625,20.945,0.10258380720172194,0.004899817646508899,-0.5381335290372781,0.518981420396416,0.0625,0.002984005729291,0.17999999999999972,0.05571428571428579,0.17999999999999972,1,0.12500301740046293,0.008687258687258673,0.008089059746916701,0.08999999999999986,0.004343629343629337,0.12973613988655505,0.032369634640411794,0.010370779577400053,20.73,sprint,free
2017,2017_Nescac_Msd_Results,Backstroke,Men,100,100_Backstroke,8,50.27375,50.120000000000005,0.4443517047339843,0.008838642526845209,0.40138377248652096,-1.5162023324333103,0.894999999999996,0.017857142857142776,0.5499999999999972,0.16714285714285637,0.030000000000001137,5,0.1250096970089382,0.0006022886970488082,0.012008697106539613,0.9099999999999966,0.018269423810479753,0.49029393417506806,0.04848829758630784,0.015702746636900338,49.47,sprint,back
2017,2017_Nescac_Msd_Results,Breaststroke,Men,100,100_Breaststroke,8,56.82125,56.81,0.4769024402328009,0.008393029724492173,-0.35363802939713057,-0.9641532908648549,0.6824999999999974,0.01201372997711666,0.3999999999999986,0.21428571428571427,0.3999999999999986,1,0.1250088595893632,0.0071479628305932555,0.015699192782526135,0.6499999999999986,0.011615439599714056,0.1461447489684023,0.031633712795725244,0.013859966740559332,55.23,sprint,breast
2017,2017_Nescac_Msd_Results,Butterfly,Men,100,100_Butterfly,8,49.625,49.42,0.7707788269017247,0.015532067040840801,-0.14861366488955358,-1.0668586741316903,1.2425000000000068,0.025141643059490223,1.0100000000000051,0.3357142857142849,0.8099999999999952,5,0.1250303156843399,0.01678060907395888,0.02602294127717855,1.2199999999999989,0.025274497617567823,0.9226620865447358,0.037528155629318743,0.012698068541500853,47.76,sprint,fly
2017,2017_Nescac_Msd_Results,Freestyle,Men,100,100_Freestyle,8,45.572500000000005,45.65,0.2923076290485757,0.006414123189392192,-0.13741643942654333,-1.4002018050218463,0.5249999999999986,0.011500547645125928,0.3499999999999943,0.12285714285714278,0.10000000000000142,3,0.125005152067432,0.0022148394241417813,0.010988200589970411,0.5499999999999972,0.012181616832779562,0.7700643227078205,0.027390559948052097,0.0068340286407330775,44.83,sprint,free
2017,2017_Nescac_Msd_Results,Backstroke,Men,200,200_Backstroke,8,109.46625,109.98500000000001,1.4591173487763074,0.01332938096240903,-0.727945412475873,-0.7991687169186013,2.125,0.019320816474973856,1.289999999999992,0.6171428571428562,1.289999999999992,1,0.12502265463703646,0.012095639943741134,0.026981686005871756,2.160000000000011,0.020253164556962126,0.6982432496744773,0.04149087196166431,0.01994272669325294,105.88,short,back
2017,2017_Nescac_Msd_Results,Breaststroke,Men,200,200_Breaststroke,8,124.78125,125.255,1.2833397591830473,0.010284716327036692,-2.0567763442279374,2.5929548981627892,0.43249999999999034,0.003452955969821487,3.180000000000007,0.6042857142857149,3.180000000000007,1,0.12501380117144859,0.026179303531736288,0.018649439297903476,0.3299999999999983,0.0027167201778216703,0.5837755916552196,0.0391304478739849,0.010938885790399479,120.36,short,breast
2017,2017_Nescac_Msd_Results,Butterfly,Men,200,200_Butterfly,8,111.34125,111.105,0.8764193844843902,0.007871470676720354,0.7486845722675596,-0.7258504276750535,0.789999999999992,0.007110391071508861,1.269999999999996,0.3914285714285707,0.46999999999999886,6,0.12500765553565624,0.004264585790763078,0.010819865091221813,1.7000000000000028,0.015425097541058004,0.7965132801268201,0.03555564573056177,0.008453268182561792,109.39,short,fly
2017,2017_Nescac_Msd_Results,Freestyle,Men,200,200_Freestyle,8,101.26625,101.28999999999999,0.6443395358815133,0.006362826073657445,-0.48107861915680683,-0.2369995452773983,0.44249999999999545,0.004368644486128892,0.8100000000000023,0.3085714285714301,0.8100000000000023,1,0.12500509277075544,0.008101620324064836,0.011704935996413922,0.8799999999999955,0.00880176035207037,0.626460230992018,0.02421513026395474,0.007894814274666272,98.34,short,free
2017,2017_Nescac_Msd_Results,IM,Men,200,200_IM,8,112.26375,112.07000000000001,1.446287812815968,0.012882945855772392,0.12655700742086515,-1.2431494198443778,2.227499999999992,0.019875970375657998,1.0100000000000051,0.6285714285714273,0.38999999999998636,7,0.12502068640380012,0.0035386988476543537,0.022447654846549873,2.109999999999985,0.019145268124489474,0.6328090438449627,0.04075282557455402,0.021359279557383044,109.73,short,im
2017,2017_Nescac_Msd_Results,IM,Men,400,400_IM,8,243.49,243.055,2.6831651085984287,0.01101961110763657,0.2632025455804261,-0.9770112226800589,2.4424999999999955,0.010049165826664729,3.559999999999974,1.142857142857147,0.8600000000000136,6,0.12501509656350085,0.003589615159863151,0.019332527811341257,4.489999999999981,0.018741130311378165,0.5043664844195237,0.03586769054689215,0.023448102404592747,236.61,middle,im
2017,2017_Nescac_Msd_Results,Freestyle,Men,500,500_Freestyle,8,276.03625,276.24,1.1994158734567373,0.0043451389933631445,-0.4610655316267593,-0.5423975241384569,1.42999999999995,0.005176657978569179,1.5200000000000387,0.5528571428571435,1.5200000000000387,1,0.1250023696814337,0.005553322859961415,0.007608603247470797,2.2199999999999704,0.008110774177048594,-0.011637927188213973,0.031854923720811945,0.012750348365936122,273.15,distance,free
2017,2017_Nescac_Msd_Results,Backstroke,Men,50,50_Backstroke,8,23.18625,23.08,0.5516778385072214,0.023793318820733038,-0.2663209824930471,-0.9435077199606838,0.875,0.03791161178509533,0.620000000000001,0.23857142857142882,0.620000000000001,1,0.1250717942130011,0.027953110910730432,0.041277604861419785,0.9199999999999982,0.04147880973850308,0.820888293551549,0.040828199881840097,0.022000372374770538,21.91,sprint,back
2017,2017_Nescac_Msd_Results,Breaststroke,Men,50,50_Breaststroke,8,25.869999999999997,25.82,0.3315116890850148,0.012814522191148623,-0.22600992430441613,-0.7645750417494352,0.442499999999999,0.017137877614252478,0.41999999999999815,0.1528571428571424,0.41999999999999815,1,0.1250206580999149,0.016627078384798027,0.02093966758277705,0.5899999999999999,0.023357086302454467,0.7750039646447966,0.05042712138098468,0.01172669143388886,24.95,sprint,breast
2017,2017_Nescac_Msd_Results,Butterfly,Men,50,50_Butterfly,8,22.51375,22.545,0.20724004801196128,0.009205043496172838,-0.6847092146436052,-0.5312827760635956,0.29499999999999815,0.01308494122865372,0.23999999999999844,0.0942857142857143,0.23999999999999844,1,0.12501072914494848,0.010859728506787259,0.017626762676267584,0.28999999999999915,0.013122171945701318,0.6457098053423569,0.059908749160938315,0.01906390148761748,22.06,sprint,fly
2017,2017_Nescac_Msd_Results,Freestyle,Men,50,50_Freestyle,8,20.817500000000003,20.9,0.184373940674923,0.008856680229370624,-0.5288390345888083,-1.3902171473678442,0.3049999999999997,0.014593301435406686,0.1700000000000017,0.06571428571428584,0.0,2,0.12500989837103235,0.0,0.01801363193768262,0.2699999999999996,0.01314508276533591,0.3635602719646882,0.026796375956898443,0.014871272536109622,20.48,sprint,free
2018,2018_Nescac_Msd_Results,Backstroke,Men,100,100_Backstroke,8,50.582499999999996,50.55,0.9042780269364078,0.017877290108958787,-0.20406877629049547,-0.7947420591086076,1.1300000000000026,0.022354104846686502,1.0700000000000003,0.4200000000000007,1.0700000000000003,1,0.1250402883019511,0.021863506334286888,0.029846723934647417,1.6300000000000026,0.03330608908868007,0.927768247590528,0.028623605440958794,0.01741686940252257,48.22,sprint,back
2018,2018_Nescac_Msd_Results,Breaststroke,Men,100,100_Breaststroke,8,56.66375,56.644999999999996,0.2781608123010871,0.004908972884800019,0.030625089934472178,-1.7833312829605823,0.5049999999999955,0.008915173448671472,0.4100000000000037,0.105714285714286,0.10999999999999943,4,0.125003011393265,0.001953818827708693,0.007304882737408854,0.509999999999998,0.009058614564831226,0.7496771380965105,0.03778780796368185,0.01780752765583176,55.38,sprint,breast
2018,2018_Nescac_Msd_Results,Butterfly,Men,100,100_Butterfly,8,49.535,49.54,0.45670012042914937,0.009219746046818399,0.5628057224216975,-0.5400900435537794,0.6950000000000003,0.014029067420266458,0.6400000000000006,0.20857142857142869,0.0800000000000054,7,0.1250105190808427,0.0016333197223357577,0.014007887936896666,0.6799999999999997,0.013883217639852997,-0.0919194127419141,0.03361966087952559,0.023328312138709003,48.73,sprint,fly
2018,2018_Nescac_Msd_Results,Freestyle,Men,100,100_Freestyle,8,45.756249999999994,45.955,0.6635498756687387,0.01450184129312911,-1.042542588008441,0.08622934809679128,0.802500000000002,0.017462735284517507,1.0399999999999991,0.29857142857142804,1.0399999999999991,1,0.12502711869162983,0.02347099977431729,0.027548516618335923,0.8000000000000043,0.01805461521101341,0.9538845821111097,0.028379118797348293,0.004439502726954151,44.47,sprint,free
2018,2018_Nescac_Msd_Results,Backstroke,Men,200,200_Backstroke,8,109.69624999999999,109.625,1.2748915395044416,0.011622015697933537,0.5483119954390299,-0.6783120632754915,1.7424999999999926,0.015895096921322623,1.2600000000000051,0.5842857142857147,0.4199999999999875,7,0.12501667758754084,0.003886729594669512,0.0175641144053447,2.280000000000001,0.02109938922820656,0.5683753005123059,0.04298940244019253,0.02044457319333964,106.88,short,back
2018,2018_Nescac_Msd_Results,Breaststroke,Men,200,200_Breaststroke,8,124.00625,124.375,1.703811444233193,0.013739722346520383,-1.271055378370223,0.7214397041409741,1.8200000000000074,0.014633165829145789,3.1700000000000017,0.788571428571428,3.1700000000000017,1,0.125024459414873,0.0263968690149055,0.025546195466063973,2.0400000000000063,0.01698725955533355,0.5714857522158313,0.04763718120750955,0.016550491784758686,120.6,short,breast
2018,2018_Nescac_Msd_Results,Butterfly,Men,200,200_Butterfly,8,111.10375,111.225,1.2419534763830724,0.011178321851270297,-0.361335323285382,-1.0415846012475887,1.5349999999999966,0.013800854124522335,1.1400000000000148,0.5371428571428558,0.6299999999999955,2,0.12501575121459207,0.0057814077268972695,0.022189687514297715,1.789999999999992,0.016426539414517684,0.6791377260787238,0.037577766959358175,0.011045350468121934,108.68,short,fly
2018,2018_Nescac_Msd_Results,Freestyle,Men,200,200_Freestyle,8,100.2,100.65,1.0217631819555835,0.010197237344866102,-1.0141381780276197,-0.7468634259259255,0.75,0.007451564828614009,2.0500000000000114,0.39428571428571296,0.009999999999990905,2,0.12501327194698128,0.00010156408693876603,0.02349396570693463,0.4099999999999966,0.004164127564493161,0.6049563140334445,0.03715935717503069,0.009456674412206446,97.89,short,free
2018,2018_Nescac_Msd_Results,IM,Men,200,200_IM,8,112.93375,113.14500000000001,1.1650851631962351,0.010316536581812214,-0.20742542314141688,-1.5827857335208166,2.355000000000004,0.02081399973485354,1.240000000000009,0.4399999999999977,0.38999999999998636,3,0.12501336258616255,0.00350593311758348,0.017932726103408705,2.460000000000008,0.022114347357065873,0.5752343781185199,0.04302996267571428,0.014847652832533236,110.07,short,im
2018,2018_Nescac_Msd_Results,IM,Men,400,400_IM,8,241.88875000000002,242.42000000000002,1.5860204719674962,0.006556817842778947,-0.6604737389598975,-1.0391970450945982,1.9749999999999943,0.0081470175728075,2.160000000000025,0.6128571428571418,0.04999999999998295,2,0.12500542119891875,0.0002089078298653921,0.014058028533829127,2.019999999999982,0.008439876326564644,0.5511613097128913,0.03672588611113596,0.014594811235443332,236.65,middle,im
2018,2018_Nescac_Msd_Results,Freestyle,Men,500,500_Freestyle,8,274.17125,274.755,1.9132331111236764,0.006978241194595263,-0.9203972037884656,0.1954774051217414,1.962500000000034,0.007142727156921745,2.9399999999999977,0.9585714285714256,2.9399999999999977,1,0.12500616715304663,0.010887275959117159,0.013068886351638416,2.1200000000000045,0.007850688786846409,0.8229706444794351,0.03691157275326724,0.009068020080467216,269.6,distance,free
2018,2018_Nescac_Msd_Results,Backstroke,Men,50,50_Backstroke,8,23.34375,23.39,0.45249136732096873,0.01938383367372289,0.028658836195331862,-1.1154791310293963,0.6125000000000007,0.02618640444634462,0.31999999999999673,0.197142857142857,0.060000000000002274,2,0.125046960879314,0.002643171806167501,0.03600234638510038,0.7200000000000024,0.03171806167400892,0.9442313724304012,0.036924242467563845,0.012965948962906388,22.24,sprint,back
2018,2018_Nescac_Msd_Results,Breaststroke,Men,50,50_Breaststroke,8,25.863750000000003,25.869999999999997,0.28578564956974273,0.011049660222115613,-1.155912021318223,0.7986185054368531,0.23749999999999716,0.009180517974487715,0.5700000000000003,0.14285714285714285,0.5700000000000003,1,0.12501566781339968,0.0226100753669179,0.019284827090279157,0.3099999999999987,0.012296707655692135,0.8707819945343845,0.03636909147324254,0.00789103135059359,25.07,sprint,breast
2018,2018_Nescac_Msd_Results,Butterfly,Men,50,50_Butterfly,8,22.38125,22.35,0.2552174318106037,0.011403180421585196,0.22154124621965132,-1.365103695302131,0.3825000000000003,0.017114093959731555,0.2799999999999976,0.10857142857142879,0.08999999999999986,4,0.12501617591986136,0.004083484573502716,0.01788544260810503,0.4400000000000013,0.0199637023593467,0.392517121019669,0.046144853847246266,0.016529618791357014,21.7,sprint,fly
2018,2018_Nescac_Msd_Results,Freestyle,Men,50,50_Freestyle,8,20.7125,20.77,0.29655311497268033,0.014317591549676783,-1.4084683129756976,1.1822503296971556,0.23499999999999943,0.011314395763119857,0.6199999999999974,0.14571428571428566,0.6199999999999974,1,0.1250267097507945,0.030984507746126808,0.025754593175853022,0.3099999999999987,0.015492253873063404,0.8393877371966246,0.027242285135191467,0.014005635263379258,19.95,sprint,free
2019,2019_Nescac_Msd_Results,Backstroke,Men,100,100_Backstroke,8,49.7425,49.879999999999995,0.47622867406320657,0.009573878957897302,-1.8669754772559246,2.1993190231459216,0.20750000000000313,0.0041599839615076815,1.1400000000000006,0.23571428571428552,1.1400000000000006,1,0.12501188057975796,0.023485784919653904,0.01717233421570639,0.20000000000000284,0.004120313143798987,0.7422148731425893,0.036931738286183804,0.008216345456081903,48.42,sprint,back
2019,2019_Nescac_Msd_Results,Breaststroke,Men,100,100_Breaststroke,8,56.49375,56.54,0.41285401475582145,0.007307959106198853,-0.3875244845489953,-0.9260516116361481,0.4999999999999929,0.008843296781039846,0.3100000000000023,0.18714285714285747,0.3100000000000023,1,0.1250067147543437,0.005560538116591969,0.014041677846346419,0.5700000000000003,0.010224215246636777,0.009220177975130927,0.04038525621723722,0.018910463430324365,55.64,sprint,breast
2019,2019_Nescac_Msd_Results,Butterfly,Men,100,100_Butterfly,8,49.55375000000001,49.7,0.3667402861699267,0.007400858384480017,-0.3217681672479656,-1.286341479977386,0.5600000000000023,0.011267605633802863,0.3999999999999986,0.1557142857142852,0.0799999999999983,3,0.12500688000112087,0.0016329863237395039,0.014242980488136459,0.5600000000000023,0.011430904266176817,0.15635730100662137,0.03870761082783337,0.012800621341051812,48.95,sprint,fly
2019,2019_Nescac_Msd_Results,Freestyle,Men,100,100_Freestyle,8,45.37875,45.57,0.7124506561860962,0.015700094343411755,-0.9573223701910003,-0.05812997329989544,0.7674999999999912,0.01684222075927126,0.9500000000000028,0.32285714285714256,0.9500000000000028,1,0.12503178370989032,0.021659826721386295,0.031389797376038475,0.9099999999999966,0.020747834017327785,0.9028332065633734,0.026159354988265035,0.00833960030588435,43.78,sprint,free
2019,2019_Nescac_Msd_Results,Backstroke,Men,200,200_Backstroke,8,108.63749999999999,108.92999999999999,1.1890726428608136,0.010945324062693027,-0.2044255333141925,-1.3947211537023851,1.9349999999999739,0.01776370145965275,1.079999999999984,0.4800000000000019,0.4200000000000159,3,0.12501504530148114,0.003931847968545366,0.0200255380111495,2.4099999999999966,0.022561318105223712,0.29369971261215144,0.03359447119321184,0.01987357663646356,106.48,short,back
2019,2019_Nescac_Msd_Results,Breaststroke,Men,200,200_Breaststroke,8,124.01499999999999,124.59,2.013777544814721,0.016238177194812894,-1.1865786759637738,0.4086524311208386,2.427499999999995,0.019483907215667347,3.2099999999999937,0.9214285714285718,3.2099999999999937,1,0.12503429538733768,0.026861924686192418,0.03203831385987375,2.3200000000000074,0.019414225941422655,0.732877277248299,0.04840866106603729,0.01297453323950292,120.17,short,breast
2019,2019_Nescac_Msd_Results,Butterfly,Men,200,200_Butterfly,8,111.01375000000002,111.77000000000001,1.4910393816059986,0.013431123456382641,-1.0418439389589982,-0.1499512325185095,2.0449999999999875,0.018296501744654088,2.1300000000000097,0.6585714285714285,2.1300000000000097,1,0.12502320378568188,0.01975331540387656,0.025942421598787586,2.0799999999999983,0.0192896225540202,0.7866856614223564,0.03488430612374829,0.009498906466680982,108.42,short,fly
2019,2019_Nescac_Msd_Results,Freestyle,Men,200,200_Freestyle,8,100.0025,100.18,0.8005271700573336,0.008005071573783992,-0.9896245482813771,0.04947711914914832,0.6025000000000063,0.006014174485925396,0.9900000000000091,0.3814285714285737,0.9900000000000091,1,0.12500814027080995,0.010072235222301447,0.016432994213021704,0.6899999999999977,0.00702004273069486,0.8173305350564237,0.03383794494854238,0.006733361916402143,97.82,short,free
2019,2019_Nescac_Msd_Results,IM,Men,200,200_IM,8,112.32374999999999,112.46,0.7479795702423965,0.006659139943621866,-0.28454528678560564,-0.8380634384861776,0.8575000000000017,0.0076249333096212145,0.7599999999999909,0.3342857142857148,0.6200000000000045,6,0.12500556488708356,0.0055865921787709915,0.012385060053314266,1.3399999999999892,0.012074247612182279,-0.27794784304538744,0.04804560251092091,0.026982047544101495,111.09,short,im
2019,2019_Nescac_Msd_Results,IM,Men,400,400_IM,8,242.22875000000002,243.23000000000002,2.6402009274863874,0.010899618346238368,-1.3598014991996368,0.7879598963424423,2.817500000000024,0.011583686222916677,4.739999999999981,1.2085714285714257,4.739999999999981,1,0.12501530560040142,0.02007538859006387,0.0209591300458458,2.9399999999999977,0.012451823302697885,0.1701863194909769,0.030486270180346216,0.022700539476550832,233.64,middle,im
2019,2019_Nescac_Msd_Results,Freestyle,Men,500,500_Freestyle,8,272.08125,272.87,2.1939658013515135,0.008063642023665774,-0.7677877801936273,-0.5649358308683277,3.1875,0.011681386740938908,2.730000000000018,0.9685714285714246,2.730000000000018,1,0.1250082307453395,0.010198744769874545,0.015047049130566594,3.8000000000000114,0.014196054991034112,0.6069994694587225,0.03816669593416019,0.008738932071862006,267.49,distance,free
2019,2019_Nescac_Msd_Results,Backstroke,Men,50,50_Backstroke,8,23.05625,23.009999999999998,0.27608592412508115,0.011974450490651392,0.001886095549232958,-0.4212365694616249,0.19000000000000128,0.008257279443720178,0.3999999999999986,0.1328571428571428,0.3999999999999986,1,0.12501793491034968,0.017738359201773773,0.017948717948717864,0.4800000000000004,0.02128603104212862,0.6679541402793868,0.03576080280600009,0.016023490425499505,22.48,sprint,back
2019,2019_Nescac_Msd_Results,Breaststroke,Men,50,50_Breaststroke,8,25.91,25.96,0.17175564037317625,0.006628932472913017,-0.30981145242837327,-1.612990519965525,0.3324999999999996,0.012808166409861309,0.13999999999999702,0.06142857142857139,0.030000000000001137,3,0.12500551568674403,0.0011691348402182828,0.012203829925348884,0.3299999999999983,0.012860483242400557,0.39536879347658366,0.04993813793894035,0.016166059401941192,25.54,sprint,breast
2019,2019_Nescac_Msd_Results,Butterfly,Men,50,50_Butterfly,8,22.47375,22.395000000000003,0.22146881834696228,0.009854555574702143,0.6268264483384964,-0.7584811697433569,0.317499999999999,0.014177271712435765,0.22999999999999687,0.10142857142857105,0.10999999999999943,7,0.12501199338169347,0.004957187922487581,0.013710946280062922,0.3500000000000014,0.01577287066246063,0.6754194656523309,0.042320395080485525,0.009061538395442013,22.05,sprint,fly
2019,2019_Nescac_Msd_Results,Freestyle,Men,50,50_Freestyle,8,20.8375,21.009999999999998,0.49931828526502026,0.023962485195681837,-0.6920716649049063,-0.9338646314629204,0.7550000000000026,0.03593526891956224,0.370000000000001,0.2028571428571431,0.370000000000001,1,0.12507429372217974,0.018592964824120654,0.04995436063397231,0.6999999999999993,0.03517587939698489,0.9041522088498376,0.019336976979750082,0.013139763520298496,19.89,sprint,free
2020,2020_Nescac_Msd_Results,Backstroke,Men,100,100_Backstroke,8,49.775,49.894999999999996,0.651248800382773,0.013083853347720201,-0.8130526422499846,-0.2181648961050775,0.5300000000000011,0.010622306844373207,0.6900000000000048,0.31285714285714356,0.6900000000000048,1,0.1250218737373447,0.014244426094137176,0.02705749718151072,0.5700000000000003,0.011767134599504549,0.33879906334958726,0.02916587013729852,0.01880518888261027,48.63,sprint,back
2020,2020_Nescac_Msd_Results,Breaststroke,Men,100,100_Breaststroke,8,56.18375,56.64,1.138122769080736,0.0202571520961263,-0.4134599973248974,-1.5162168741368194,2.167500000000004,0.03826800847457634,1.3299999999999983,0.43714285714285744,0.6400000000000006,3,0.1250521845806221,0.01177336276674026,0.03666788588149236,2.280000000000001,0.04194260485651216,0.7139186111230342,0.0422406756001493,0.014503683280979519,54.4,sprint,breast
2020,2020_Nescac_Msd_Results,Butterfly,Men,100,100_Butterfly,8,49.629999999999995,49.665,0.6438944012802107,0.012973894847475534,-0.644720709121518,-0.12382874920678422,0.6849999999999952,0.013792409141246253,1.0100000000000051,0.30714285714285794,1.0100000000000051,1,0.12502141267196146,0.020910973084886236,0.022538674316156162,1.0499999999999972,0.021739130434782553,0.5352996801316643,0.04123944492261092,0.01979597282038866,48.42,sprint,fly
2020,2020_Nescac_Msd_Results,Freestyle,Men,100,100_Freestyle,8,45.37875,45.645,0.5336299630830336,0.011759468100884966,-0.5306388400110144,-1.4477755445900018,0.9249999999999972,0.020265089275933772,0.5500000000000043,0.19714285714285648,0.12999999999999545,3,0.1250175053825739,0.002919380193128126,0.023433120304967123,0.8999999999999986,0.020211093644733856,0.7393824186589615,0.018413037424167104,0.01883026593031453,43.87,sprint,free
2020,2020_Nescac_Msd_Results,Backstroke,Men,200,200_Backstroke,8,109.46125,109.685,1.539118558623736,0.014060853120384938,-0.36712871751104403,-1.240711217757805,2.5100000000000193,0.022883712449286768,0.9799999999999898,0.6314285714285717,0.7400000000000091,2,0.12502497991926692,0.006923652694610864,0.0274902874902874,2.5500000000000114,0.023858532934131843,0.8870807310188155,0.03337536039524312,0.010256514373667116,107.63,short,back
2020,2020_Nescac_Msd_Results,Breaststroke,Men,200,200_Breaststroke,8,123.255,124.195,2.470141696340514,0.02004090459892511,-1.0414769213467476,-0.5380371726052346,2.355000000000004,0.0189621160272153,3.739999999999995,1.0071428571428567,1.5400000000000063,2,0.12505239235637824,0.013007855393192045,0.045820745216515676,1.480000000000004,0.012501055832418312,0.6803188161503437,0.04309984081284513,0.02000120696550395,118.07,short,breast
2020,2020_Nescac_Msd_Results,Butterfly,Men,200,200_Butterfly,8,111.4525,111.59,1.9652719277494386,0.01763326913034197,-0.4117002467246655,-1.0151093874127821,2.1474999999999937,0.019244555963795984,2.5,0.8242857142857137,0.6099999999999994,2,0.1250394671350052,0.00563927151705648,0.03659829453791182,2.519999999999996,0.023296662660626754,0.803425082907345,0.03655578904693818,0.014695377267957076,108.6,short,fly
2020,2020_Nescac_Msd_Results,Freestyle,Men,200,200_Freestyle,8,100.12875000000001,100.41,1.0636545198042475,0.010622868255163951,-1.026617876342362,0.06690980091021448,1.1999999999999886,0.011951000896324955,1.4500000000000028,0.4871428571428587,1.4500000000000028,1,0.12501442344814984,0.01482162935704797,0.021290988111545263,1.3100000000000023,0.01339057548809161,0.5578837616136036,0.02390351101929166,0.011210489694520537,98.13,short,free
2020,2020_Nescac_Msd_Results,IM,Men,200,200_IM,8,111.955,112.07,0.9189124006128147,0.008207872811511899,-0.39171383953715055,-1.0871029679316873,1.3725000000000165,0.01224681002944603,0.6499999999999915,0.39285714285714285,0.6499999999999915,1,0.12500847686907623,0.005891416659113491,0.015664301959543936,1.5100000000000193,0.013686214085017849,0.47288031397572816,0.036162516055458865,0.014357277174089,110.65,short,im
2020,2020_Nescac_Msd_Results,IM,Men,400,400_IM,8,242.815,243.555,1.270413318569988,0.005232021574326083,-0.9718461456696994,-0.5759932105420518,1.6924999999999955,0.006949149062839997,1.2099999999999795,0.5142857142857176,1.1200000000000045,3,0.12500345695821108,0.004661616582036146,0.011045594219749294,1.4699999999999989,0.006118371763922413,-0.45764739342661515,0.02669231232703597,0.009811295913142679,240.78,middle,im
2020,2020_Nescac_Msd_Results,Freestyle,Men,500,500_Freestyle,8,274.10125000000005,274.265,1.7698759666993595,0.006457015306202942,0.17825890915858927,-1.0610115940520628,2.5625,0.009343153519406414,1.5299999999999727,0.7814285714285673,0.3499999999999659,3,0.12500520024167977,0.0012883277505796218,0.011066355214674792,3.1200000000000045,0.011484521662310909,0.13642821446136183,0.021026755419659045,0.01028965229746968,269.27,distance,free
2020,2020_Nescac_Msd_Results,Backstroke,Men,50,50_Backstroke,8,23.057499999999997,23.1,0.29545515734202427,0.012813841801670792,-0.36158507708626786,-1.052098896144601,0.3725000000000023,0.016125541125541223,0.28000000000000114,0.12428571428571443,0.120000000000001,2,0.12502072420632557,0.005319148936170257,0.025788387857353483,0.46000000000000085,0.020390070921985855,0.306344301865056,0.028363950664239482,0.017833245415631332,22.6,sprint,back
2020,2020_Nescac_Msd_Results,Breaststroke,Men,50,50_Breaststroke,8,25.7925,26.125,0.547967836647371,0.021245239377624157,-0.7065133987111369,-1.2665693133627514,0.845000000000006,0.03234449760765573,0.610000000000003,0.19857142857142815,0.029999999999997584,3,0.1250581714991202,0.001203852327447736,0.04585254996323765,0.740000000000002,0.029695024077046626,0.9424348899565798,0.041931240627756515,0.007354863838096426,24.96,sprint,breast
2020,2020_Nescac_Msd_Results,Butterfly,Men,50,50_Butterfly,8,22.4225,22.424999999999997,0.3174015595424828,0.014155493791614798,-0.6764195853799322,-0.23795219684899394,0.37000000000000455,0.016499442586399314,0.46999999999999886,0.15285714285714289,0.46999999999999886,1,0.12502555421247982,0.021589343132751442,0.025297280921002883,0.4200000000000017,0.019292604501607795,0.5717271214805302,0.04980816246305289,0.01501511499746565,22.0,sprint,fly
2020,2020_Nescac_Msd_Results,Freestyle,Men,50,50_Freestyle,8,20.475,20.619999999999997,0.29970819141291394,0.014637762706369422,-1.4091078995252597,0.783210604719013,0.28000000000000114,0.0135790494665374,0.48999999999999844,0.13714285714285676,0.48999999999999844,1,0.1250279376996867,0.024772497472194056,0.029962546816479474,0.240000000000002,0.012133468149646207,0.979119833803334,0.019234381242901215,0.011388618252156823,19.96,sprint,free
2022,2022_Nescac_Msd_Results,Backstroke,Men,100,100_Backstroke,8,49.0,48.985,0.6566772418776224,0.013401576364849437,-0.3014639568081706,-0.34507141060649227,0.5174999999999983,0.010564458507706405,0.8500000000000014,0.3200000000000003,0.8500000000000014,1,0.1250226520530032,0.017808506180599235,0.023396670473817303,0.980000000000004,0.02053216006704387,0.0565091999604922,0.03003739668476942,0.022310314392919153,48.3,sprint,back
2022,2022_Nescac_Msd_Results,Breaststroke,Men,100,100_Breaststroke,8,55.5975,56.120000000000005,1.1378021576706558,0.020464987772303718,-0.7921116531181327,-0.9175918277587769,1.6649999999999991,0.029668567355666413,1.0,0.45999999999999985,0.7000000000000028,3,0.12505412318635312,0.013091453151299847,0.04403567447045703,1.4600000000000009,0.0273050308584253,0.8092670944378666,0.024725215412789533,0.012774116552612387,53.77,sprint,breast
2022,2022_Nescac_Msd_Results,Butterfly,Men,100,100_Butterfly,8,48.92875,49.045,0.6063298916431548,0.012392098544171979,-1.6951965501021815,1.8488409105369241,0.2849999999999895,0.005810989907227841,1.3599999999999994,0.30571428571428577,1.3599999999999994,1,0.12502003723514127,0.028673835125448018,0.022691055220674734,0.27999999999999403,0.005903436643474468,0.44032584829346866,0.02395334091639572,0.016713979346812007,47.16,sprint,fly
2022,2022_Nescac_Msd_Results,Freestyle,Men,100,100_Freestyle,8,44.911249999999995,45.040000000000006,0.43616044926150743,0.009711607876901833,-0.5870768997715982,-1.0822748947446792,0.6599999999999966,0.014653641207815198,0.3500000000000014,0.18142857142857086,0.21999999999999886,2,0.12501192695546828,0.004984141368373332,0.019924670433145032,0.6099999999999994,0.013819664703217023,0.5913758141770642,0.024371430845010814,0.011333810989895447,44.28,sprint,free
2022,2022_Nescac_Msd_Results,Backstroke,Men,200,200_Backstroke,8,108.2425,108.1,1.0365779034881997,0.009576440894179269,0.008271961194236808,-1.2589531265524216,1.4849999999999852,0.013737280296022066,1.0300000000000011,0.41714285714285537,0.030000000000001137,2,0.12501146405092958,0.0002808725774740299,0.01769248771355007,1.6699999999999875,0.015635240146053622,0.4976977948138803,0.04244256032898776,0.017841826381263425,106.52,short,back
2022,2022_Nescac_Msd_Results,Breaststroke,Men,200,200_Breaststroke,8,122.86875,123.725,2.44619315212434,0.019908993557144025,-2.03675615673349,2.5518141588289227,1.2475000000000023,0.010082845019195817,6.290000000000006,1.1214285714285726,6.290000000000006,1,0.12505384894918073,0.05395899459552206,0.03512508875245373,1.3500000000000085,0.011581024277258373,0.4662718930472764,0.03502631258979156,0.019751389350859988,116.67,short,breast
2022,2022_Nescac_Msd_Results,Butterfly,Men,200,200_Butterfly,8,110.13,110.18,0.9719439284238541,0.008825423848396024,-0.6868548018918876,-0.3299204200836523,1.2175000000000011,0.011050099836630977,1.259999999999991,0.46142857142856997,1.259999999999991,1,0.12500985791576527,0.01165048543689312,0.016547159404302236,1.1899999999999977,0.011003236245954671,-0.368406652272549,0.04020309054592025,0.020893091394071566,107.66,short,fly
2022,2022_Nescac_Msd_Results,Freestyle,Men,200,200_Freestyle,8,99.38125,99.675,1.436953700541531,0.0144590020807902,-1.4538976894691114,1.3959366322477882,0.980000000000004,0.00983195385001258,3.0900000000000034,0.7371428571428567,3.0900000000000034,1,0.12502728940126626,0.03220762976860542,0.02593561402608951,1.009999999999991,0.010527412966437262,0.7834025896981072,0.024699378983935462,0.008857026737175379,95.52,short,free
2022,2022_Nescac_Msd_Results,IM,Men,200,200_IM,8,110.4175,110.21,1.2572763220549437,0.011386567546402913,0.13510393607799842,-1.354671590179423,2.0049999999999955,0.01819254151165952,1.039999999999992,0.5428571428571445,0.6000000000000085,4,0.12501616092645235,0.005524861878453117,0.018579736761554878,2.0700000000000074,0.019060773480663054,0.049640287779588274,0.051407625310696314,0.022458700776038048,108.62,short,im
2022,2022_Nescac_Msd_Results,IM,Men,400,400_IM,8,242.04125,242.72,2.099782354792989,0.00867530784439838,-0.28991311973893685,-1.6598780740934689,4.049999999999983,0.016685893210283385,1.9599999999999795,0.7642857142857135,0.6200000000000045,4,0.12500945567212618,0.00259479367205158,0.015555555555555545,3.9499999999999886,0.01653134678161877,0.08843388512801352,0.0258649502168004,0.022330793788159626,237.66,middle,im
2022,2022_Nescac_Msd_Results,Freestyle,Men,500,500_Freestyle,8,270.07875,270.195,2.039432748952511,0.007551252177198357,-0.16287095517173295,-0.9216342647008293,2.462500000000034,0.009113788190011044,1.410000000000025,0.9557142857142854,1.3100000000000023,7,0.1250071465274853,0.004913544128127235,0.014037253911535773,2.6100000000000136,0.009789580285810786,0.3555123461858843,0.043044508348746895,0.011561609794690076,266.07,distance,free
2022,2022_Nescac_Msd_Results,Backstroke,Men,50,50_Backstroke,8,22.752499999999998,22.855,0.3324060017508712,0.014609647368459345,-0.9349402147856447,-0.3116843009881687,0.42499999999999716,0.018595493327499327,0.39000000000000057,0.1414285714285717,0.39000000000000057,1,0.1250274389244858,0.01767905711695379,0.029806036096757475,0.36999999999999744,0.01677243880326371,0.6013784437203976,0.01991853861643244,0.01691809811941271,22.02,sprint,back
2022,2022_Nescac_Msd_Results,Breaststroke,Men,50,50_Breaststroke,8,25.61625,25.695,0.22521864376645145,0.00879202239853419,-1.1446813286319373,0.21242922743326442,0.259999999999998,0.010118700136213193,0.3200000000000003,0.10285714285714269,0.3200000000000003,1,0.12500986201039888,0.012738853503184724,0.01773470464135024,0.23000000000000043,0.00915605095541403,0.48573068220232546,0.028037885443830107,0.016019327853309003,25.06,sprint,breast
2022,2022_Nescac_Msd_Results,Butterfly,Men,50,50_Butterfly,8,22.14125,22.225,0.3694738657875544,0.016687127681930987,-0.5389381278461587,-1.074777316349664,0.5949999999999989,0.026771653543307034,0.2699999999999996,0.15142857142857125,0.23000000000000043,3,0.12503546122481934,0.010707635009311007,0.03372694296519265,0.5800000000000018,0.02700186219739301,0.8695256476011616,0.03149148494538584,0.013180894030014248,21.58,sprint,fly
2022,2022_Nescac_Msd_Results,Freestyle,Men,50,50_Freestyle,8,20.48125,20.54,0.24261273152907673,0.011845601783537467,-0.32379004197489286,-1.10485198246968,0.3774999999999977,0.01837877312560846,0.21999999999999886,0.10857142857142879,0.20000000000000284,3,0.12501768102192223,0.00997008973080772,0.021246693121693184,0.4399999999999977,0.021934197407776558,0.6616641357604606,0.023442381457176066,0.01100000143399487,20.01,sprint,free
2023,2023_Nescac_Msd_Results,Backstroke,Men,100,100_Backstroke,8,49.01875,49.015,0.8449620923449763,0.017237528340583477,0.013356758061482045,-1.3789906139466215,1.2849999999999966,0.02621646434764861,0.6099999999999994,0.3428571428571437,0.060000000000002274,4,0.1250371449561443,0.0012533946104032229,0.03114126652748798,1.4599999999999937,0.0304992688531438,0.6144879167500146,0.0198863626396623,0.015089644219063851,46.82,sprint,back
2023,2023_Nescac_Msd_Results,Breaststroke,Men,100,100_Breaststroke,8,55.49125000000001,55.67,0.6078946763214819,0.010954784336656352,-1.008223007518386,-0.4722258648497917,0.5550000000000068,0.009969462906412912,0.8900000000000006,0.2614285714285712,0.4299999999999997,2,0.12501534070307038,0.007921886514369928,0.02437532495335976,0.36999999999999744,0.006816507000736873,0.7696046010314774,0.019394473173793524,0.016621477695652795,53.66,sprint,breast
2023,2023_Nescac_Msd_Results,Butterfly,Men,100,100_Butterfly,8,48.92,48.85,0.5322123636294062,0.010879238831345178,0.005482617905595783,-1.50604331734556,0.8800000000000026,0.018014329580348057,0.480000000000004,0.21714285714285658,0.21999999999999886,4,0.12501479556861045,0.0045700041545492075,0.018514680483592498,0.9099999999999966,0.018903199002908114,0.617296339797641,0.027749053276247444,0.023728253666423622,47.33,sprint,fly
2023,2023_Nescac_Msd_Results,Freestyle,Men,100,100_Freestyle,8,45.23125,45.305,0.3991690587958926,0.00882507246197911,-0.18794835368583326,-1.665152111596406,0.8249999999999957,0.018209910605893297,0.36999999999999744,0.14571428571428516,0.11999999999999744,3,0.1250097682982725,0.002686366689052998,0.014941500856993726,0.8499999999999943,0.019028430714125685,0.4422465643196387,0.017220328305982066,0.017019096146029547,44.48,sprint,free
2023,2023_Nescac_Msd_Results,Backstroke,Men,200,200_Backstroke,8,107.9725,108.50999999999999,1.3854218671581566,0.012831247467254687,-1.0977894939702348,0.1990698611752486,1.5474999999999852,0.014261358400147316,2.069999999999993,0.6528571428571419,2.069999999999993,1,0.12502118296084072,0.019727437339178432,0.025259912864310365,1.5999999999999943,0.01524826074525869,0.854034052432513,0.0406909777405246,0.01816230226350344,104.46,short,back
2023,2023_Nescac_Msd_Results,Breaststroke,Men,200,200_Breaststroke,8,122.13125,122.55,0.9411620144799698,0.00770615231138607,-0.3065561476643606,-1.6434401942379349,1.8074999999999903,0.014749082007343864,1.3799999999999955,0.34285714285714164,0.0799999999999983,3,0.12500745864191595,0.000661703887510325,0.013133234110578172,2.049999999999997,0.016956162117452416,0.5596527459695348,0.040998756825917394,0.03210011263016897,117.22,short,breast
2023,2023_Nescac_Msd_Results,Butterfly,Men,200,200_Butterfly,8,110.34875,111.36,1.7992737250068387,0.01630533852904395,-1.0175071606304429,-0.7883753220733656,1.822499999999991,0.016365840517241298,3.049999999999983,0.6714285714285698,0.25,2,0.12503436866333956,0.0023325247247620823,0.037820542689840385,1.0900000000000034,0.01016980779996271,0.8687612213203834,0.020027736605639217,0.010991532366709942,105.31,short,fly
2023,2023_Nescac_Msd_Results,Freestyle,Men,200,200_Freestyle,8,99.8625,100.14500000000001,0.8228874467386118,0.008240204748915878,-1.30927261915133,0.39705919808935386,0.625,0.006240950621598682,1.0699999999999932,0.3728571428571407,1.0699999999999932,1,0.1250086749913658,0.010916139563354348,0.01768893849457993,0.46999999999999886,0.004794939808202395,0.2631459888840186,0.021388090567350672,0.013724485870400828,97.26,short,free
2023,2023_Nescac_Msd_Results,IM,Men,200,200_IM,8,110.37125,110.595,0.8632849688833919,0.007821647112661964,-0.7034285108196149,-0.6404733926834609,1.177500000000009,0.010646955106469633,0.8299999999999841,0.3899999999999985,0.8299999999999841,1,0.12500773335701243,0.007637099742362753,0.01559802618512918,1.1599999999999966,0.01067353698932643,-0.0019456033936070495,0.0504775754317154,0.01469337859274215,108.07,short,im
2023,2023_Nescac_Msd_Results,IM,Men,400,400_IM,8,242.51999999999998,242.755,0.9032856690992085,0.0037245821750750805,-0.8224165710673239,-0.7187405447646458,0.9124999999999943,0.0037589339045539507,1.25,0.39142857142857274,0.4900000000000091,2,0.1250017447804868,0.002034714724690678,0.008047622010661016,0.7199999999999989,0.0029897849015862424,0.8172889779300212,0.02511435440719794,0.018300509763494618,237.2,middle,im
2023,2023_Nescac_Msd_Results,Freestyle,Men,500,500_Freestyle,8,271.01750000000004,271.1,1.8934541848167326,0.006986464655665159,-0.3900573610872091,-1.132340190969183,2.7399999999999523,0.010106971597196429,1.830000000000041,0.8028571428571435,0.8299999999999841,2,0.1250061353713283,0.0030992121280011354,0.013881380681641745,2.409999999999968,0.008998917142750338,0.09155112619759694,0.031002081071936898,0.01408716347674535,265.9,distance,free
2023,2023_Nescac_Msd_Results,Backstroke,Men,50,50_Backstroke,8,22.9675,23.25,0.4801497162344259,0.02090561516205185,-1.0001954921810272,-0.8102851011580783,0.5224999999999973,0.022473118279569777,0.75,0.17857142857142858,0.10000000000000142,2,0.12505700329156938,0.0045228403437359305,0.04858604091456083,0.34999999999999787,0.015829941203075435,0.8514550119609197,0.021344808201104314,0.011782453502170892,22.04,sprint,back
2023,2023_Nescac_Msd_Results,Breaststroke,Men,50,50_Breaststroke,8,25.39375,25.405,0.12009761654587446,0.004729416354255455,0.2901239210430381,-0.036524777488319504,0.12500000000000355,0.004920291281243989,0.17999999999999972,0.06285714285714253,0.11999999999999744,7,0.12500278861656738,0.004763795156808155,0.007590759075907581,0.129999999999999,0.005160778086542239,0.4043317213883545,0.03185115453179824,0.0166403398326295,24.74,sprint,breast
2023,2023_Nescac_Msd_Results,Butterfly,Men,50,50_Butterfly,8,21.93625,22.115000000000002,0.5059628815436956,0.023065149309644793,-0.8306929353713812,-0.8969929926010458,0.514999999999997,0.023287361519330634,0.8200000000000003,0.1999999999999998,0.07000000000000028,2,0.12506916933272746,0.003322259136212638,0.05251520176893316,0.4299999999999997,0.02040816326530611,0.647743222563855,0.030923622123167405,0.020511265349996134,20.99,sprint,fly
2023,2023_Nescac_Msd_Results,Freestyle,Men,50,50_Freestyle,8,20.3825,20.35,0.2896010186446175,0.014208316872052864,0.03089814146989103,-0.9698465694598921,0.41999999999999815,0.020638820638820547,0.2700000000000031,0.13428571428571448,0.2700000000000031,1,0.1250252282004116,0.013567839195980057,0.02312619582397478,0.5300000000000011,0.026633165829145787,0.28092913548294446,0.015465685898508821,0.019890582541129943,19.93,sprint,free
2024,2024_Nescac_Msd_Results,Backstroke,Men,100,100_Backstroke,8,48.989999999999995,49.535,0.7831028029575693,0.01598495209139762,-0.7609355295048593,-1.0871179711391405,1.2525000000000048,0.025285151912789038,1.1500000000000057,0.3000000000000002,0.6299999999999955,3,0.1250327399176336,0.013254786450662644,0.03190859372278547,1.230000000000004,0.025878392594151145,-0.4787007095079832,0.028834110696079347,0.03458895937489684,47.78,sprint,back
2024,2024_Nescac_Msd_Results,Breaststroke,Men,100,100_Breaststroke,8,54.795,54.87,0.5822155958062278,0.010625341651724206,-0.26489875748844655,-1.2379844137457212,0.7875000000000014,0.014352104975396417,0.5,0.24714285714285772,0.30000000000000426,4,0.12501419535795538,0.005573100501579125,0.02013091268370987,0.9299999999999997,0.017276611554895037,-0.10342615855995371,0.03040656024567758,0.021398313744376445,53.52,sprint,breast
2024,2024_Nescac_Msd_Results,Butterfly,Men,100,100_Butterfly,8,48.52875,48.58,0.30419720166365716,0.00626839145174061,-0.33457868196257956,-1.1173987589582992,0.4749999999999943,0.009777686290654473,0.25,0.1299999999999995,0.21999999999999886,3,0.12500493270807797,0.00458333333333331,0.011605348853322178,0.5700000000000003,0.011875000000000005,0.6526799461623368,0.009374663084115775,0.010027969288563834,47.84,sprint,fly
2024,2024_Nescac_Msd_Results,Freestyle,Men,100,100_Freestyle,8,44.613749999999996,44.605,0.4968887576711707,0.01113756986738776,-0.7451275423905949,-0.04831203925909788,0.572499999999998,0.012834883981616366,0.7700000000000031,0.2414285714285711,0.7700000000000031,1,0.12501577457180577,0.017672710580674846,0.019982557919084005,0.6400000000000006,0.014689006196924502,0.457979735295924,0.018841968560424784,0.014691926989449601,43.71,sprint,free
2024,2024_Nescac_Msd_Results,Backstroke,Men,200,200_Backstroke,8,108.1575,108.53999999999999,1.1105150831933797,0.01026757352188595,-0.6194371955460597,-0.6480616358020881,1.4525000000000006,0.013382163257785155,1.309999999999988,0.5042857142857144,1.309999999999988,1,0.12501335125002577,0.012359656571374545,0.0189100911122569,1.980000000000004,0.018681007642230435,0.4002427999932547,0.01698603317153629,0.017666466500810014,105.05,short,back
2024,2024_Nescac_Msd_Results,Breaststroke,Men,200,200_Breaststroke,8,120.56125,120.20500000000001,1.1823645535536023,0.009807168999604784,0.6121720377776402,-0.9981383259022678,1.4500000000000028,0.012062726176115824,1.5100000000000051,0.500000000000002,0.5900000000000034,6,0.1250118816510627,0.004956317204301104,0.013700925964721087,2.5500000000000114,0.02142137096774203,0.173050343728021,0.04521743894548723,0.03308605201752913,118.16,short,breast
2024,2024_Nescac_Msd_Results,Butterfly,Men,200,200_Butterfly,8,109.5275,110.33,1.8529351715588966,0.0169175336929894,-0.5177513344358387,-1.3412157438944172,3.095000000000013,0.0280522070153178,1.7700000000000102,0.7199999999999989,0.8899999999999864,3,0.12503642282366312,0.00836466165413521,0.03347528351038109,3.2900000000000063,0.030921052631579005,0.886242969628267,0.010518407668714584,0.007839740088605147,104.62,short,fly
2024,2024_Nescac_Msd_Results,Freestyle,Men,200,200_Freestyle,8,98.92625000000001,99.42500000000001,1.465528381676726,0.014814352931367819,-0.7555598856444677,-0.7706546308433855,1.4874999999999972,0.014961025898918753,1.8999999999999915,0.6471428571428574,0.730000000000004,2,0.125028069945381,0.007586780295156973,0.03232040862107631,1.1100000000000136,0.011536063188526437,0.6430657709516215,0.030996638469406444,0.012954556946963527,95.69,short,free
2024,2024_Nescac_Msd_Results,IM,Men,200,200_IM,8,110.195,110.905,1.7964687584258183,0.016302634043521197,-0.9579779195381559,-0.8095041110376715,1.8075000000000045,0.016297732293404307,3.1400000000000006,0.6885714285714276,0.23999999999999488,2,0.12503429198309515,0.0022417336073229485,0.03750699757417411,1.240000000000009,0.011582290304502233,-0.44425162542559776,0.046690387404904596,0.02812105728263292,106.63,short,im
2024,2024_Nescac_Msd_Results,IM,Men,400,400_IM,8,240.15999999999997,240.925,1.6931553384140476,0.0070501138341690864,-1.3252581640412766,0.21842424142830286,1.2549999999999955,0.005209089965756959,2.240000000000009,0.7128571428571401,1.9199999999999875,2,0.12500633120229734,0.008120796853191167,0.015558083041970414,0.799999999999983,0.0033836653554962693,0.6723314259964983,0.035137233780804654,0.013116956946131816,231.87,middle,im
2024,2024_Nescac_Msd_Results,Freestyle,Men,500,500_Freestyle,8,269.29375,268.14,2.404947699535274,0.008930573767624664,1.201161671719614,-0.11763998198898928,1.732500000000016,0.006461176997091132,3.3700000000000045,1.0485714285714332,0.7000000000000455,6,0.12500975991475327,0.002621428303936058,0.009543221881467112,4.199999999999989,0.015728569823615285,0.5552426781876587,0.03787519424598694,0.01218355485895093,264.66,distance,free
2024,2024_Nescac_Msd_Results,Backstroke,Men,50,50_Backstroke,8,22.752499999999998,22.9,0.55560215082377,0.024419389114328977,-1.3932566548422511,1.1554772405581986,0.4674999999999976,0.020414847161571947,1.1600000000000001,0.27857142857142847,1.1600000000000001,1,0.12508005945884137,0.0541044776119403,0.0443536179231002,0.5499999999999972,0.02565298507462673,0.5588036283443587,0.008847923346095472,0.02083862084269675,21.3,sprint,back
2024,2024_Nescac_Msd_Results,Breaststroke,Men,50,50_Breaststroke,8,25.12,25.03,0.3597221149720992,0.014320147889016688,-0.19320361664900973,-0.9240015742614154,0.5425000000000004,0.02167399121054736,0.4299999999999997,0.16142857142857178,0.4299999999999997,1,0.1250257924975564,0.017572537801389447,0.023496050232935058,0.5999999999999979,0.0245198201879852,0.6037894706552431,0.03465816920425786,0.014197518823758026,24.56,sprint,breast
2024,2024_Nescac_Msd_Results,Butterfly,Men,50,50_Butterfly,8,21.80375,21.939999999999998,0.4158706980540944,0.01907335655811933,-0.36053375898492174,-1.3133983582499427,0.6174999999999997,0.028144940747493154,0.34999999999999787,0.16857142857142854,0.030000000000001137,2,0.12504613406455695,0.0014164305949009035,0.03829519540772215,0.620000000000001,0.029272898961284276,0.25178918520299076,0.03901495869182289,0.027928152409306982,21.1,sprint,fly
2024,2024_Nescac_Msd_Results,Freestyle,Men,50,50_Freestyle,8,20.28125,20.4,0.33787710413699273,0.0166595798649981,-0.7647827392385323,-0.8881036246907161,0.4100000000000037,0.020098039215686456,0.39000000000000057,0.1385714285714284,0.16999999999999815,2,0.1250356097547086,0.008646998982705907,0.0362116991643454,0.38000000000000256,0.01932858596134296,0.7122102007147827,0.022785184286987593,0.018820304073412425,19.84,sprint,free
2025,2025_Nescac_Msd_Results,Backstroke,Men,100,100_Backstroke,8,49.241249999999994,49.53,0.8481514826373879,0.017224410075645683,-1.221611934319888,0.08390474249802704,0.779999999999994,0.01574803149606287,1.0300000000000011,0.3614285714285716,0.9500000000000028,2,0.1250387173346531,0.020042194092827065,0.038050478677110505,0.529999999999994,0.011181434599155993,0.6977734131148524,0.020365169966103446,0.019822585249418483,47.54,sprint,back
2025,2025_Nescac_Msd_Results,Breaststroke,Men,100,100_Breaststroke,8,54.935,55.08,0.3997499218261323,0.007276780228017334,-0.9252127472963584,-0.13294683220263037,0.48499999999999943,0.008805374001452423,0.5399999999999991,0.18857142857142759,0.5399999999999991,1,0.1250067100617028,0.009983361064891831,0.014103507480990908,0.46000000000000085,0.008504344610833811,0.17860414768779873,0.0241241313875409,0.017583256343902863,54.14,sprint,breast
2025,2025_Nescac_Msd_Results,Butterfly,Men,100,100_Butterfly,8,48.48375,48.730000000000004,0.6154660327751654,0.012694274530645122,-1.1247239490976355,-0.24724094917207706,0.5,0.010260619741432381,0.8700000000000045,0.2700000000000001,0.519999999999996,2,0.12502073578603795,0.0110146155475534,0.028474124008145495,0.28999999999999915,0.006142766363058656,0.4420123133302198,0.023031266097377354,0.018108826998682978,46.49,sprint,fly
2025,2025_Nescac_Msd_Results,Freestyle,Men,100,100_Freestyle,8,44.99625,45.49,0.9308186920662908,0.020686583705670822,-1.0495849524853902,-0.6191382765104838,0.9350000000000023,0.020553967905034123,1.3500000000000014,0.3642857142857139,0.4799999999999969,2,0.12505591316246717,0.011111111111111039,0.04776703499079213,0.7100000000000009,0.016435185185185205,0.8231771933277978,0.026540232942167754,0.01427658127174409,43.55,sprint,free
2025,2025_Nescac_Msd_Results,Backstroke,Men,200,200_Backstroke,8,107.435,107.27000000000001,1.242869663319526,0.011568573214683539,0.2015496351423006,-0.29978629129552425,1.1975000000000051,0.011163419408968072,1.5,0.6357142857142841,1.5,1,0.12501666235781145,0.014247720364741642,0.01766795561004762,1.8199999999999932,0.017287234042553126,0.3887013864582852,0.03912595127214624,0.030262444977746245,104.1,short,back
2025,2025_Nescac_Msd_Results,Breaststroke,Men,200,200_Breaststroke,8,121.4325,121.455,0.7834977664294903,0.006452125801819861,-0.3745867333909679,-0.16254710849573684,0.6075000000000017,0.0050018525379770425,0.9899999999999949,0.3999999999999996,0.9899999999999949,1,0.12500523009756873,0.008257569438652055,0.011601666874333927,0.9000000000000057,0.007506881307865591,-0.04564154589696862,0.031048529334279974,0.020125094584166635,120.13,short,breast
2025,2025_Nescac_Msd_Results,Butterfly,Men,200,200_Butterfly,8,109.3325,109.645,1.2736733293902303,0.011649539975672652,-1.7416008223858197,1.8078460118600255,0.9500000000000028,0.008664325778649304,2.759999999999991,0.5928571428571416,2.759999999999991,1,0.12501767952153123,0.025993595780749584,0.021972232552373967,0.8299999999999983,0.007816914673196442,0.20095992353852699,0.023297272684947887,0.021725434221762013,104.76,short,fly
2025,2025_Nescac_Msd_Results,Freestyle,Men,200,200_Freestyle,8,99.36375000000001,100.02,1.3548056825611552,0.013634808293378169,-1.3111631759685705,0.09876780980096678,0.9949999999999903,0.00994801039792032,1.9099999999999966,0.5642857142857147,1.3999999999999915,2,0.12502409746791887,0.014519809168222271,0.03080381658429442,0.5700000000000074,0.005911636589919181,0.13757892528143603,0.016572100977503983,0.019367980635338518,95.72,short,free
2025,2025_Nescac_Msd_Results,IM,Men,200,200_IM,8,110.4025,110.75999999999999,0.8964757386566566,0.008120067377610622,-0.7443576782030829,-0.7901587760126683,1.0875000000000057,0.009818526543878709,0.769999999999996,0.37857142857142734,0.6299999999999955,2,0.12500834356984294,0.005795768169273187,0.016970141723616095,1.240000000000009,0.011407543698252153,-0.11073763407487347,0.027728811131921563,0.014087352967751987,107.98,short,im
2025,2025_Nescac_Msd_Results,IM,Men,400,400_IM,8,240.01125000000002,240.12,1.2737389597166295,0.005306996900006268,-0.3748878120981179,-1.136976878803591,1.8675000000000068,0.007777361319340358,1.039999999999992,0.5400000000000001,0.6299999999999955,2,0.12500353479370627,0.002648839556004017,0.010392391509730915,1.8700000000000045,0.007862428523377079,-0.7478583820013146,0.030304112660663244,0.022651982257038523,236.35,middle,im
2025,2025_Nescac_Msd_Results,Freestyle,Men,500,500_Freestyle,8,269.31125,270.55499999999995,2.3158121550548922,0.00859901751246891,-0.49696979126639484,-1.5536696800214498,4.392499999999984,0.016235146273400915,3.409999999999968,0.8700000000000045,1.0100000000000477,3,0.1250093228099459,0.0038019951063431126,0.01581158848540652,4.399999999999977,0.01656314699792952,-0.5772808379713108,0.040372889911905706,0.02600829667874043,263.18,distance,free
2025,2025_Nescac_Msd_Results,Backstroke,Men,50,50_Backstroke,8,22.80625,22.85,0.2925721064968427,0.01282859332405997,-0.5280202938269071,0.07154165570133886,0.240000000000002,0.010503282275711246,0.39000000000000057,0.15285714285714289,0.39000000000000057,1,0.12502087169067908,0.01755965781179651,0.02387859852711433,0.25,0.011256190904997748,0.5908674672818994,0.03210453927434979,0.02927713970681548,22.36,sprint,back
2025,2025_Nescac_Msd_Results,Breaststroke,Men,50,50_Breaststroke,8,25.225,25.195,0.21289668856043734,0.008439908367113471,-0.24700653139539422,-1.150507351909906,0.3299999999999983,0.013097836872395248,0.23000000000000043,0.08999999999999986,0.14000000000000057,5,0.12500894276548935,0.005631536604987955,0.015777510362347952,0.28999999999999915,0.011665325824617826,0.39748453141218437,0.03562540271967556,0.024100974857688213,24.91,sprint,breast
2025,2025_Nescac_Msd_Results,Butterfly,Men,50,50_Butterfly,8,22.12625,22.134999999999998,0.3223715829597889,0.014569643882708951,-0.0872540987846498,-1.6893387707543424,0.6224999999999987,0.02812288231307878,0.3099999999999987,0.11857142857142884,0.07000000000000028,4,0.12502660707979832,0.0032287822878228913,0.025251362345536817,0.5999999999999979,0.02767527675276743,0.5615322042319507,0.028785787447910844,0.014058096615821811,21.67,sprint,fly
2025,2025_Nescac_Msd_Results,Freestyle,Men,50,50_Freestyle,8,20.4525,20.615000000000002,0.276710588883042,0.013529426176899744,-0.8246549611963557,-0.814079974854041,0.43249999999999744,0.020979869027407103,0.379999999999999,0.1142857142857144,0.3000000000000007,3,0.12502340658072772,0.015067805123053777,0.026088401462280007,0.4499999999999993,0.02260170768458058,0.6774706294296073,0.011236388777880479,0.013738050084933902,19.81,sprint,free
