year,event_name,stroke,gender,distance,meet,school,swimmer_name,round,fastest_time_sec,fastest_time_format
2002,100_Backstroke,Backstroke,Men,100,2002_Nescac_Msd_Results,Amherst,"Lang, Russell",Final,53.09,53.09
2002,100_Backstroke,Backstroke,Men,100,2002_Nescac_Msd_Results,Bates,"Legault, Craig",Final,54.55,54.55
2002,100_Backstroke,Backstroke,Men,100,2002_Nescac_Msd_Results,Bowdoin,"Shaw, Andy",Final,56.07,56.07
2002,100_Backstroke,Backstroke,Men,100,2002_Nescac_Msd_Results,Colby,"Goodman, Al",Final,55.79,55.79
2002,100_Backstroke,Backstroke,Men,100,2002_Nescac_Msd_Results,Hamilton,"Schwenker, Eric",Final,51.45,51.45
2002,100_Backstroke,Backstroke,Men,100,2002_Nescac_Msd_Results,Middlebury,"Strickler, Scott",Prelim,52.38,52.38
2002,100_Backstroke,Backstroke,Men,100,2002_Nescac_Msd_Results,Trinity,"DeRosa, Matt J",Final,55.87,55.87
2002,100_Backstroke,Backstroke,Men,100,2002_Nescac_Msd_Results,Tufts,"Meyers, Jamie",Final,55.6,55.60
2002,100_Backstroke,Backstroke,Men,100,2002_Nescac_Msd_Results,Wesleyan,"Smith, Ian",Prelim,55.96,55.96
2002,100_Backstroke,Backstroke,Men,100,2002_Nescac_Msd_Results,Williams,"Gamblin, Todd",Final,54.93,54.93
2002,100_Breaststroke,Breaststroke,Men,100,2002_Nescac_Msd_Results,Amherst,"Pohorylo, Mike",Final,57.34,57.34
2002,100_Breaststroke,Breaststroke,Men,100,2002_Nescac_Msd_Results,Bates,"Hseng, Sao Ohn",Final,60.47,1:00.47
2002,100_Breaststroke,Breaststroke,Men,100,2002_Nescac_Msd_Results,Bowdoin,"Driskill, Nick",Final,58.74,58.74
2002,100_Breaststroke,Breaststroke,Men,100,2002_Nescac_Msd_Results,Colby,"Eck, Jonathan",Final,56.98,56.98&
2002,100_Breaststroke,Breaststroke,Men,100,2002_Nescac_Msd_Results,Connecticut College,"Sayre, Joe",Prelim,59.28,59.28
2002,100_Breaststroke,Breaststroke,Men,100,2002_Nescac_Msd_Results,Hamilton,"Cecere, David",Final,58.1,58.10
2002,100_Breaststroke,Breaststroke,Men,100,2002_Nescac_Msd_Results,Middlebury,"Malloy, Mike",Final,59.84,59.84
2002,100_Breaststroke,Breaststroke,Men,100,2002_Nescac_Msd_Results,Tufts,"Rochette, Mike",Final,61.01,1:01.01
2002,100_Breaststroke,Breaststroke,Men,100,2002_Nescac_Msd_Results,Wesleyan,"Blondin, Nick",Final,62.94,1:02.94
2002,100_Breaststroke,Breaststroke,Men,100,2002_Nescac_Msd_Results,Williams,"Gansner, Elliot",Final,57.91,57.91
2002,100_Butterfly,Butterfly,Men,100,2002_Nescac_Msd_Results,Amherst,"Morton, Chris",Final,51.05,51.05
2002,100_Butterfly,Butterfly,Men,100,2002_Nescac_Msd_Results,Bates,"Bowden, Adam",Prelim,52.96,52.96
2002,100_Butterfly,Butterfly,Men,100,2002_Nescac_Msd_Results,Bowdoin,"Anson, Robie",Prelim,53.04,53.04
2002,100_Butterfly,Butterfly,Men,100,2002_Nescac_Msd_Results,Colby,"Battista, Nick",Prelim,54.17,54.17
2002,100_Butterfly,Butterfly,Men,100,2002_Nescac_Msd_Results,Connecticut College,"Longmire, Andrew",Prelim,56.58,56.58
2002,100_Butterfly,Butterfly,Men,100,2002_Nescac_Msd_Results,Hamilton,"Baker, Jim",Final,53.37,53.37
2002,100_Butterfly,Butterfly,Men,100,2002_Nescac_Msd_Results,Middlebury,"Stuntz, Grayson",Final,50.7,50.70
2002,100_Butterfly,Butterfly,Men,100,2002_Nescac_Msd_Results,Tufts,"Schrimpf, Mike",Prelim,54.55,54.55
2002,100_Butterfly,Butterfly,Men,100,2002_Nescac_Msd_Results,Wesleyan,"Salibra, Larry",Prelim,59.57,59.57
2002,100_Butterfly,Butterfly,Men,100,2002_Nescac_Msd_Results,Williams,"Pepe, Nick",Final,51.2,51.20
2002,100_Freestyle,Freestyle,Men,100,2002_Nescac_Msd_Results,Amherst,"Clinton, Chuck",Prelim,48.2,48.20
2002,100_Freestyle,Freestyle,Men,100,2002_Nescac_Msd_Results,Bates,"Bowden, Adam",Prelim,48.53,48.53
2002,100_Freestyle,Freestyle,Men,100,2002_Nescac_Msd_Results,Bowdoin,"Dickson, Elliot",Prelim,47.85,47.85
2002,100_Freestyle,Freestyle,Men,100,2002_Nescac_Msd_Results,Colby,"Walendziak, Nick",Final,45.83,45.83
2002,100_Freestyle,Freestyle,Men,100,2002_Nescac_Msd_Results,Connecticut College,"Severance, Pike",Prelim,49.99,49.99
2002,100_Freestyle,Freestyle,Men,100,2002_Nescac_Msd_Results,Hamilton,"Thompson, Kevin",Prelim,47.08,47.08
2002,100_Freestyle,Freestyle,Men,100,2002_Nescac_Msd_Results,Middlebury,"Hawkins, David",Final,47.61,47.61
2002,100_Freestyle,Freestyle,Men,100,2002_Nescac_Msd_Results,Trinity,"Hammond, Jesse C",Prelim,48.79,48.79
2002,100_Freestyle,Freestyle,Men,100,2002_Nescac_Msd_Results,Tufts,"Edson, Ed",Prelim,47.55,47.55
2002,100_Freestyle,Freestyle,Men,100,2002_Nescac_Msd_Results,Wesleyan,"Cleveland, Tom",Final,48.64,48.64
2002,100_Freestyle,Freestyle,Men,100,2002_Nescac_Msd_Results,Williams,"Krissoff, Nate",Final,47.55,47.55
2002,200_Backstroke,Backstroke,Men,200,2002_Nescac_Msd_Results,Amherst,"Lang, Russell",Final,115.25,1:55.25
2002,200_Backstroke,Backstroke,Men,200,2002_Nescac_Msd_Results,Bates,"O'Donnell, Andrew",Final,118.35,1:58.35
2002,200_Backstroke,Backstroke,Men,200,2002_Nescac_Msd_Results,Bowdoin,"Hammond, Matt",Final,119.33,1:59.33
2002,200_Backstroke,Backstroke,Men,200,2002_Nescac_Msd_Results,Colby,"DuBois, Justin",Prelim,119.33,1:59.33
2002,200_Backstroke,Backstroke,Men,200,2002_Nescac_Msd_Results,Hamilton,"Schwenker, Eric",Final,111.13,1:51.13&
2002,200_Backstroke,Backstroke,Men,200,2002_Nescac_Msd_Results,Middlebury,"Strickler, Scott",Final,114.49000000000001,1:54.49
2002,200_Backstroke,Backstroke,Men,200,2002_Nescac_Msd_Results,Trinity,"DeRosa, Matt J",Final,121.39,2:01.39
2002,200_Backstroke,Backstroke,Men,200,2002_Nescac_Msd_Results,Tufts,"Halpert, Rich",Final,116.97,1:56.97
2002,200_Backstroke,Backstroke,Men,200,2002_Nescac_Msd_Results,Williams,"Gamblin, Todd",Prelim,115.42,1:55.42
2002,200_Breaststroke,Breaststroke,Men,200,2002_Nescac_Msd_Results,Amherst,"Kennedy, Pat",Prelim,128.18,2:08.18
2002,200_Breaststroke,Breaststroke,Men,200,2002_Nescac_Msd_Results,Bowdoin,"Driskill, Nick",Prelim,129.85,2:09.85
2002,200_Breaststroke,Breaststroke,Men,200,2002_Nescac_Msd_Results,Colby,"Eck, Jonathan",Final,126.07,2:06.07
2002,200_Breaststroke,Breaststroke,Men,200,2002_Nescac_Msd_Results,Connecticut College,"Sayre, Joe",Prelim,131.03,2:11.03
2002,200_Breaststroke,Breaststroke,Men,200,2002_Nescac_Msd_Results,Hamilton,"Cecere, David",Final,125.69,2:05.69
2002,200_Breaststroke,Breaststroke,Men,200,2002_Nescac_Msd_Results,Middlebury,"Malloy, Mike",Final,133.75,2:13.75
2002,200_Breaststroke,Breaststroke,Men,200,2002_Nescac_Msd_Results,Trinity,"Rorer, Chris K",Prelim,134.85,2:14.85
2002,200_Breaststroke,Breaststroke,Men,200,2002_Nescac_Msd_Results,Tufts,"Duckworth, Tyler",Final,128.21,2:08.21
2002,200_Breaststroke,Breaststroke,Men,200,2002_Nescac_Msd_Results,Wesleyan,"Blondin, Nick",Final,136.37,2:16.37
2002,200_Breaststroke,Breaststroke,Men,200,2002_Nescac_Msd_Results,Williams,"Gansner, Elliot",Final,127.24,2:07.24
2002,200_Butterfly,Butterfly,Men,200,2002_Nescac_Msd_Results,Amherst,"Winograd, Rob",Final,112.96000000000001,1:52.96&
2002,200_Butterfly,Butterfly,Men,200,2002_Nescac_Msd_Results,Bates,"Curll, Nate",Final,123.01,2:03.01
2002,200_Butterfly,Butterfly,Men,200,2002_Nescac_Msd_Results,Colby,"Shanahan Jr., Kearney",Prelim,121.29,2:01.29
2002,200_Butterfly,Butterfly,Men,200,2002_Nescac_Msd_Results,Connecticut College,"Longmire, Andrew",Final,125.56,2:05.56
2002,200_Butterfly,Butterfly,Men,200,2002_Nescac_Msd_Results,Hamilton,"Fink, Andrew",Final,118.33,1:58.33
2002,200_Butterfly,Butterfly,Men,200,2002_Nescac_Msd_Results,Middlebury,"Norman, Robert",Final,116.17,1:56.17
2002,200_Butterfly,Butterfly,Men,200,2002_Nescac_Msd_Results,Trinity,"Sterling, Christia",Prelim,124.1,2:04.10
2002,200_Butterfly,Butterfly,Men,200,2002_Nescac_Msd_Results,Tufts,"Baron, Seth",Prelim,115.72,1:55.72
2002,200_Butterfly,Butterfly,Men,200,2002_Nescac_Msd_Results,Wesleyan,"Moya, Joaquin",Final,124.71,2:04.71
2002,200_Butterfly,Butterfly,Men,200,2002_Nescac_Msd_Results,Williams,"Welsh, Bryan",Prelim,115.59,1:55.59
2002,200_Freestyle,Freestyle,Men,200,2002_Nescac_Msd_Results,Amherst,"Porter, Colin",Prelim,107.94,1:47.94
2002,200_Freestyle,Freestyle,Men,200,2002_Nescac_Msd_Results,Bates,"Kirkman, Tim",Prelim,109.72,1:49.72
2002,200_Freestyle,Freestyle,Men,200,2002_Nescac_Msd_Results,Bowdoin,"Hammond, Matt",Final,106.82,1:46.82
2002,200_Freestyle,Freestyle,Men,200,2002_Nescac_Msd_Results,Colby,"Walendziak, Nick",Final,103.78,1:43.78
2002,200_Freestyle,Freestyle,Men,200,2002_Nescac_Msd_Results,Connecticut College,"Severance, Pike",Prelim,108.75,1:48.75
2002,200_Freestyle,Freestyle,Men,200,2002_Nescac_Msd_Results,Hamilton,"Thompson, Kevin",Final,103.50999999999999,1:43.51
2002,200_Freestyle,Freestyle,Men,200,2002_Nescac_Msd_Results,Middlebury,"Rahal, Adam",Final,106.6,1:46.60
2002,200_Freestyle,Freestyle,Men,200,2002_Nescac_Msd_Results,Trinity,"Silva, Mark V",Prelim,115.62,1:55.62
2002,200_Freestyle,Freestyle,Men,200,2002_Nescac_Msd_Results,Tufts,"Halpert, Rich",Final,104.42,1:44.42
2002,200_Freestyle,Freestyle,Men,200,2002_Nescac_Msd_Results,Wesleyan,"Barlow, Rob",Prelim,105.3,1:45.30
2002,200_Freestyle,Freestyle,Men,200,2002_Nescac_Msd_Results,Williams,"McBride, Jeff",Final,101.74000000000001,1:41.74
2002,200_IM,IM,Men,200,2002_Nescac_Msd_Results,Amherst,"Morton, Chris",Final,115.34,1:55.34
2002,200_IM,IM,Men,200,2002_Nescac_Msd_Results,Bates,"Eggert, Adam",Final,122.84,2:02.84
2002,200_IM,IM,Men,200,2002_Nescac_Msd_Results,Bowdoin,"Hammond, Matt",Prelim,117.17,1:57.17
2002,200_IM,IM,Men,200,2002_Nescac_Msd_Results,Colby,"Eck, Jonathan",Final,114.56,1:54.56
2002,200_IM,IM,Men,200,2002_Nescac_Msd_Results,Connecticut College,"Pelczar, Jeff",Prelim,130.77,2:10.77
2002,200_IM,IM,Men,200,2002_Nescac_Msd_Results,Hamilton,"Schwenker, Eric",Final,112.77000000000001,1:52.77&
2002,200_IM,IM,Men,200,2002_Nescac_Msd_Results,Middlebury,"Stuntz, Grayson",Final,113.03999999999999,1:53.04
2002,200_IM,IM,Men,200,2002_Nescac_Msd_Results,Trinity,"Lee, Reese D",Prelim,130.16,2:10.16
2002,200_IM,IM,Men,200,2002_Nescac_Msd_Results,Tufts,"Halpert, Rich",Final,116.22999999999999,1:56.23
2002,200_IM,IM,Men,200,2002_Nescac_Msd_Results,Wesleyan,"Salibra, Larry",Prelim,131.55,2:11.55
2002,200_IM,IM,Men,200,2002_Nescac_Msd_Results,Williams,"Borland, Seth",Final,115.0,1:55.00
2002,400_IM,IM,Men,400,2002_Nescac_Msd_Results,Amherst,"O'Brien, Rich W",Prelim,273.85,4:33.85
2002,400_IM,IM,Men,400,2002_Nescac_Msd_Results,Bates,"Eggert, Adam",Final,265.73,4:25.73
2002,400_IM,IM,Men,400,2002_Nescac_Msd_Results,Colby,"DuBois, Justin",Final,252.86,4:12.86
2002,400_IM,IM,Men,400,2002_Nescac_Msd_Results,Hamilton,"Schultz, Andy",Prelim,256.57,4:16.57
2002,400_IM,IM,Men,400,2002_Nescac_Msd_Results,Middlebury,"Graf, Justin",Prelim,265.47,4:25.47
2002,400_IM,IM,Men,400,2002_Nescac_Msd_Results,Trinity,"Rorer, Chris K",Final,260.39,4:20.39
2002,400_IM,IM,Men,400,2002_Nescac_Msd_Results,Tufts,"Duckworth, Tyler",Final,251.38,4:11.38
2002,400_IM,IM,Men,400,2002_Nescac_Msd_Results,Wesleyan,"Moya, Joaquin",Prelim,272.64,4:32.64
2002,400_IM,IM,Men,400,2002_Nescac_Msd_Results,Williams,"Doob, Ben",Final,240.36,4:00.36&
2002,500_Freestyle,Freestyle,Men,500,2002_Nescac_Msd_Results,Amherst,"Winograd, Rob",Final,270.16,4:30.16
2002,500_Freestyle,Freestyle,Men,500,2002_Nescac_Msd_Results,Bates,"Bear, David",Final,285.67,4:45.67
2002,500_Freestyle,Freestyle,Men,500,2002_Nescac_Msd_Results,Bowdoin,"Harden, Dave",Prelim,309.2,5:09.20
2002,500_Freestyle,Freestyle,Men,500,2002_Nescac_Msd_Results,Colby,"Bucklin, Matt",Prelim,329.41,5:29.41
2002,500_Freestyle,Freestyle,Men,500,2002_Nescac_Msd_Results,Hamilton,"Schultz, Andy",Final,288.49,4:48.49
2002,500_Freestyle,Freestyle,Men,500,2002_Nescac_Msd_Results,Middlebury,"Whittington, Karl",Prelim,285.96,4:45.96
2002,500_Freestyle,Freestyle,Men,500,2002_Nescac_Msd_Results,Trinity,"Bares, Ryan D",Prelim,319.06,5:19.06
2002,500_Freestyle,Freestyle,Men,500,2002_Nescac_Msd_Results,Tufts,"Baron, Seth",Final,286.34000000000003,4:46.34
2002,500_Freestyle,Freestyle,Men,500,2002_Nescac_Msd_Results,Wesleyan,"Barlow, Rob",Prelim,288.1,4:48.10
2002,500_Freestyle,Freestyle,Men,500,2002_Nescac_Msd_Results,Williams,"Doob, Ben",Prelim,272.7,4:32.70
2002,50_Backstroke,Backstroke,Men,50,2002_Nescac_Msd_Results,Amherst,"Lang, Russell",Final,25.02,25.02
2002,50_Backstroke,Backstroke,Men,50,2002_Nescac_Msd_Results,Bates,"Legault, Craig",Final,25.7,25.70
2002,50_Backstroke,Backstroke,Men,50,2002_Nescac_Msd_Results,Bowdoin,"Shaw, Andy",Final,26.1,26.10
2002,50_Backstroke,Backstroke,Men,50,2002_Nescac_Msd_Results,Colby,"Goodman, Al",Final,26.0,26.00
2002,50_Backstroke,Backstroke,Men,50,2002_Nescac_Msd_Results,Connecticut College,"Merrill, Landon",Final,27.54,27.54
2002,50_Backstroke,Backstroke,Men,50,2002_Nescac_Msd_Results,Hamilton,"Rapp, Erik",Final,26.02,26.02
2002,50_Backstroke,Backstroke,Men,50,2002_Nescac_Msd_Results,Middlebury,"Strickler, Scott",Final,24.52,24.52
2002,50_Backstroke,Backstroke,Men,50,2002_Nescac_Msd_Results,Trinity,"DeRosa, Matt J",Final,26.42,26.42
2002,50_Backstroke,Backstroke,Men,50,2002_Nescac_Msd_Results,Tufts,"Lahey, Ryan",Final,25.6,25.60
2002,50_Backstroke,Backstroke,Men,50,2002_Nescac_Msd_Results,Wesleyan,"Smith, Ian",Prelim,25.39,25.39
2002,50_Backstroke,Backstroke,Men,50,2002_Nescac_Msd_Results,Williams,"Hobart, Travis",Final,26.57,26.57
2002,50_Breaststroke,Breaststroke,Men,50,2002_Nescac_Msd_Results,Amherst,"Malowitz, Jon",Final,31.06,31.06
2002,50_Breaststroke,Breaststroke,Men,50,2002_Nescac_Msd_Results,Bates,"Hseng, Sao Ohn",Prelim,27.77,27.77
2002,50_Breaststroke,Breaststroke,Men,50,2002_Nescac_Msd_Results,Bowdoin,"Driskill, Nick",Final,26.54,26.54
2002,50_Breaststroke,Breaststroke,Men,50,2002_Nescac_Msd_Results,Colby,"Cole, John",Prelim,29.14,29.14
2002,50_Breaststroke,Breaststroke,Men,50,2002_Nescac_Msd_Results,Connecticut College,"Garner, Josh",Final,28.06,28.06
2002,50_Breaststroke,Breaststroke,Men,50,2002_Nescac_Msd_Results,Hamilton,"Chung, Tae",Final,27.98,27.98
2002,50_Breaststroke,Breaststroke,Men,50,2002_Nescac_Msd_Results,Middlebury,"Malloy, Mike",Final,27.43,27.43
2002,50_Breaststroke,Breaststroke,Men,50,2002_Nescac_Msd_Results,Trinity,"Rorer, Chris K",Final,27.97,27.97
2002,50_Breaststroke,Breaststroke,Men,50,2002_Nescac_Msd_Results,Tufts,"Rochette, Mike",Final,27.33,27.33
2002,50_Breaststroke,Breaststroke,Men,50,2002_Nescac_Msd_Results,Williams,"Gansner, Elliot",Final,26.46,26.46
2002,50_Butterfly,Butterfly,Men,50,2002_Nescac_Msd_Results,Amherst,"Sunderland, Jeff",Final,24.04,24.04
2002,50_Butterfly,Butterfly,Men,50,2002_Nescac_Msd_Results,Bates,"Bowden, Adam",Final,23.69,23.69
2002,50_Butterfly,Butterfly,Men,50,2002_Nescac_Msd_Results,Bowdoin,"Anson, Robie",Final,23.66,23.66
2002,50_Butterfly,Butterfly,Men,50,2002_Nescac_Msd_Results,Colby,"Battista, Nick",Final,24.17,24.17
2002,50_Butterfly,Butterfly,Men,50,2002_Nescac_Msd_Results,Connecticut College,"Longmire, Andrew",Prelim,25.36,25.36
2002,50_Butterfly,Butterfly,Men,50,2002_Nescac_Msd_Results,Hamilton,"Baker, Jim",Final,24.32,24.32
2002,50_Butterfly,Butterfly,Men,50,2002_Nescac_Msd_Results,Middlebury,"Stuntz, Grayson",Prelim,23.2,23.20
2002,50_Butterfly,Butterfly,Men,50,2002_Nescac_Msd_Results,Trinity,"Hammond, Jesse C",Final,24.34,24.34
2002,50_Butterfly,Butterfly,Men,50,2002_Nescac_Msd_Results,Tufts,"Ely, Andrew",Final,24.02,24.02
2002,50_Butterfly,Butterfly,Men,50,2002_Nescac_Msd_Results,Wesleyan,"Cleveland, Tom",Final,24.24,24.24
2002,50_Butterfly,Butterfly,Men,50,2002_Nescac_Msd_Results,Williams,"Krissoff, Nate",Final,23.47,23.47
2002,50_Freestyle,Freestyle,Men,50,2002_Nescac_Msd_Results,Amherst,"Kennedy, Pat",Prelim,21.21,21.21
2002,50_Freestyle,Freestyle,Men,50,2002_Nescac_Msd_Results,Bates,"Bretl, Todd",Final,22.18,22.18
2002,50_Freestyle,Freestyle,Men,50,2002_Nescac_Msd_Results,Bowdoin,"Long, Mike",Final,21.87,21.87
2002,50_Freestyle,Freestyle,Men,50,2002_Nescac_Msd_Results,Colby,"Walendziak, Nick",Final,20.93,20.93&
2002,50_Freestyle,Freestyle,Men,50,2002_Nescac_Msd_Results,Connecticut College,"Sayre, Joe",Prelim,21.64,21.64
2002,50_Freestyle,Freestyle,Men,50,2002_Nescac_Msd_Results,Hamilton,"Saunders, Andrew",Final,21.27,21.27
2002,50_Freestyle,Freestyle,Men,50,2002_Nescac_Msd_Results,Middlebury,"Hawkins, David",Final,21.6,21.60
2002,50_Freestyle,Freestyle,Men,50,2002_Nescac_Msd_Results,Trinity,"Hammond, Jesse C",Prelim,21.95,21.95
2002,50_Freestyle,Freestyle,Men,50,2002_Nescac_Msd_Results,Tufts,"Edson, Ed",Prelim,21.81,21.81
2002,50_Freestyle,Freestyle,Men,50,2002_Nescac_Msd_Results,Wesleyan,"Heynen, Dominik",Prelim,23.17,23.17
2002,50_Freestyle,Freestyle,Men,50,2002_Nescac_Msd_Results,Williams,"Krissoff, Nate",Final,21.86,21.86
2003,100_Backstroke,Backstroke,Men,100,2003_Nescac_Msd_Results,Amherst,"Estacio, Rick",Final,51.39,51.39
2003,100_Backstroke,Backstroke,Men,100,2003_Nescac_Msd_Results,Bates,"Legault, Craig",Prelim,55.72,55.72
2003,100_Backstroke,Backstroke,Men,100,2003_Nescac_Msd_Results,Bowdoin,"Anson, Robie",Prelim,57.57,57.57
2003,100_Backstroke,Backstroke,Men,100,2003_Nescac_Msd_Results,Colby,"Goodman, Al",Prelim,56.03,56.03
2003,100_Backstroke,Backstroke,Men,100,2003_Nescac_Msd_Results,Connecticut College,"Hoyt, Alex",Final,56.44,56.44
2003,100_Backstroke,Backstroke,Men,100,2003_Nescac_Msd_Results,Hamilton,"Lawrence, Aran",Final,53.5,53.50
2003,100_Backstroke,Backstroke,Men,100,2003_Nescac_Msd_Results,Middlebury,"Korsmeyer, Jason",Final,53.12,53.12
2003,100_Backstroke,Backstroke,Men,100,2003_Nescac_Msd_Results,Trinity,"DeRosa, Matt J",Prelim,55.94,55.94
2003,100_Backstroke,Backstroke,Men,100,2003_Nescac_Msd_Results,Tufts,"Godsey, John",Final,52.38,52.38
2003,100_Backstroke,Backstroke,Men,100,2003_Nescac_Msd_Results,Williams,"Albohm, Blake",Final,52.7,52.70
2003,100_Breaststroke,Breaststroke,Men,100,2003_Nescac_Msd_Results,Amherst,"Pohorylo, Mike",Final,57.22,57.22
2003,100_Breaststroke,Breaststroke,Men,100,2003_Nescac_Msd_Results,Bates,"Johannessen, Grant",Prelim,64.16,1:04.16
2003,100_Breaststroke,Breaststroke,Men,100,2003_Nescac_Msd_Results,Colby,"Cole, John",Final,62.01,1:02.01
2003,100_Breaststroke,Breaststroke,Men,100,2003_Nescac_Msd_Results,Connecticut College,"Garner, Josh",Final,60.6,1:00.60
2003,100_Breaststroke,Breaststroke,Men,100,2003_Nescac_Msd_Results,Hamilton,"Morris, Steve",Final,58.84,58.84
2003,100_Breaststroke,Breaststroke,Men,100,2003_Nescac_Msd_Results,Middlebury,"Kinney, Stephen",Prelim,59.81,59.81
2003,100_Breaststroke,Breaststroke,Men,100,2003_Nescac_Msd_Results,Trinity,"Tobin, Mike D",Prelim,68.96000000000001,1:08.96
2003,100_Breaststroke,Breaststroke,Men,100,2003_Nescac_Msd_Results,Tufts,"Lahey, Ryan",Final,60.69,1:00.69
2003,100_Breaststroke,Breaststroke,Men,100,2003_Nescac_Msd_Results,Wesleyan,"Blondin, Nick",Prelim,63.24,1:03.24
2003,100_Breaststroke,Breaststroke,Men,100,2003_Nescac_Msd_Results,Williams,"Loveless, Jon",Prelim,59.5,59.50
2003,100_Butterfly,Butterfly,Men,100,2003_Nescac_Msd_Results,Amherst,"Woo, Bryan",Final,51.08,51.08
2003,100_Butterfly,Butterfly,Men,100,2003_Nescac_Msd_Results,Bates,"Bowden, Adam",Final,52.39,52.39
2003,100_Butterfly,Butterfly,Men,100,2003_Nescac_Msd_Results,Bowdoin,"Burleigh, Roger",Final,52.3,52.30
2003,100_Butterfly,Butterfly,Men,100,2003_Nescac_Msd_Results,Colby,"Shanahan Jr., Kearney",Prelim,54.97,54.97
2003,100_Butterfly,Butterfly,Men,100,2003_Nescac_Msd_Results,Hamilton,"Baker, Jim",Final,55.12,55.12
2003,100_Butterfly,Butterfly,Men,100,2003_Nescac_Msd_Results,Middlebury,"Hawkins, David",Final,51.27,51.27
2003,100_Butterfly,Butterfly,Men,100,2003_Nescac_Msd_Results,Trinity,"Menke, Scott S",Prelim,61.57,1:01.57
2003,100_Butterfly,Butterfly,Men,100,2003_Nescac_Msd_Results,Tufts,"Baker, Brett",Final,52.33,52.33
2003,100_Butterfly,Butterfly,Men,100,2003_Nescac_Msd_Results,Wesleyan,"Tanz, Josh",Prelim,53.44,53.44
2003,100_Butterfly,Butterfly,Men,100,2003_Nescac_Msd_Results,Williams,"Pepe, Nick",Final,50.78,50.78
2003,100_Freestyle,Freestyle,Men,100,2003_Nescac_Msd_Results,Amherst,"Clinton, Chuck",Prelim,47.74,47.74
2003,100_Freestyle,Freestyle,Men,100,2003_Nescac_Msd_Results,Bates,"Bowden, Adam",Final,48.34,48.34
2003,100_Freestyle,Freestyle,Men,100,2003_Nescac_Msd_Results,Bowdoin,"Eisenberg, Yaron",Prelim,63.0,1:03.00
2003,100_Freestyle,Freestyle,Men,100,2003_Nescac_Msd_Results,Colby,"Ireland, Tom",Prelim,47.76,47.76
2003,100_Freestyle,Freestyle,Men,100,2003_Nescac_Msd_Results,Connecticut College,"Landry, Zach",Prelim,50.02,50.02
2003,100_Freestyle,Freestyle,Men,100,2003_Nescac_Msd_Results,Hamilton,"Lawrence, Aran",Final,46.95,46.95
2003,100_Freestyle,Freestyle,Men,100,2003_Nescac_Msd_Results,Middlebury,"Clark, Matt",Final,47.14,47.14
2003,100_Freestyle,Freestyle,Men,100,2003_Nescac_Msd_Results,Trinity,"Hammond, Jesse C",Final,47.99,47.99
2003,100_Freestyle,Freestyle,Men,100,2003_Nescac_Msd_Results,Tufts,"Halpert, Rich",Final,47.12,47.12
2003,100_Freestyle,Freestyle,Men,100,2003_Nescac_Msd_Results,Wesleyan,"McCue, Will",Prelim,48.04,48.04
2003,100_Freestyle,Freestyle,Men,100,2003_Nescac_Msd_Results,Williams,"Brecher, Brad",Prelim,46.84,46.84
2003,200_Backstroke,Backstroke,Men,200,2003_Nescac_Msd_Results,Amherst,"Estacio, Rick",Final,112.35,1:52.35
2003,200_Backstroke,Backstroke,Men,200,2003_Nescac_Msd_Results,Bates,"Legault, Craig",Final,121.86,2:01.86
2003,200_Backstroke,Backstroke,Men,200,2003_Nescac_Msd_Results,Bowdoin,"Boutin, Ryan",Final,130.82,2:10.82
2003,200_Backstroke,Backstroke,Men,200,2003_Nescac_Msd_Results,Colby,"Dubois, Justin",Prelim,119.53,1:59.53
2003,200_Backstroke,Backstroke,Men,200,2003_Nescac_Msd_Results,Hamilton,"Delia, Ben",Prelim,120.75,2:00.75
2003,200_Backstroke,Backstroke,Men,200,2003_Nescac_Msd_Results,Middlebury,"Korsmeyer, Jason",Final,117.02000000000001,1:57.02
2003,200_Backstroke,Backstroke,Men,200,2003_Nescac_Msd_Results,Trinity,"DeRosa, Matt J",Final,120.65,2:00.65
2003,200_Backstroke,Backstroke,Men,200,2003_Nescac_Msd_Results,Tufts,"Godsey, John",Final,114.08,1:54.08
2003,200_Backstroke,Backstroke,Men,200,2003_Nescac_Msd_Results,Wesleyan,"Webster, Zach",Prelim,119.61,1:59.61
2003,200_Backstroke,Backstroke,Men,200,2003_Nescac_Msd_Results,Williams,"Cunningham, Will",Final,111.55,1:51.55
2003,200_Breaststroke,Breaststroke,Men,200,2003_Nescac_Msd_Results,Amherst,"Pohorylo, Mike",Final,124.91,2:04.91&
2003,200_Breaststroke,Breaststroke,Men,200,2003_Nescac_Msd_Results,Bates,"Eggert, Adam",Final,140.21,2:20.21
2003,200_Breaststroke,Breaststroke,Men,200,2003_Nescac_Msd_Results,Bowdoin,"Namsoo, Lee",Prelim,181.05,3:01.05
2003,200_Breaststroke,Breaststroke,Men,200,2003_Nescac_Msd_Results,Colby,"DeSantis, Chris",Final,135.86,2:15.86
2003,200_Breaststroke,Breaststroke,Men,200,2003_Nescac_Msd_Results,Connecticut College,"Garner, Josh",Final,135.83,2:15.83
2003,200_Breaststroke,Breaststroke,Men,200,2003_Nescac_Msd_Results,Hamilton,"Morris, Steve",Prelim,129.44,2:09.44
2003,200_Breaststroke,Breaststroke,Men,200,2003_Nescac_Msd_Results,Middlebury,"Demas, Alex",Final,128.02,2:08.02
2003,200_Breaststroke,Breaststroke,Men,200,2003_Nescac_Msd_Results,Trinity,"Tobin, Mike D",Prelim,151.21,2:31.21
2003,200_Breaststroke,Breaststroke,Men,200,2003_Nescac_Msd_Results,Tufts,"Duckworth, Tyler",Final,130.34,2:10.34
2003,200_Breaststroke,Breaststroke,Men,200,2003_Nescac_Msd_Results,Wesleyan,"Blondin, Nick",Prelim,136.36,2:16.36
2003,200_Breaststroke,Breaststroke,Men,200,2003_Nescac_Msd_Results,Williams,"Burton, Oliver",Final,134.6,2:14.60
2003,200_Butterfly,Butterfly,Men,200,2003_Nescac_Msd_Results,Amherst,"Woo, Bryan",Prelim,114.53999999999999,1:54.54
2003,200_Butterfly,Butterfly,Men,200,2003_Nescac_Msd_Results,Bates,"Curll, Nathan",Prelim,120.11,2:00.11
2003,200_Butterfly,Butterfly,Men,200,2003_Nescac_Msd_Results,Bowdoin,"Burleigh, Roger",Prelim,114.57,1:54.57
2003,200_Butterfly,Butterfly,Men,200,2003_Nescac_Msd_Results,Colby,"Shanahan Jr., Kearney",Final,125.34,2:05.34
2003,200_Butterfly,Butterfly,Men,200,2003_Nescac_Msd_Results,Hamilton,"Reed, Tim",Prelim,114.44,1:54.44
2003,200_Butterfly,Butterfly,Men,200,2003_Nescac_Msd_Results,Middlebury,"Ellis, Jon",Final,118.1,1:58.10
2003,200_Butterfly,Butterfly,Men,200,2003_Nescac_Msd_Results,Tufts,"Baron, Seth",Final,115.78,1:55.78
2003,200_Butterfly,Butterfly,Men,200,2003_Nescac_Msd_Results,Wesleyan,"Tanz, Josh",Final,120.64,2:00.64
2003,200_Butterfly,Butterfly,Men,200,2003_Nescac_Msd_Results,Williams,"Welsh, Bryan",Final,114.87,1:54.87
2003,200_Freestyle,Freestyle,Men,200,2003_Nescac_Msd_Results,Amherst,"Savage, Dan",Prelim,105.72,1:45.72
2003,200_Freestyle,Freestyle,Men,200,2003_Nescac_Msd_Results,Bowdoin,"Harden, Dave",Prelim,111.59,1:51.59
2003,200_Freestyle,Freestyle,Men,200,2003_Nescac_Msd_Results,Colby,"Henderson-Cohen, M",Prelim,132.54,2:12.54
2003,200_Freestyle,Freestyle,Men,200,2003_Nescac_Msd_Results,Connecticut College,"Landry, Zach",Final,109.78,1:49.78
2003,200_Freestyle,Freestyle,Men,200,2003_Nescac_Msd_Results,Hamilton,"Thompson, Kevin",Prelim,104.84,1:44.84
2003,200_Freestyle,Freestyle,Men,200,2003_Nescac_Msd_Results,Middlebury,"Krissoff, Austin",Final,105.21000000000001,1:45.21
2003,200_Freestyle,Freestyle,Men,200,2003_Nescac_Msd_Results,Trinity,"Bares, Ryan D",Prelim,115.95,1:55.95
2003,200_Freestyle,Freestyle,Men,200,2003_Nescac_Msd_Results,Tufts,"Halpert, Rich",Final,103.94,1:43.94
2003,200_Freestyle,Freestyle,Men,200,2003_Nescac_Msd_Results,Wesleyan,"Webster, Zach",Prelim,107.55,1:47.55
2003,200_Freestyle,Freestyle,Men,200,2003_Nescac_Msd_Results,Williams,"Cunningham, Will",Final,101.32,1:41.32&
2003,200_IM,IM,Men,200,2003_Nescac_Msd_Results,Amherst,"Pohorylo, Mike",Final,114.71000000000001,1:54.71
2003,200_IM,IM,Men,200,2003_Nescac_Msd_Results,Bates,"Eggert, Adam",Final,120.69,2:00.69
2003,200_IM,IM,Men,200,2003_Nescac_Msd_Results,Bowdoin,"Lewis, Jason",Prelim,127.56,2:07.56
2003,200_IM,IM,Men,200,2003_Nescac_Msd_Results,Colby,"Dubois, Justin",Prelim,118.05,1:58.05
2003,200_IM,IM,Men,200,2003_Nescac_Msd_Results,Hamilton,"Wilson, Jeff",Prelim,117.65,1:57.65
2003,200_IM,IM,Men,200,2003_Nescac_Msd_Results,Middlebury,"Rahal, Adam",Prelim,118.2,1:58.20
2003,200_IM,IM,Men,200,2003_Nescac_Msd_Results,Tufts,"Duckworth, Tyler",Final,117.94,1:57.94
2003,200_IM,IM,Men,200,2003_Nescac_Msd_Results,Wesleyan,"Mitchell, Rob",Final,119.71000000000001,1:59.71
2003,200_IM,IM,Men,200,2003_Nescac_Msd_Results,Williams,"Cunningham, Will",Final,113.28999999999999,1:53.29
2003,400_IM,IM,Men,400,2003_Nescac_Msd_Results,Amherst,"Hagerty, Ed",Final,246.75,4:06.75
2003,400_IM,IM,Men,400,2003_Nescac_Msd_Results,Bates,"Eggert, Adam",Prelim,263.21,4:23.21
2003,400_IM,IM,Men,400,2003_Nescac_Msd_Results,Bowdoin,"Lewis, Jason",Final,280.5,4:40.50
2003,400_IM,IM,Men,400,2003_Nescac_Msd_Results,Colby,"Dubois, Justin",Final,256.45,4:16.45
2003,400_IM,IM,Men,400,2003_Nescac_Msd_Results,Connecticut College,"Dutton, Andrew",Final,266.0,4:26.00
2003,400_IM,IM,Men,400,2003_Nescac_Msd_Results,Hamilton,"Wilson, Jeff",Prelim,252.3,4:12.30
2003,400_IM,IM,Men,400,2003_Nescac_Msd_Results,Middlebury,"Demas, Alex",Final,251.29,4:11.29
2003,400_IM,IM,Men,400,2003_Nescac_Msd_Results,Tufts,"Duckworth, Tyler",Prelim,252.58,4:12.58
2003,400_IM,IM,Men,400,2003_Nescac_Msd_Results,Wesleyan,"Mitchell, Rob",Final,260.1,4:20.10
2003,400_IM,IM,Men,400,2003_Nescac_Msd_Results,Williams,"Borland, Seth",Final,244.85,4:04.85
2003,500_Freestyle,Freestyle,Men,500,2003_Nescac_Msd_Results,Amherst,"Shapiro, Steve",Prelim,278.64,4:38.64
2003,500_Freestyle,Freestyle,Men,500,2003_Nescac_Msd_Results,Bates,"Bear, Dave",Final,287.31,4:47.31
2003,500_Freestyle,Freestyle,Men,500,2003_Nescac_Msd_Results,Bowdoin,"Harden, Dave",Prelim,303.53,5:03.53
2003,500_Freestyle,Freestyle,Men,500,2003_Nescac_Msd_Results,Connecticut College,"Dutton, Andrew",Final,296.58,4:56.58
2003,500_Freestyle,Freestyle,Men,500,2003_Nescac_Msd_Results,Hamilton,"Reed, Tim",Final,276.15,4:36.15
2003,500_Freestyle,Freestyle,Men,500,2003_Nescac_Msd_Results,Middlebury,"Krissoff, Austin",Final,283.43,4:43.43
2003,500_Freestyle,Freestyle,Men,500,2003_Nescac_Msd_Results,Trinity,"Greer, Christian K",Prelim,295.95,4:55.95
2003,500_Freestyle,Freestyle,Men,500,2003_Nescac_Msd_Results,Tufts,"Baron, Seth",Final,292.12,4:52.12
2003,500_Freestyle,Freestyle,Men,500,2003_Nescac_Msd_Results,Wesleyan,"Mitchell, Rob",Prelim,293.08,4:53.08
2003,500_Freestyle,Freestyle,Men,500,2003_Nescac_Msd_Results,Williams,"Vollmond-Carstens,",Final,277.31,4:37.31
2003,50_Backstroke,Backstroke,Men,50,2003_Nescac_Msd_Results,Amherst,"Estacio, Rick",Prelim,23.72,23.72
2003,50_Backstroke,Backstroke,Men,50,2003_Nescac_Msd_Results,Bates,"Legault, Craig",Final,25.52,25.52
2003,50_Backstroke,Backstroke,Men,50,2003_Nescac_Msd_Results,Bowdoin,"Kyle, Ian",Prelim,27.12,27.12
2003,50_Backstroke,Backstroke,Men,50,2003_Nescac_Msd_Results,Colby,"Goodman, Al",Prelim,26.01,26.01
2003,50_Backstroke,Backstroke,Men,50,2003_Nescac_Msd_Results,Connecticut College,"Hoyt, Alex",Final,26.33,26.33
2003,50_Backstroke,Backstroke,Men,50,2003_Nescac_Msd_Results,Hamilton,"Sipos, Joe",Final,26.68,26.68
2003,50_Backstroke,Backstroke,Men,50,2003_Nescac_Msd_Results,Middlebury,"Korsmeyer, Jason",Final,24.96,24.96
2003,50_Backstroke,Backstroke,Men,50,2003_Nescac_Msd_Results,Trinity,"DeRosa, Matt J",Prelim,26.19,26.19
2003,50_Backstroke,Backstroke,Men,50,2003_Nescac_Msd_Results,Tufts,"Godsey, John",Final,24.16,24.16
2003,50_Backstroke,Backstroke,Men,50,2003_Nescac_Msd_Results,Williams,"Albohm, Blake",Final,24.52,24.52
2003,50_Breaststroke,Breaststroke,Men,50,2003_Nescac_Msd_Results,Amherst,"Kennedy, Pat",Prelim,26.36,26.36
2003,50_Breaststroke,Breaststroke,Men,50,2003_Nescac_Msd_Results,Bates,"Johannessen, Grant",Final,29.45,29.45
2003,50_Breaststroke,Breaststroke,Men,50,2003_Nescac_Msd_Results,Bowdoin,"Long, Mike",Prelim,27.52,27.52
2003,50_Breaststroke,Breaststroke,Men,50,2003_Nescac_Msd_Results,Colby,"DeSantis, Chris",Prelim,28.21,28.21
2003,50_Breaststroke,Breaststroke,Men,50,2003_Nescac_Msd_Results,Connecticut College,"Garner, Josh",Prelim,27.9,27.90
2003,50_Breaststroke,Breaststroke,Men,50,2003_Nescac_Msd_Results,Hamilton,"Morris, Steve",Final,27.42,27.42
2003,50_Breaststroke,Breaststroke,Men,50,2003_Nescac_Msd_Results,Middlebury,"Kinney, Stephen",Final,26.97,26.97
2003,50_Breaststroke,Breaststroke,Men,50,2003_Nescac_Msd_Results,Tufts,"Rochette, Mike",Final,27.15,27.15
2003,50_Breaststroke,Breaststroke,Men,50,2003_Nescac_Msd_Results,Wesleyan,"Zebrowski, Alec",Prelim,29.76,29.76
2003,50_Breaststroke,Breaststroke,Men,50,2003_Nescac_Msd_Results,Williams,"Loveless, Jon",Prelim,27.34,27.34
2003,50_Butterfly,Butterfly,Men,50,2003_Nescac_Msd_Results,Amherst,"Woo, Bryan",Prelim,23.2,23.20
2003,50_Butterfly,Butterfly,Men,50,2003_Nescac_Msd_Results,Bates,"Bowden, Adam",Final,23.29,23.29
2003,50_Butterfly,Butterfly,Men,50,2003_Nescac_Msd_Results,Bowdoin,"Burleigh, Roger",Final,24.13,24.13
2003,50_Butterfly,Butterfly,Men,50,2003_Nescac_Msd_Results,Colby,"Battista, Nick",Prelim,24.88,24.88
2003,50_Butterfly,Butterfly,Men,50,2003_Nescac_Msd_Results,Connecticut College,"Hoyt, Alex",Final,24.69,24.69
2003,50_Butterfly,Butterfly,Men,50,2003_Nescac_Msd_Results,Hamilton,"Baker, Jim",Prelim,24.11,24.11
2003,50_Butterfly,Butterfly,Men,50,2003_Nescac_Msd_Results,Middlebury,"Hawkins, David",Final,23.39,23.39
2003,50_Butterfly,Butterfly,Men,50,2003_Nescac_Msd_Results,Trinity,"Hammond, Jesse C",Final,24.29,24.29
2003,50_Butterfly,Butterfly,Men,50,2003_Nescac_Msd_Results,Tufts,"Baker, Brett",Prelim,23.84,23.84
2003,50_Butterfly,Butterfly,Men,50,2003_Nescac_Msd_Results,Wesleyan,"Tanz, Josh",Final,24.31,24.31
2003,50_Butterfly,Butterfly,Men,50,2003_Nescac_Msd_Results,Williams,"Albohm, Blake",Final,23.24,23.24
2003,50_Freestyle,Freestyle,Men,50,2003_Nescac_Msd_Results,Amherst,"Cahill, Mike",Prelim,23.17,23.17
2003,50_Freestyle,Freestyle,Men,50,2003_Nescac_Msd_Results,Bates,"Bretl, Todd",Prelim,21.85,21.85
2003,50_Freestyle,Freestyle,Men,50,2003_Nescac_Msd_Results,Bowdoin,"Long, Mike",Final,21.26,21.26
2003,50_Freestyle,Freestyle,Men,50,2003_Nescac_Msd_Results,Colby,"Ireland, Tom",Final,21.47,21.47
2003,50_Freestyle,Freestyle,Men,50,2003_Nescac_Msd_Results,Connecticut College,"Breed, Wynne",Prelim,22.81,22.81
2003,50_Freestyle,Freestyle,Men,50,2003_Nescac_Msd_Results,Hamilton,"Lawrence, Aran",Final,21.08,21.08
2003,50_Freestyle,Freestyle,Men,50,2003_Nescac_Msd_Results,Middlebury,"Clark, Matt",Final,21.64,21.64
2003,50_Freestyle,Freestyle,Men,50,2003_Nescac_Msd_Results,Trinity,"Hammond, Jesse C",Prelim,21.52,21.52
2003,50_Freestyle,Freestyle,Men,50,2003_Nescac_Msd_Results,Tufts,"Burbach, Andrew",Final,21.65,21.65
2003,50_Freestyle,Freestyle,Men,50,2003_Nescac_Msd_Results,Wesleyan,"Cleveland, Tom",Final,21.88,21.88
2003,50_Freestyle,Freestyle,Men,50,2003_Nescac_Msd_Results,Williams,"Orjuela, Zach",Prelim,22.08,22.08
2004,100_Backstroke,Backstroke,Men,100,2004_Nescac_Msd_Results,Amherst,"Estacio, Rick",Final,51.97,51.97
2004,100_Backstroke,Backstroke,Men,100,2004_Nescac_Msd_Results,Bates,"Bowden, Eric",Final,57.32,57.32
2004,100_Backstroke,Backstroke,Men,100,2004_Nescac_Msd_Results,Bowdoin,"Lewis, Jason",Final,58.02,58.02
2004,100_Backstroke,Backstroke,Men,100,2004_Nescac_Msd_Results,Colby,"Dewey, Jabez",Final,52.24,52.24
2004,100_Backstroke,Backstroke,Men,100,2004_Nescac_Msd_Results,Connecticut College,"Hoyt, Alex",Prelim,55.76,55.76
2004,100_Backstroke,Backstroke,Men,100,2004_Nescac_Msd_Results,Hamilton,"Lawrence, Aran",Final,54.89,54.89
2004,100_Backstroke,Backstroke,Men,100,2004_Nescac_Msd_Results,Middlebury,"Korsmeyer, Jason",Final,52.83,52.83
2004,100_Backstroke,Backstroke,Men,100,2004_Nescac_Msd_Results,Trinity,"DeRosa, Matt",Prelim,56.35,56.35
2004,100_Backstroke,Backstroke,Men,100,2004_Nescac_Msd_Results,Tufts,"Godsey, Jon",Final,53.18,53.18
2004,100_Backstroke,Backstroke,Men,100,2004_Nescac_Msd_Results,Wesleyan,"Webster, Zach",Prelim,54.36,54.36
2004,100_Backstroke,Backstroke,Men,100,2004_Nescac_Msd_Results,Williams,"Cunningham, Will",Final,49.58,49.58
2004,100_Breaststroke,Breaststroke,Men,100,2004_Nescac_Msd_Results,Amherst,"Pohorylo, Mike",Final,56.62,56.62
2004,100_Breaststroke,Breaststroke,Men,100,2004_Nescac_Msd_Results,Bates,"Eggert, Adam",Prelim,62.75,1:02.75
2004,100_Breaststroke,Breaststroke,Men,100,2004_Nescac_Msd_Results,Bowdoin,"Hyde, Nate",Final,63.45,1:03.45
2004,100_Breaststroke,Breaststroke,Men,100,2004_Nescac_Msd_Results,Colby,"Dean, Patrick",Final,60.67,1:00.67
2004,100_Breaststroke,Breaststroke,Men,100,2004_Nescac_Msd_Results,Connecticut College,"Kyne, Bob",Final,60.83,1:00.83
2004,100_Breaststroke,Breaststroke,Men,100,2004_Nescac_Msd_Results,Hamilton,"Morris, Steve",Final,58.94,58.94
2004,100_Breaststroke,Breaststroke,Men,100,2004_Nescac_Msd_Results,Middlebury,"Lux, Tim",Final,58.67,58.67
2004,100_Breaststroke,Breaststroke,Men,100,2004_Nescac_Msd_Results,Trinity,"Rorer, Chris",Prelim,59.85,59.85
2004,100_Breaststroke,Breaststroke,Men,100,2004_Nescac_Msd_Results,Tufts,"Rochette, Mike",Final,60.5,1:00.50
2004,100_Breaststroke,Breaststroke,Men,100,2004_Nescac_Msd_Results,Wesleyan,"Blondin, Nick",Final,63.66,1:03.66
2004,100_Breaststroke,Breaststroke,Men,100,2004_Nescac_Msd_Results,Williams,"Loveless, Jon",Final,59.47,59.47
2004,100_Butterfly,Butterfly,Men,100,2004_Nescac_Msd_Results,Amherst,"Woo, Bryan",Prelim,50.68,50.68
2004,100_Butterfly,Butterfly,Men,100,2004_Nescac_Msd_Results,Bates,"Curll, Nathan",Prelim,52.22,52.22
2004,100_Butterfly,Butterfly,Men,100,2004_Nescac_Msd_Results,Bowdoin,"Burleigh, Roger",Prelim,52.4,52.40
2004,100_Butterfly,Butterfly,Men,100,2004_Nescac_Msd_Results,Colby,"Battista, Nick",Prelim,54.28,54.28
2004,100_Butterfly,Butterfly,Men,100,2004_Nescac_Msd_Results,Connecticut College,"Nasuti, Sam",Prelim,56.97,56.97
2004,100_Butterfly,Butterfly,Men,100,2004_Nescac_Msd_Results,Hamilton,"Fink, Andrew",Final,51.46,51.46
2004,100_Butterfly,Butterfly,Men,100,2004_Nescac_Msd_Results,Middlebury,"Hawkins, David",Final,51.05,51.05
2004,100_Butterfly,Butterfly,Men,100,2004_Nescac_Msd_Results,Trinity,"Fink, Andrew",Prelim,55.55,55.55
2004,100_Butterfly,Butterfly,Men,100,2004_Nescac_Msd_Results,Tufts,"Baron, Seth",Prelim,52.6,52.60
2004,100_Butterfly,Butterfly,Men,100,2004_Nescac_Msd_Results,Wesleyan,"Tanz, Josh",Final,51.98,51.98
2004,100_Butterfly,Butterfly,Men,100,2004_Nescac_Msd_Results,Williams,"Pepe, Nick",Final,50.62,50.62&
2004,100_Freestyle,Freestyle,Men,100,2004_Nescac_Msd_Results,Amherst,"Woo, Bryan",Final,47.1,47.10
2004,100_Freestyle,Freestyle,Men,100,2004_Nescac_Msd_Results,Bates,"Bretl, Todd",Final,47.72,47.72
2004,100_Freestyle,Freestyle,Men,100,2004_Nescac_Msd_Results,Bowdoin,"Long, Mike",Final,47.88,47.88
2004,100_Freestyle,Freestyle,Men,100,2004_Nescac_Msd_Results,Colby,"Ireland, Tom",Prelim,48.71,48.71
2004,100_Freestyle,Freestyle,Men,100,2004_Nescac_Msd_Results,Connecticut College,"Borgelt, Nate",Prelim,50.37,50.37
2004,100_Freestyle,Freestyle,Men,100,2004_Nescac_Msd_Results,Hamilton,"Lawrence, Aran",Prelim,46.71,46.71
2004,100_Freestyle,Freestyle,Men,100,2004_Nescac_Msd_Results,Middlebury,"Clark, Matt",Prelim,48.15,48.15
2004,100_Freestyle,Freestyle,Men,100,2004_Nescac_Msd_Results,Trinity,"Leamon, Adam",Prelim,49.04,49.04
2004,100_Freestyle,Freestyle,Men,100,2004_Nescac_Msd_Results,Tufts,"Halpert, Rich",Prelim,47.31,47.31
2004,100_Freestyle,Freestyle,Men,100,2004_Nescac_Msd_Results,Wesleyan,"Devine, Dan",Prelim,48.13,48.13
2004,100_Freestyle,Freestyle,Men,100,2004_Nescac_Msd_Results,Williams,"Gallucci, Nick",Prelim,46.81,46.81
2004,200_Backstroke,Backstroke,Men,200,2004_Nescac_Msd_Results,Amherst,"Estacio, Rick",Final,111.93,1:51.93
2004,200_Backstroke,Backstroke,Men,200,2004_Nescac_Msd_Results,Bates,"Bowden, Eric",Final,121.88,2:01.88
2004,200_Backstroke,Backstroke,Men,200,2004_Nescac_Msd_Results,Bowdoin,"Lewis, Jason",Final,128.01,2:08.01
2004,200_Backstroke,Backstroke,Men,200,2004_Nescac_Msd_Results,Colby,"Dewey, Jabez",Final,116.97,1:56.97
2004,200_Backstroke,Backstroke,Men,200,2004_Nescac_Msd_Results,Hamilton,"Delia, Ben",Prelim,119.52000000000001,1:59.52
2004,200_Backstroke,Backstroke,Men,200,2004_Nescac_Msd_Results,Middlebury,"Collier, Rob",Final,111.88,1:51.88
2004,200_Backstroke,Backstroke,Men,200,2004_Nescac_Msd_Results,Trinity,"Anderson, Pete",Final,120.91,2:00.91
2004,200_Backstroke,Backstroke,Men,200,2004_Nescac_Msd_Results,Tufts,"Godsey, Jon",Prelim,115.55,1:55.55
2004,200_Backstroke,Backstroke,Men,200,2004_Nescac_Msd_Results,Wesleyan,"Webster, Zach",Prelim,118.21000000000001,1:58.21
2004,200_Backstroke,Backstroke,Men,200,2004_Nescac_Msd_Results,Williams,"McManic, Dave",Final,114.69,1:54.69
2004,200_Breaststroke,Breaststroke,Men,200,2004_Nescac_Msd_Results,Amherst,"Pohorylo, Mike",Final,122.17,2:02.17
2004,200_Breaststroke,Breaststroke,Men,200,2004_Nescac_Msd_Results,Bowdoin,"Goldstein, Max",Prelim,133.21,2:13.21
2004,200_Breaststroke,Breaststroke,Men,200,2004_Nescac_Msd_Results,Colby,"Dean, Patrick",Prelim,131.93,2:11.93
2004,200_Breaststroke,Breaststroke,Men,200,2004_Nescac_Msd_Results,Connecticut College,"Kyne, Bob",Final,131.21,2:11.21
2004,200_Breaststroke,Breaststroke,Men,200,2004_Nescac_Msd_Results,Hamilton,"Morris, Steve",Final,128.33,2:08.33
2004,200_Breaststroke,Breaststroke,Men,200,2004_Nescac_Msd_Results,Middlebury,"Lux, Tim",Final,127.02,2:07.02
2004,200_Breaststroke,Breaststroke,Men,200,2004_Nescac_Msd_Results,Trinity,"Lenihan, Mike",Final,130.8,2:10.80
2004,200_Breaststroke,Breaststroke,Men,200,2004_Nescac_Msd_Results,Tufts,"Duckworth, Tyler",Final,128.98,2:08.98
2004,200_Breaststroke,Breaststroke,Men,200,2004_Nescac_Msd_Results,Wesleyan,"Blondin, Nick",Final,138.74,2:18.74
2004,200_Breaststroke,Breaststroke,Men,200,2004_Nescac_Msd_Results,Williams,"Tartaglione, Rob",Final,132.39,2:12.39
2004,200_Butterfly,Butterfly,Men,200,2004_Nescac_Msd_Results,Amherst,"Treat, Ethan",Prelim,112.4,1:52.40
2004,200_Butterfly,Butterfly,Men,200,2004_Nescac_Msd_Results,Bates,"Curll, Nathan",Prelim,118.06,1:58.06
2004,200_Butterfly,Butterfly,Men,200,2004_Nescac_Msd_Results,Bowdoin,"Burleigh, Roger",Final,111.74000000000001,1:51.74
2004,200_Butterfly,Butterfly,Men,200,2004_Nescac_Msd_Results,Colby,"Adams, Ryan",Prelim,124.41,2:04.41
2004,200_Butterfly,Butterfly,Men,200,2004_Nescac_Msd_Results,Connecticut College,"Nasuti, Sam",Prelim,129.79,2:09.79
2004,200_Butterfly,Butterfly,Men,200,2004_Nescac_Msd_Results,Hamilton,"Reed, Tim",Final,116.85,1:56.85
2004,200_Butterfly,Butterfly,Men,200,2004_Nescac_Msd_Results,Middlebury,"Ellis, Jon",Final,120.4,2:00.40
2004,200_Butterfly,Butterfly,Men,200,2004_Nescac_Msd_Results,Trinity,"Fink, Andrew",Prelim,130.05,2:10.05
2004,200_Butterfly,Butterfly,Men,200,2004_Nescac_Msd_Results,Tufts,"Baron, Seth",Final,115.27000000000001,1:55.27
2004,200_Butterfly,Butterfly,Men,200,2004_Nescac_Msd_Results,Wesleyan,"Tanz, Josh",Final,116.71000000000001,1:56.71
2004,200_Butterfly,Butterfly,Men,200,2004_Nescac_Msd_Results,Williams,"Welsh, Bryan",Final,113.09,1:53.09
2004,200_Freestyle,Freestyle,Men,200,2004_Nescac_Msd_Results,Amherst,"Clinton, Charles",Final,105.35,1:45.35
2004,200_Freestyle,Freestyle,Men,200,2004_Nescac_Msd_Results,Bates,"Youmans, Will",Final,107.9,1:47.90
2004,200_Freestyle,Freestyle,Men,200,2004_Nescac_Msd_Results,Bowdoin,"Kyle, Ian",Final,108.22999999999999,1:48.23
2004,200_Freestyle,Freestyle,Men,200,2004_Nescac_Msd_Results,Colby,"Thompson, Ken",Prelim,116.19,1:56.19
2004,200_Freestyle,Freestyle,Men,200,2004_Nescac_Msd_Results,Connecticut College,"Phillips, Adam",Prelim,109.72999999999999,1:49.73
2004,200_Freestyle,Freestyle,Men,200,2004_Nescac_Msd_Results,Hamilton,"Warner, Christian",Final,104.11,1:44.11
2004,200_Freestyle,Freestyle,Men,200,2004_Nescac_Msd_Results,Middlebury,"Lamere, Jamie",Prelim,106.14,1:46.14
2004,200_Freestyle,Freestyle,Men,200,2004_Nescac_Msd_Results,Trinity,"Silva, Mark",Prelim,117.95,1:57.95
2004,200_Freestyle,Freestyle,Men,200,2004_Nescac_Msd_Results,Tufts,"Baker, Brett",Final,104.22,1:44.22
2004,200_Freestyle,Freestyle,Men,200,2004_Nescac_Msd_Results,Wesleyan,"Devine, Dan",Final,106.74000000000001,1:46.74
2004,200_Freestyle,Freestyle,Men,200,2004_Nescac_Msd_Results,Williams,"Cunningham, Will",Final,102.47,1:42.47
2004,200_IM,IM,Men,200,2004_Nescac_Msd_Results,Amherst,"Treat, Ethan",Final,112.03999999999999,1:52.04&
2004,200_IM,IM,Men,200,2004_Nescac_Msd_Results,Bowdoin,"Goldstein, Max",Final,115.63,1:55.63
2004,200_IM,IM,Men,200,2004_Nescac_Msd_Results,Colby,"Bartkiewicz, Mitch",Prelim,121.15,2:01.15
2004,200_IM,IM,Men,200,2004_Nescac_Msd_Results,Hamilton,"Wilson, Jeff",Final,117.52000000000001,1:57.52
2004,200_IM,IM,Men,200,2004_Nescac_Msd_Results,Middlebury,"Collier, Rob",Final,113.44,1:53.44
2004,200_IM,IM,Men,200,2004_Nescac_Msd_Results,Trinity,"Lenihan, Mike",Final,120.02,2:00.02
2004,200_IM,IM,Men,200,2004_Nescac_Msd_Results,Tufts,"Duckworth, Tyler",Prelim,117.41,1:57.41
2004,200_IM,IM,Men,200,2004_Nescac_Msd_Results,Wesleyan,"Webster, Zach",Final,119.75,1:59.75
2004,200_IM,IM,Men,200,2004_Nescac_Msd_Results,Williams,"Cunningham, Will",Final,112.18,1:52.18
2004,400_IM,IM,Men,400,2004_Nescac_Msd_Results,Amherst,"Treat, Ethan",Final,238.99,3:58.99
2004,400_IM,IM,Men,400,2004_Nescac_Msd_Results,Bates,"Eggert, Adam",Final,266.64,4:26.64
2004,400_IM,IM,Men,400,2004_Nescac_Msd_Results,Bowdoin,"Goldstein, Max",Final,251.33,4:11.33
2004,400_IM,IM,Men,400,2004_Nescac_Msd_Results,Colby,"Bartkiewicz, Mitch",Final,259.97,4:19.97
2004,400_IM,IM,Men,400,2004_Nescac_Msd_Results,Connecticut College,"Dutton, Andrew",Prelim,262.96,4:22.96
2004,400_IM,IM,Men,400,2004_Nescac_Msd_Results,Hamilton,"Connor, Ryan",Prelim,256.97,4:16.97
2004,400_IM,IM,Men,400,2004_Nescac_Msd_Results,Middlebury,"Collier, Rob",Final,242.22,4:02.22
2004,400_IM,IM,Men,400,2004_Nescac_Msd_Results,Tufts,"Duckworth, Tyler",Prelim,253.06,4:13.06
2004,400_IM,IM,Men,400,2004_Nescac_Msd_Results,Wesleyan,"Mitchell, Rob",Prelim,260.11,4:20.11
2004,400_IM,IM,Men,400,2004_Nescac_Msd_Results,Williams,"McManic, Dave",Final,240.59,4:00.59
2004,500_Freestyle,Freestyle,Men,500,2004_Nescac_Msd_Results,Amherst,"Shapiro, Steve",Prelim,282.36,4:42.36
2004,500_Freestyle,Freestyle,Men,500,2004_Nescac_Msd_Results,Bates,"Youmans, Will",Prelim,294.02,4:54.02
2004,500_Freestyle,Freestyle,Men,500,2004_Nescac_Msd_Results,Bowdoin,"Beckman, Colin",Prelim,323.65,5:23.65
2004,500_Freestyle,Freestyle,Men,500,2004_Nescac_Msd_Results,Colby,"Henderson-Cohen, M",Prelim,328.16,5:28.16
2004,500_Freestyle,Freestyle,Men,500,2004_Nescac_Msd_Results,Connecticut College,"Dutton, Andrew",Prelim,288.74,4:48.74
2004,500_Freestyle,Freestyle,Men,500,2004_Nescac_Msd_Results,Hamilton,"Reed, Tim",Prelim,281.09000000000003,4:41.09
2004,500_Freestyle,Freestyle,Men,500,2004_Nescac_Msd_Results,Middlebury,"Whittington, Karl",Final,282.84000000000003,4:42.84
2004,500_Freestyle,Freestyle,Men,500,2004_Nescac_Msd_Results,Trinity,"Greer, Christian",Prelim,292.22,4:52.22
2004,500_Freestyle,Freestyle,Men,500,2004_Nescac_Msd_Results,Tufts,"Baron, Seth",Final,287.49,4:47.49
2004,500_Freestyle,Freestyle,Men,500,2004_Nescac_Msd_Results,Wesleyan,"Byers, Ben",Final,280.71,4:40.71
2004,500_Freestyle,Freestyle,Men,500,2004_Nescac_Msd_Results,Williams,"Vollmond-Carstens,",Final,274.13,4:34.13
2004,50_Backstroke,Backstroke,Men,50,2004_Nescac_Msd_Results,Amherst,"Estacio, Rick",Final,23.79,23.79
2004,50_Backstroke,Backstroke,Men,50,2004_Nescac_Msd_Results,Bates,"Bowden, Eric",Prelim,26.84,26.84
2004,50_Backstroke,Backstroke,Men,50,2004_Nescac_Msd_Results,Bowdoin,"Pike, Jeff",Final,26.62,26.62
2004,50_Backstroke,Backstroke,Men,50,2004_Nescac_Msd_Results,Colby,"Dewey, Jabez",Final,24.55,24.55
2004,50_Backstroke,Backstroke,Men,50,2004_Nescac_Msd_Results,Connecticut College,"Hoyt, Alex",Prelim,25.82,25.82
2004,50_Backstroke,Backstroke,Men,50,2004_Nescac_Msd_Results,Hamilton,"Kearney, Tim",Prelim,25.75,25.75
2004,50_Backstroke,Backstroke,Men,50,2004_Nescac_Msd_Results,Middlebury,"Korsmeyer, Jason",Prelim,24.85,24.85
2004,50_Backstroke,Backstroke,Men,50,2004_Nescac_Msd_Results,Trinity,"DeRosa, Matt",Final,26.41,26.41
2004,50_Backstroke,Backstroke,Men,50,2004_Nescac_Msd_Results,Tufts,"Godsey, Jon",Final,24.61,24.61
2004,50_Backstroke,Backstroke,Men,50,2004_Nescac_Msd_Results,Williams,"Albohm, Blake",Final,24.6,24.60
2004,50_Breaststroke,Breaststroke,Men,50,2004_Nescac_Msd_Results,Amherst,"Ancona, John",Final,26.71,26.71
2004,50_Breaststroke,Breaststroke,Men,50,2004_Nescac_Msd_Results,Bates,"Eggert, Adam",Prelim,28.21,28.21
2004,50_Breaststroke,Breaststroke,Men,50,2004_Nescac_Msd_Results,Bowdoin,"Long, Mike",Final,27.77,27.77
2004,50_Breaststroke,Breaststroke,Men,50,2004_Nescac_Msd_Results,Colby,"DeSantis, Chris",Prelim,28.46,28.46
2004,50_Breaststroke,Breaststroke,Men,50,2004_Nescac_Msd_Results,Connecticut College,"Kyne, Bob",Prelim,28.09,28.09
2004,50_Breaststroke,Breaststroke,Men,50,2004_Nescac_Msd_Results,Hamilton,"Morris, Steve",Final,27.09,27.09
2004,50_Breaststroke,Breaststroke,Men,50,2004_Nescac_Msd_Results,Middlebury,"Lux, Tim",Final,26.84,26.84
2004,50_Breaststroke,Breaststroke,Men,50,2004_Nescac_Msd_Results,Trinity,"Rorer, Chris",Final,27.12,27.12
2004,50_Breaststroke,Breaststroke,Men,50,2004_Nescac_Msd_Results,Tufts,"Rochette, Mike",Final,26.8,26.80
2004,50_Breaststroke,Breaststroke,Men,50,2004_Nescac_Msd_Results,Wesleyan,"Devine, Dan",Final,27.58,27.58
2004,50_Breaststroke,Breaststroke,Men,50,2004_Nescac_Msd_Results,Williams,"Loveless, Jon",Final,27.33,27.33
2004,50_Butterfly,Butterfly,Men,50,2004_Nescac_Msd_Results,Amherst,"Woo, Bryan",Final,23.22,23.22
2004,50_Butterfly,Butterfly,Men,50,2004_Nescac_Msd_Results,Bates,"Curll, Nathan",Final,23.91,23.91
2004,50_Butterfly,Butterfly,Men,50,2004_Nescac_Msd_Results,Bowdoin,"Burleigh, Roger",Final,23.86,23.86
2004,50_Butterfly,Butterfly,Men,50,2004_Nescac_Msd_Results,Colby,"Adams, Ryan",Prelim,24.26,24.26
2004,50_Butterfly,Butterfly,Men,50,2004_Nescac_Msd_Results,Connecticut College,"Landry, Zach",Final,24.04,24.04
2004,50_Butterfly,Butterfly,Men,50,2004_Nescac_Msd_Results,Hamilton,"Fink, Andrew",Final,23.54,23.54
2004,50_Butterfly,Butterfly,Men,50,2004_Nescac_Msd_Results,Middlebury,"Hawkins, David",Prelim,23.51,23.51
2004,50_Butterfly,Butterfly,Men,50,2004_Nescac_Msd_Results,Trinity,"Leamon, Adam",Prelim,25.36,25.36
2004,50_Butterfly,Butterfly,Men,50,2004_Nescac_Msd_Results,Tufts,"Bettencourt, Greg",Prelim,24.14,24.14
2004,50_Butterfly,Butterfly,Men,50,2004_Nescac_Msd_Results,Wesleyan,"Donne, Matt",Prelim,24.85,24.85
2004,50_Butterfly,Butterfly,Men,50,2004_Nescac_Msd_Results,Williams,"Albohm, Blake",Prelim,23.36,23.36
2004,50_Freestyle,Freestyle,Men,50,2004_Nescac_Msd_Results,Amherst,"Clinton, Charles",Final,21.39,21.39
2004,50_Freestyle,Freestyle,Men,50,2004_Nescac_Msd_Results,Bates,"Bretl, Todd",Final,21.62,21.62
2004,50_Freestyle,Freestyle,Men,50,2004_Nescac_Msd_Results,Bowdoin,"Long, Mike",Final,21.26,21.26
2004,50_Freestyle,Freestyle,Men,50,2004_Nescac_Msd_Results,Colby,"Ireland, Tom",Prelim,21.5,21.50
2004,50_Freestyle,Freestyle,Men,50,2004_Nescac_Msd_Results,Connecticut College,"Borgelt, Nate",Prelim,22.88,22.88
2004,50_Freestyle,Freestyle,Men,50,2004_Nescac_Msd_Results,Hamilton,"Lawrence, Aran",Prelim,21.0,21.00
2004,50_Freestyle,Freestyle,Men,50,2004_Nescac_Msd_Results,Middlebury,"Hawkins, David",Prelim,21.75,21.75
2004,50_Freestyle,Freestyle,Men,50,2004_Nescac_Msd_Results,Trinity,"Leamon, Adam",Prelim,22.12,22.12
2004,50_Freestyle,Freestyle,Men,50,2004_Nescac_Msd_Results,Tufts,"Kinsella, Mike",Final,21.5,21.50
2004,50_Freestyle,Freestyle,Men,50,2004_Nescac_Msd_Results,Wesleyan,"Tanz, Josh",Prelim,21.76,21.76
2004,50_Freestyle,Freestyle,Men,50,2004_Nescac_Msd_Results,Williams,"Gallucci, Nick",Final,21.64,21.64
2005,100_Backstroke,Backstroke,Men,100,2005_Nescac_Msd_Results,Amherst,"Estacio, Rick",Final,50.93,50.93
2005,100_Backstroke,Backstroke,Men,100,2005_Nescac_Msd_Results,Bates,"Bowden, Eric",Final,57.97,57.97
2005,100_Backstroke,Backstroke,Men,100,2005_Nescac_Msd_Results,Bowdoin,"Rachlin, Ben",Prelim,54.17,54.17
2005,100_Backstroke,Backstroke,Men,100,2005_Nescac_Msd_Results,Colby,"Dewey, Jabez",Prelim,51.57,51.57
2005,100_Backstroke,Backstroke,Men,100,2005_Nescac_Msd_Results,Connecticut College,"Wood, Alex",Final,54.28,54.28
2005,100_Backstroke,Backstroke,Men,100,2005_Nescac_Msd_Results,Hamilton,"Johnson, Todd",Final,52.46,52.46
2005,100_Backstroke,Backstroke,Men,100,2005_Nescac_Msd_Results,Middlebury,"Korsmeyer, Jason",Final,52.32,52.32
2005,100_Backstroke,Backstroke,Men,100,2005_Nescac_Msd_Results,Trinity,"Yoshida, Jeff",Prelim,58.02,58.02
2005,100_Backstroke,Backstroke,Men,100,2005_Nescac_Msd_Results,Tufts,"Godsey, Jonothan",Prelim,52.25,52.25
2005,100_Backstroke,Backstroke,Men,100,2005_Nescac_Msd_Results,Wesleyan,"Hasty, Will",Prelim,53.11,53.11
2005,100_Backstroke,Backstroke,Men,100,2005_Nescac_Msd_Results,Williams,"Cunningham, Will",Final,49.62,49.62
2005,100_Breaststroke,Breaststroke,Men,100,2005_Nescac_Msd_Results,Amherst,"Ancona, John",Final,59.06,59.06
2005,100_Breaststroke,Breaststroke,Men,100,2005_Nescac_Msd_Results,Bates,"Eggert, Adam",Prelim,61.23,1:01.23
2005,100_Breaststroke,Breaststroke,Men,100,2005_Nescac_Msd_Results,Bowdoin,"Hyde, Nate",Prelim,62.16,1:02.16
2005,100_Breaststroke,Breaststroke,Men,100,2005_Nescac_Msd_Results,Colby,"Dean, Patrick",Final,60.09,1:00.09
2005,100_Breaststroke,Breaststroke,Men,100,2005_Nescac_Msd_Results,Connecticut College,"Kyne, Bob",Final,61.07,1:01.07
2005,100_Breaststroke,Breaststroke,Men,100,2005_Nescac_Msd_Results,Hamilton,"Morris, Steve",Final,59.08,59.08
2005,100_Breaststroke,Breaststroke,Men,100,2005_Nescac_Msd_Results,Middlebury,"Lux, Tim",Final,57.66,57.66
2005,100_Breaststroke,Breaststroke,Men,100,2005_Nescac_Msd_Results,Trinity,"Lenihan, Mike",Final,59.16,59.16
2005,100_Breaststroke,Breaststroke,Men,100,2005_Nescac_Msd_Results,Tufts,"Rochette, Michael",Final,59.76,59.76
2005,100_Breaststroke,Breaststroke,Men,100,2005_Nescac_Msd_Results,Wesleyan,"Devine, Dan",Prelim,60.35,1:00.35
2005,100_Breaststroke,Breaststroke,Men,100,2005_Nescac_Msd_Results,Williams,"Loveless, Jon",Prelim,59.43,59.43
2005,100_Butterfly,Butterfly,Men,100,2005_Nescac_Msd_Results,Amherst,"Woo, Bryan",Final,51.63,51.63
2005,100_Butterfly,Butterfly,Men,100,2005_Nescac_Msd_Results,Bates,"Curll, Nathan",Prelim,52.17,52.17
2005,100_Butterfly,Butterfly,Men,100,2005_Nescac_Msd_Results,Bowdoin,"Burleigh, Roger",Final,51.53,51.53
2005,100_Butterfly,Butterfly,Men,100,2005_Nescac_Msd_Results,Colby,"Adams, Ryan",Final,55.08,55.08
2005,100_Butterfly,Butterfly,Men,100,2005_Nescac_Msd_Results,Connecticut College,"Bartro, Kyle",Final,51.55,51.55
2005,100_Butterfly,Butterfly,Men,100,2005_Nescac_Msd_Results,Hamilton,"Fink, Andrew",Prelim,52.15,52.15
2005,100_Butterfly,Butterfly,Men,100,2005_Nescac_Msd_Results,Middlebury,"Collier, Rob",Final,50.28,50.28&
2005,100_Butterfly,Butterfly,Men,100,2005_Nescac_Msd_Results,Trinity,"Fugge, Jon",Prelim,52.98,52.98
2005,100_Butterfly,Butterfly,Men,100,2005_Nescac_Msd_Results,Tufts,"Wallace, Chris",Final,54.45,54.45
2005,100_Butterfly,Butterfly,Men,100,2005_Nescac_Msd_Results,Wesleyan,"Tanz, Josh",Final,51.5,51.50
2005,100_Butterfly,Butterfly,Men,100,2005_Nescac_Msd_Results,Williams,"Pepe, Nick",Final,50.37,50.37
2005,100_Freestyle,Freestyle,Men,100,2005_Nescac_Msd_Results,Amherst,"Clinton, Charles",Prelim,47.33,47.33
2005,100_Freestyle,Freestyle,Men,100,2005_Nescac_Msd_Results,Bates,"Guerette, Chris",Prelim,48.48,48.48
2005,100_Freestyle,Freestyle,Men,100,2005_Nescac_Msd_Results,Bowdoin,"Kyle, Ian",Prelim,50.51,50.51
2005,100_Freestyle,Freestyle,Men,100,2005_Nescac_Msd_Results,Colby,"Ireland, Tom",Final,47.08,47.08
2005,100_Freestyle,Freestyle,Men,100,2005_Nescac_Msd_Results,Connecticut College,"Gundry, Alex",Prelim,49.37,49.37
2005,100_Freestyle,Freestyle,Men,100,2005_Nescac_Msd_Results,Hamilton,"Warner, Christian",Final,47.16,47.16
2005,100_Freestyle,Freestyle,Men,100,2005_Nescac_Msd_Results,Middlebury,"Hawkins, David",Final,47.75,47.75
2005,100_Freestyle,Freestyle,Men,100,2005_Nescac_Msd_Results,Trinity,"Pacchia, Tom",Prelim,51.29,51.29
2005,100_Freestyle,Freestyle,Men,100,2005_Nescac_Msd_Results,Tufts,"Baker, Brett",Final,46.64,46.64
2005,100_Freestyle,Freestyle,Men,100,2005_Nescac_Msd_Results,Wesleyan,"Pepi, Mike",Final,48.36,48.36
2005,100_Freestyle,Freestyle,Men,100,2005_Nescac_Msd_Results,Williams,"Cunningham, Will",Prelim,46.06,46.06
2005,200_Backstroke,Backstroke,Men,200,2005_Nescac_Msd_Results,Amherst,"Estacio, Rick",Final,110.33,1:50.33&
2005,200_Backstroke,Backstroke,Men,200,2005_Nescac_Msd_Results,Bates,"Bowden, Eric",Prelim,125.35,2:05.35
2005,200_Backstroke,Backstroke,Men,200,2005_Nescac_Msd_Results,Bowdoin,"Rachlin, Ben",Prelim,120.96,2:00.96
2005,200_Backstroke,Backstroke,Men,200,2005_Nescac_Msd_Results,Colby,"Dewey, Jabez",Prelim,116.25,1:56.25
2005,200_Backstroke,Backstroke,Men,200,2005_Nescac_Msd_Results,Hamilton,"Johnson, Todd",Prelim,115.25999999999999,1:55.26
2005,200_Backstroke,Backstroke,Men,200,2005_Nescac_Msd_Results,Middlebury,"Collier, Rob",Final,112.8,1:52.80
2005,200_Backstroke,Backstroke,Men,200,2005_Nescac_Msd_Results,Trinity,"Gordon, Jason",Prelim,130.5,2:10.50
2005,200_Backstroke,Backstroke,Men,200,2005_Nescac_Msd_Results,Tufts,"Godsey, Jonothan",Prelim,114.36,1:54.36
2005,200_Backstroke,Backstroke,Men,200,2005_Nescac_Msd_Results,Wesleyan,"Hasty, Will",Final,115.07,1:55.07
2005,200_Backstroke,Backstroke,Men,200,2005_Nescac_Msd_Results,Williams,"McManic, Dave",Final,112.52000000000001,1:52.52
2005,200_Breaststroke,Breaststroke,Men,200,2005_Nescac_Msd_Results,Amherst,"Horton, Brendan",Final,127.99,2:07.99
2005,200_Breaststroke,Breaststroke,Men,200,2005_Nescac_Msd_Results,Bates,"Harrington, Matt",Prelim,152.01,2:32.01
2005,200_Breaststroke,Breaststroke,Men,200,2005_Nescac_Msd_Results,Bowdoin,"Hyde, Nate",Prelim,137.95,2:17.95
2005,200_Breaststroke,Breaststroke,Men,200,2005_Nescac_Msd_Results,Colby,"Dean, Patrick",Prelim,131.88,2:11.88
2005,200_Breaststroke,Breaststroke,Men,200,2005_Nescac_Msd_Results,Connecticut College,"Kyne, Bob",Final,132.94,2:12.94
2005,200_Breaststroke,Breaststroke,Men,200,2005_Nescac_Msd_Results,Hamilton,"Morris, Steve",Prelim,130.99,2:10.99
2005,200_Breaststroke,Breaststroke,Men,200,2005_Nescac_Msd_Results,Middlebury,"Lux, Tim",Final,127.16,2:07.16
2005,200_Breaststroke,Breaststroke,Men,200,2005_Nescac_Msd_Results,Trinity,"Lenihan, Mike",Final,129.06,2:09.06
2005,200_Breaststroke,Breaststroke,Men,200,2005_Nescac_Msd_Results,Tufts,"Rochette, Michael",Final,133.88,2:13.88
2005,200_Breaststroke,Breaststroke,Men,200,2005_Nescac_Msd_Results,Wesleyan,"Stein, Jeff",Final,137.1,2:17.10
2005,200_Breaststroke,Breaststroke,Men,200,2005_Nescac_Msd_Results,Williams,"Felker, Henry",Prelim,129.16,2:09.16
2005,200_Butterfly,Butterfly,Men,200,2005_Nescac_Msd_Results,Amherst,"Treat, Ethan",Final,111.89,1:51.89
2005,200_Butterfly,Butterfly,Men,200,2005_Nescac_Msd_Results,Bowdoin,"Burleigh, Roger",Final,112.18,1:52.18
2005,200_Butterfly,Butterfly,Men,200,2005_Nescac_Msd_Results,Colby,"Peterson, Andrew",Final,127.87,2:07.87
2005,200_Butterfly,Butterfly,Men,200,2005_Nescac_Msd_Results,Connecticut College,"Bartro, Kyle",Final,118.03999999999999,1:58.04
2005,200_Butterfly,Butterfly,Men,200,2005_Nescac_Msd_Results,Hamilton,"Reed, Tim",Prelim,115.95,1:55.95
2005,200_Butterfly,Butterfly,Men,200,2005_Nescac_Msd_Results,Trinity,"Yoshida, Jeff",Final,125.06,2:05.06
2005,200_Butterfly,Butterfly,Men,200,2005_Nescac_Msd_Results,Tufts,"Baron, Seth",Prelim,114.27000000000001,1:54.27
2005,200_Butterfly,Butterfly,Men,200,2005_Nescac_Msd_Results,Wesleyan,"Tanz, Josh",Final,115.02000000000001,1:55.02
2005,200_Butterfly,Butterfly,Men,200,2005_Nescac_Msd_Results,Williams,"Welsh, Bryan",Final,116.14,1:56.14
2005,200_Freestyle,Freestyle,Men,200,2005_Nescac_Msd_Results,Amherst,"Clinton, Charles",Final,105.82,1:45.82
2005,200_Freestyle,Freestyle,Men,200,2005_Nescac_Msd_Results,Bates,"Youmans, Will",Final,107.88,1:47.88
2005,200_Freestyle,Freestyle,Men,200,2005_Nescac_Msd_Results,Bowdoin,"Kyle, Ian",Prelim,110.09,1:50.09
2005,200_Freestyle,Freestyle,Men,200,2005_Nescac_Msd_Results,Colby,"Mullin, Evan",Final,104.0,1:44.00
2005,200_Freestyle,Freestyle,Men,200,2005_Nescac_Msd_Results,Connecticut College,"Gundry, Alex",Prelim,105.8,1:45.80
2005,200_Freestyle,Freestyle,Men,200,2005_Nescac_Msd_Results,Hamilton,"Warner, Christian",Final,104.2,1:44.20
2005,200_Freestyle,Freestyle,Men,200,2005_Nescac_Msd_Results,Middlebury,"Krissoff, Austin",Prelim,104.50999999999999,1:44.51
2005,200_Freestyle,Freestyle,Men,200,2005_Nescac_Msd_Results,Trinity,"Silva, Mark",Prelim,114.97,1:54.97
2005,200_Freestyle,Freestyle,Men,200,2005_Nescac_Msd_Results,Tufts,"Baker, Brett",Final,101.53,1:41.53
2005,200_Freestyle,Freestyle,Men,200,2005_Nescac_Msd_Results,Wesleyan,"Pepi, Mike",Prelim,108.52000000000001,1:48.52
2005,200_Freestyle,Freestyle,Men,200,2005_Nescac_Msd_Results,Williams,"Brecher, Brad",Final,103.41,1:43.41
2005,200_IM,IM,Men,200,2005_Nescac_Msd_Results,Amherst,"Treat, Ethan",Final,112.57,1:52.57
2005,200_IM,IM,Men,200,2005_Nescac_Msd_Results,Bates,"Curll, Nathan",Prelim,118.52000000000001,1:58.52
2005,200_IM,IM,Men,200,2005_Nescac_Msd_Results,Colby,"Dubois, Justin",Prelim,118.75,1:58.75
2005,200_IM,IM,Men,200,2005_Nescac_Msd_Results,Middlebury,"Collier, Rob",Final,111.72,1:51.72
2005,200_IM,IM,Men,200,2005_Nescac_Msd_Results,Trinity,"Lenihan, Mike",Final,116.97999999999999,1:56.98
2005,200_IM,IM,Men,200,2005_Nescac_Msd_Results,Tufts,"Kapit, Jason",Prelim,116.59,1:56.59
2005,200_IM,IM,Men,200,2005_Nescac_Msd_Results,Wesleyan,"Stein, Jeff",Prelim,120.51,2:00.51
2005,200_IM,IM,Men,200,2005_Nescac_Msd_Results,Williams,"Cunningham, Will",Final,111.22999999999999,1:51.23
2005,400_IM,IM,Men,400,2005_Nescac_Msd_Results,Amherst,"Treat, Ethan",Final,238.89,3:58.89&
2005,400_IM,IM,Men,400,2005_Nescac_Msd_Results,Bowdoin,"Sighinolfi, Mike",Final,264.78,4:24.78
2005,400_IM,IM,Men,400,2005_Nescac_Msd_Results,Colby,"Dubois, Justin",Prelim,253.49,4:13.49
2005,400_IM,IM,Men,400,2005_Nescac_Msd_Results,Hamilton,"Connor, Ryan",Prelim,257.85,4:17.85
2005,400_IM,IM,Men,400,2005_Nescac_Msd_Results,Middlebury,"Stuart, Donnie",Prelim,263.49,4:23.49
2005,400_IM,IM,Men,400,2005_Nescac_Msd_Results,Trinity,"Gordon, Jason",Final,279.55,4:39.55
2005,400_IM,IM,Men,400,2005_Nescac_Msd_Results,Tufts,"Kapit, Jason",Prelim,250.56,4:10.56
2005,400_IM,IM,Men,400,2005_Nescac_Msd_Results,Wesleyan,"Schleusener, Luke",Final,277.51,4:37.51
2005,400_IM,IM,Men,400,2005_Nescac_Msd_Results,Williams,"McManic, Dave",Final,243.13,4:03.13
2005,500_Freestyle,Freestyle,Men,500,2005_Nescac_Msd_Results,Amherst,"Lewkowitz, Adam",Prelim,287.48,4:47.48
2005,500_Freestyle,Freestyle,Men,500,2005_Nescac_Msd_Results,Bates,"Swanson, Charles",Prelim,302.11,5:02.11
2005,500_Freestyle,Freestyle,Men,500,2005_Nescac_Msd_Results,Bowdoin,"Karl, Adam",Prelim,314.64,5:14.64
2005,500_Freestyle,Freestyle,Men,500,2005_Nescac_Msd_Results,Colby,"Mullin, Evan",Final,283.26,4:43.26
2005,500_Freestyle,Freestyle,Men,500,2005_Nescac_Msd_Results,Connecticut College,"Garner, Sam",Final,286.64,4:46.64
2005,500_Freestyle,Freestyle,Men,500,2005_Nescac_Msd_Results,Hamilton,"Reed, Tim",Prelim,280.40999999999997,4:40.41
2005,500_Freestyle,Freestyle,Men,500,2005_Nescac_Msd_Results,Middlebury,"Garcia, Guillermo",Final,281.17,4:41.17
2005,500_Freestyle,Freestyle,Men,500,2005_Nescac_Msd_Results,Trinity,"Greer, Christian",Prelim,294.54,4:54.54
2005,500_Freestyle,Freestyle,Men,500,2005_Nescac_Msd_Results,Tufts,"Baron, Seth",Final,285.99,4:45.99
2005,500_Freestyle,Freestyle,Men,500,2005_Nescac_Msd_Results,Wesleyan,"Byers, Ben",Final,277.18,4:37.18
2005,500_Freestyle,Freestyle,Men,500,2005_Nescac_Msd_Results,Williams,"Spinelli, Steve",Prelim,274.76,4:34.76
2005,50_Backstroke,Backstroke,Men,50,2005_Nescac_Msd_Results,Amherst,"Estacio, Rick",Prelim,23.86,23.86
2005,50_Backstroke,Backstroke,Men,50,2005_Nescac_Msd_Results,Bates,"Peckenham, James",Prelim,28.57,28.57
2005,50_Backstroke,Backstroke,Men,50,2005_Nescac_Msd_Results,Bowdoin,"Rachlin, Ben",Final,25.24,25.24
2005,50_Backstroke,Backstroke,Men,50,2005_Nescac_Msd_Results,Colby,"Dewey, Jabez",Final,24.28,24.28
2005,50_Backstroke,Backstroke,Men,50,2005_Nescac_Msd_Results,Connecticut College,"Landry, Zach",Prelim,26.1,26.10
2005,50_Backstroke,Backstroke,Men,50,2005_Nescac_Msd_Results,Hamilton,"Johnson, Todd",Final,24.63,24.63
2005,50_Backstroke,Backstroke,Men,50,2005_Nescac_Msd_Results,Middlebury,"Korsmeyer, Jason",Prelim,24.58,24.58
2005,50_Backstroke,Backstroke,Men,50,2005_Nescac_Msd_Results,Trinity,"Yoshida, Jeff",Prelim,26.42,26.42
2005,50_Backstroke,Backstroke,Men,50,2005_Nescac_Msd_Results,Tufts,"Godsey, Jonothan",Final,24.12,24.12
2005,50_Backstroke,Backstroke,Men,50,2005_Nescac_Msd_Results,Wesleyan,"Hasty, Will",Prelim,24.61,24.61
2005,50_Backstroke,Backstroke,Men,50,2005_Nescac_Msd_Results,Williams,"Albohm, Blake",Final,24.65,24.65
2005,50_Breaststroke,Breaststroke,Men,50,2005_Nescac_Msd_Results,Amherst,"Ancona, John",Final,27.1,27.10
2005,50_Breaststroke,Breaststroke,Men,50,2005_Nescac_Msd_Results,Bates,"Eggert, Adam",Prelim,27.63,27.63
2005,50_Breaststroke,Breaststroke,Men,50,2005_Nescac_Msd_Results,Bowdoin,"Hyde, Nate",Final,28.61,28.61
2005,50_Breaststroke,Breaststroke,Men,50,2005_Nescac_Msd_Results,Colby,"DeSantis, Chris",Prelim,27.6,27.60
2005,50_Breaststroke,Breaststroke,Men,50,2005_Nescac_Msd_Results,Connecticut College,"Kyne, Bob",Prelim,28.03,28.03
2005,50_Breaststroke,Breaststroke,Men,50,2005_Nescac_Msd_Results,Hamilton,"Chung, Tae",Prelim,27.41,27.41
2005,50_Breaststroke,Breaststroke,Men,50,2005_Nescac_Msd_Results,Middlebury,"Lux, Tim",Prelim,26.52,26.52
2005,50_Breaststroke,Breaststroke,Men,50,2005_Nescac_Msd_Results,Trinity,"Tucker, Pat",Prelim,31.11,31.11
2005,50_Breaststroke,Breaststroke,Men,50,2005_Nescac_Msd_Results,Tufts,"Rochette, Michael",Prelim,27.15,27.15
2005,50_Breaststroke,Breaststroke,Men,50,2005_Nescac_Msd_Results,Wesleyan,"Devine, Dan",Prelim,26.97,26.97
2005,50_Breaststroke,Breaststroke,Men,50,2005_Nescac_Msd_Results,Williams,"Loveless, Jon",Final,26.82,26.82
2005,50_Butterfly,Butterfly,Men,50,2005_Nescac_Msd_Results,Amherst,"Woo, Bryan",Final,23.09,23.09
2005,50_Butterfly,Butterfly,Men,50,2005_Nescac_Msd_Results,Bates,"Curll, Nathan",Prelim,23.68,23.68
2005,50_Butterfly,Butterfly,Men,50,2005_Nescac_Msd_Results,Bowdoin,"Burleigh, Roger",Prelim,24.3,24.30
2005,50_Butterfly,Butterfly,Men,50,2005_Nescac_Msd_Results,Colby,"Adams, Ryan",Prelim,24.38,24.38
2005,50_Butterfly,Butterfly,Men,50,2005_Nescac_Msd_Results,Connecticut College,"Bartro, Kyle",Final,23.4,23.40
2005,50_Butterfly,Butterfly,Men,50,2005_Nescac_Msd_Results,Hamilton,"Fink, Andrew",Final,23.76,23.76
2005,50_Butterfly,Butterfly,Men,50,2005_Nescac_Msd_Results,Middlebury,"Hawkins, David",Final,22.75,22.75&
2005,50_Butterfly,Butterfly,Men,50,2005_Nescac_Msd_Results,Trinity,"Fugge, Jon",Prelim,24.09,24.09
2005,50_Butterfly,Butterfly,Men,50,2005_Nescac_Msd_Results,Tufts,"Piyade, Baris",Prelim,24.47,24.47
2005,50_Butterfly,Butterfly,Men,50,2005_Nescac_Msd_Results,Wesleyan,"Cleveland, Tom",Prelim,23.55,23.55
2005,50_Butterfly,Butterfly,Men,50,2005_Nescac_Msd_Results,Williams,"Pepe, Nick",Final,22.93,22.93
2005,50_Freestyle,Freestyle,Men,50,2005_Nescac_Msd_Results,Amherst,"Woo, Bryan",Final,21.3,21.30
2005,50_Freestyle,Freestyle,Men,50,2005_Nescac_Msd_Results,Bates,"Qua, Fisher",Prelim,21.99,21.99
2005,50_Freestyle,Freestyle,Men,50,2005_Nescac_Msd_Results,Bowdoin,"Lewis, Jason",Prelim,22.26,22.26
2005,50_Freestyle,Freestyle,Men,50,2005_Nescac_Msd_Results,Colby,"Ireland, Tom",Prelim,21.11,21.11
2005,50_Freestyle,Freestyle,Men,50,2005_Nescac_Msd_Results,Hamilton,"Lawrence, Aran",Prelim,21.39,21.39
2005,50_Freestyle,Freestyle,Men,50,2005_Nescac_Msd_Results,Middlebury,"Rayburn, John",Final,21.74,21.74
2005,50_Freestyle,Freestyle,Men,50,2005_Nescac_Msd_Results,Trinity,"Fugge, Jon",Final,22.05,22.05
2005,50_Freestyle,Freestyle,Men,50,2005_Nescac_Msd_Results,Tufts,"Baker, Brett",Final,21.46,21.46
2005,50_Freestyle,Freestyle,Men,50,2005_Nescac_Msd_Results,Wesleyan,"Pepi, Mike",Prelim,21.94,21.94
2005,50_Freestyle,Freestyle,Men,50,2005_Nescac_Msd_Results,Williams,"Orjuela, Zack",Prelim,21.48,21.48
2006,100_Backstroke,Backstroke,Men,100,2006_Nescac_Msd_Results,Amherst,"Estacio, Rick",Final,50.43,50.43
2006,100_Backstroke,Backstroke,Men,100,2006_Nescac_Msd_Results,Bates,"Berry, Chris",Prelim,54.0,54.00
2006,100_Backstroke,Backstroke,Men,100,2006_Nescac_Msd_Results,Bowdoin,"Kimball, Josh",Final,54.66,54.66
2006,100_Backstroke,Backstroke,Men,100,2006_Nescac_Msd_Results,Colby,"Dewey, Jabez",Prelim,51.62,51.62
2006,100_Backstroke,Backstroke,Men,100,2006_Nescac_Msd_Results,Connecticut College,"Smith, Jamey",Final,55.58,55.58
2006,100_Backstroke,Backstroke,Men,100,2006_Nescac_Msd_Results,Hamilton,"Johnson, Todd",Prelim,51.3,51.30
2006,100_Backstroke,Backstroke,Men,100,2006_Nescac_Msd_Results,Trinity,"Kates, Steve",Prelim,59.86,59.86
2006,100_Backstroke,Backstroke,Men,100,2006_Nescac_Msd_Results,Tufts,"Godsey, Jonathan",Final,52.16,52.16
2006,100_Backstroke,Backstroke,Men,100,2006_Nescac_Msd_Results,Wesleyan,"Hasty, Will",Final,54.77,54.77
2006,100_Backstroke,Backstroke,Men,100,2006_Nescac_Msd_Results,Williams,"Cunningham, Will",Final,49.57,49.57&
2006,100_Breaststroke,Breaststroke,Men,100,2006_Nescac_Msd_Results,Amherst,"Ancona, John",Final,59.09,59.09
2006,100_Breaststroke,Breaststroke,Men,100,2006_Nescac_Msd_Results,Bates,"Harrington, Matt",Final,66.4,1:06.40
2006,100_Breaststroke,Breaststroke,Men,100,2006_Nescac_Msd_Results,Bowdoin,"Hyde, Nate",Final,63.82,1:03.82
2006,100_Breaststroke,Breaststroke,Men,100,2006_Nescac_Msd_Results,Colby,"Peterson, Andrew",Prelim,60.02,1:00.02
2006,100_Breaststroke,Breaststroke,Men,100,2006_Nescac_Msd_Results,Connecticut College,"Barnes, Ian",Prelim,60.86,1:00.86
2006,100_Breaststroke,Breaststroke,Men,100,2006_Nescac_Msd_Results,Hamilton,"Schoeneck, Jacob",Final,63.96,1:03.96
2006,100_Breaststroke,Breaststroke,Men,100,2006_Nescac_Msd_Results,Trinity,"Lenihan, Mike",Final,60.34,1:00.34
2006,100_Breaststroke,Breaststroke,Men,100,2006_Nescac_Msd_Results,Tufts,"Longhurst, James",Prelim,60.45,1:00.45
2006,100_Breaststroke,Breaststroke,Men,100,2006_Nescac_Msd_Results,Wesleyan,"Devine, Dan",Prelim,60.68,1:00.68
2006,100_Breaststroke,Breaststroke,Men,100,2006_Nescac_Msd_Results,Williams,"Bonewell, Tyler",Prelim,59.16,59.16
2006,100_Butterfly,Butterfly,Men,100,2006_Nescac_Msd_Results,Amherst,"Holmes, C.J.",Prelim,52.08,52.08
2006,100_Butterfly,Butterfly,Men,100,2006_Nescac_Msd_Results,Bowdoin,"Burleigh, Roger",Final,50.86,50.86
2006,100_Butterfly,Butterfly,Men,100,2006_Nescac_Msd_Results,Colby,"Adams, Ryan",Final,55.3,55.30
2006,100_Butterfly,Butterfly,Men,100,2006_Nescac_Msd_Results,Connecticut College,"Bartro, Kyle",Final,51.92,51.92
2006,100_Butterfly,Butterfly,Men,100,2006_Nescac_Msd_Results,Trinity,"Fugge, Jon",Prelim,54.14,54.14
2006,100_Butterfly,Butterfly,Men,100,2006_Nescac_Msd_Results,Tufts,"Kapit, Jason",Final,52.1,52.10
2006,100_Butterfly,Butterfly,Men,100,2006_Nescac_Msd_Results,Wesleyan,"Tanz, Josh",Final,51.32,51.32
2006,100_Butterfly,Butterfly,Men,100,2006_Nescac_Msd_Results,Williams,"Scott, Norman",Final,50.16,50.16
2006,100_Freestyle,Freestyle,Men,100,2006_Nescac_Msd_Results,Amherst,"Scala, Joe",Final,48.11,48.11
2006,100_Freestyle,Freestyle,Men,100,2006_Nescac_Msd_Results,Bates,"Bauer, John",Prelim,48.81,48.81
2006,100_Freestyle,Freestyle,Men,100,2006_Nescac_Msd_Results,Bowdoin,"Swanson, David",Prelim,48.57,48.57
2006,100_Freestyle,Freestyle,Men,100,2006_Nescac_Msd_Results,Colby,"Mullin, Evan",Prelim,47.47,47.47
2006,100_Freestyle,Freestyle,Men,100,2006_Nescac_Msd_Results,Connecticut College,"Gundry, Alex",Prelim,49.17,49.17
2006,100_Freestyle,Freestyle,Men,100,2006_Nescac_Msd_Results,Hamilton,"Warner, Christian",Final,48.02,48.02
2006,100_Freestyle,Freestyle,Men,100,2006_Nescac_Msd_Results,Trinity,"Kidston, Will",Prelim,50.01,50.01
2006,100_Freestyle,Freestyle,Men,100,2006_Nescac_Msd_Results,Tufts,"Baker, Brett",Final,46.5,46.50
2006,100_Freestyle,Freestyle,Men,100,2006_Nescac_Msd_Results,Wesleyan,"Pepi, Mike",Prelim,48.22,48.22
2006,100_Freestyle,Freestyle,Men,100,2006_Nescac_Msd_Results,Williams,"Cunningham, Will",Final,45.43,45.43&
2006,200_Backstroke,Backstroke,Men,200,2006_Nescac_Msd_Results,Amherst,"Estacio, Rick",Final,112.16,1:52.16
2006,200_Backstroke,Backstroke,Men,200,2006_Nescac_Msd_Results,Bates,"Berry, Chris",Prelim,121.57,2:01.57
2006,200_Backstroke,Backstroke,Men,200,2006_Nescac_Msd_Results,Bowdoin,"Kimball, Josh",Final,120.19,2:00.19
2006,200_Backstroke,Backstroke,Men,200,2006_Nescac_Msd_Results,Colby,"Dewey, Jabez",Final,113.52000000000001,1:53.52
2006,200_Backstroke,Backstroke,Men,200,2006_Nescac_Msd_Results,Connecticut College,"Ranta, Brian",Prelim,124.12,2:04.12
2006,200_Backstroke,Backstroke,Men,200,2006_Nescac_Msd_Results,Hamilton,"Johnson, Todd",Final,113.17,1:53.17
2006,200_Backstroke,Backstroke,Men,200,2006_Nescac_Msd_Results,Trinity,"Gordon, Jason",Prelim,127.73,2:07.73
2006,200_Backstroke,Backstroke,Men,200,2006_Nescac_Msd_Results,Tufts,"Godsey, Jonathan",Final,111.32,1:51.32
2006,200_Backstroke,Backstroke,Men,200,2006_Nescac_Msd_Results,Wesleyan,"Hasty, Will",Final,118.50999999999999,1:58.51
2006,200_Backstroke,Backstroke,Men,200,2006_Nescac_Msd_Results,Williams,"McManic, Dave",Final,112.84,1:52.84
2006,200_Breaststroke,Breaststroke,Men,200,2006_Nescac_Msd_Results,Amherst,"Ancona, John",Final,128.36,2:08.36
2006,200_Breaststroke,Breaststroke,Men,200,2006_Nescac_Msd_Results,Bates,"Harrington, Matt",Final,144.57,2:24.57
2006,200_Breaststroke,Breaststroke,Men,200,2006_Nescac_Msd_Results,Bowdoin,"Hyde, Nate",Final,136.03,2:16.03
2006,200_Breaststroke,Breaststroke,Men,200,2006_Nescac_Msd_Results,Colby,"Dean, Patrick",Final,135.13,2:15.13
2006,200_Breaststroke,Breaststroke,Men,200,2006_Nescac_Msd_Results,Connecticut College,"Barnes, Ian",Final,131.1,2:11.10
2006,200_Breaststroke,Breaststroke,Men,200,2006_Nescac_Msd_Results,Hamilton,"Schoeneck, Jacob",Final,141.2,2:21.20
2006,200_Breaststroke,Breaststroke,Men,200,2006_Nescac_Msd_Results,Trinity,"Lenihan, Mike",Prelim,131.46,2:11.46
2006,200_Breaststroke,Breaststroke,Men,200,2006_Nescac_Msd_Results,Tufts,"Cronin, Nathan",Final,132.62,2:12.62
2006,200_Breaststroke,Breaststroke,Men,200,2006_Nescac_Msd_Results,Williams,"Felker, Henry",Prelim,127.9,2:07.90
2006,200_Butterfly,Butterfly,Men,200,2006_Nescac_Msd_Results,Amherst,"Treat, Ethan",Final,112.86,1:52.86
2006,200_Butterfly,Butterfly,Men,200,2006_Nescac_Msd_Results,Bowdoin,"Burleigh, Roger",Final,111.0,1:51.00
2006,200_Butterfly,Butterfly,Men,200,2006_Nescac_Msd_Results,Tufts,"Kapit, Jason",Final,114.78,1:54.78
2006,200_Butterfly,Butterfly,Men,200,2006_Nescac_Msd_Results,Wesleyan,"Tanz, Josh",Final,114.66,1:54.66
2006,200_Butterfly,Butterfly,Men,200,2006_Nescac_Msd_Results,Williams,"Scott, Norman",Final,111.68,1:51.68&
2006,200_Freestyle,Freestyle,Men,200,2006_Nescac_Msd_Results,Amherst,"Scala, Joe",Final,106.03,1:46.03
2006,200_Freestyle,Freestyle,Men,200,2006_Nescac_Msd_Results,Bates,"Andrews, Mark",Prelim,112.28999999999999,1:52.29
2006,200_Freestyle,Freestyle,Men,200,2006_Nescac_Msd_Results,Bowdoin,"Kyle, Ian",Prelim,109.74000000000001,1:49.74
2006,200_Freestyle,Freestyle,Men,200,2006_Nescac_Msd_Results,Colby,"Mullin, Evan",Final,102.67,1:42.67
2006,200_Freestyle,Freestyle,Men,200,2006_Nescac_Msd_Results,Connecticut College,"Gundry, Alex",Prelim,105.38,1:45.38
2006,200_Freestyle,Freestyle,Men,200,2006_Nescac_Msd_Results,Hamilton,"Warner, Christian",Final,104.92,1:44.92
2006,200_Freestyle,Freestyle,Men,200,2006_Nescac_Msd_Results,Trinity,"Kidston, Will",Prelim,112.09,1:52.09
2006,200_Freestyle,Freestyle,Men,200,2006_Nescac_Msd_Results,Tufts,"Bettencourt, Gregory",Prelim,101.28,1:41.28
2006,200_Freestyle,Freestyle,Men,200,2006_Nescac_Msd_Results,Wesleyan,"Pepi, Mike",Final,107.11,1:47.11
2006,200_Freestyle,Freestyle,Men,200,2006_Nescac_Msd_Results,Williams,"Spinelli, Steve",Prelim,100.58,1:40.58
2006,200_IM,IM,Men,200,2006_Nescac_Msd_Results,Amherst,"Treat, Ethan",Final,112.59,1:52.59
2006,200_IM,IM,Men,200,2006_Nescac_Msd_Results,Bowdoin,"Goldstein, Max",Prelim,120.54,2:00.54
2006,200_IM,IM,Men,200,2006_Nescac_Msd_Results,Colby,"Bartkiewicz, Mitch",Prelim,120.78,2:00.78
2006,200_IM,IM,Men,200,2006_Nescac_Msd_Results,Trinity,"Kidston, Will",Final,127.07,2:07.07
2006,200_IM,IM,Men,200,2006_Nescac_Msd_Results,Tufts,"Kapit, Jason",Final,116.12,1:56.12
2006,200_IM,IM,Men,200,2006_Nescac_Msd_Results,Wesleyan,"Stein, Jeff",Final,121.53,2:01.53
2006,200_IM,IM,Men,200,2006_Nescac_Msd_Results,Williams,"Cunningham, Will",Final,111.75,1:51.75
2006,400_IM,IM,Men,400,2006_Nescac_Msd_Results,Amherst,"Treat, Ethan",Final,238.34,3:58.34
2006,400_IM,IM,Men,400,2006_Nescac_Msd_Results,Bates,"Swanson, Charles",Prelim,267.67,4:27.67
2006,400_IM,IM,Men,400,2006_Nescac_Msd_Results,Bowdoin,"Goldstein, Max",Final,260.76,4:20.76
2006,400_IM,IM,Men,400,2006_Nescac_Msd_Results,Colby,"Bartkiewicz, Mitch",Final,257.64,4:17.64
2006,400_IM,IM,Men,400,2006_Nescac_Msd_Results,Connecticut College,"Barnes, Ian",Final,254.86,4:14.86
2006,400_IM,IM,Men,400,2006_Nescac_Msd_Results,Trinity,"Gordon, Jason",Final,275.55,4:35.55
2006,400_IM,IM,Men,400,2006_Nescac_Msd_Results,Tufts,"Rosenberg, Seth",Final,253.93,4:13.93
2006,400_IM,IM,Men,400,2006_Nescac_Msd_Results,Wesleyan,"Murphy, Seth",Final,257.37,4:17.37
2006,400_IM,IM,Men,400,2006_Nescac_Msd_Results,Williams,"McManic, Dave",Final,246.8,4:06.80
2006,500_Freestyle,Freestyle,Men,500,2006_Nescac_Msd_Results,Amherst,"Hagerty, Ed",Final,280.39,4:40.39
2006,500_Freestyle,Freestyle,Men,500,2006_Nescac_Msd_Results,Bates,"Andrews, Mark",Prelim,308.51,5:08.51
2006,500_Freestyle,Freestyle,Men,500,2006_Nescac_Msd_Results,Bowdoin,"Sighinolfi, Mike",Prelim,298.26,4:58.26
2006,500_Freestyle,Freestyle,Men,500,2006_Nescac_Msd_Results,Colby,"Mullin, Evan",Final,282.01,4:42.01
2006,500_Freestyle,Freestyle,Men,500,2006_Nescac_Msd_Results,Connecticut College,"Wood, Alex",Final,284.84000000000003,4:44.84
2006,500_Freestyle,Freestyle,Men,500,2006_Nescac_Msd_Results,Hamilton,"Reed, Tim",Final,284.08,4:44.08
2006,500_Freestyle,Freestyle,Men,500,2006_Nescac_Msd_Results,Trinity,"Greer, Christian",Final,290.87,4:50.87
2006,500_Freestyle,Freestyle,Men,500,2006_Nescac_Msd_Results,Tufts,"Bettencourt, Gregory",Prelim,273.17,4:33.17
2006,500_Freestyle,Freestyle,Men,500,2006_Nescac_Msd_Results,Wesleyan,"Byers, Ben",Final,276.87,4:36.87
2006,500_Freestyle,Freestyle,Men,500,2006_Nescac_Msd_Results,Williams,"Spinelli, Steve",Prelim,272.99,4:32.99
2006,50_Backstroke,Backstroke,Men,50,2006_Nescac_Msd_Results,Amherst,"Estacio, Rick",Prelim,23.53,23.53
2006,50_Backstroke,Backstroke,Men,50,2006_Nescac_Msd_Results,Bates,"Berry, Chris",Final,25.32,25.32
2006,50_Backstroke,Backstroke,Men,50,2006_Nescac_Msd_Results,Bowdoin,"Rachlin, Ben",Final,24.99,24.99
2006,50_Backstroke,Backstroke,Men,50,2006_Nescac_Msd_Results,Colby,"Dewey, Jabez",Prelim,24.05,24.05
2006,50_Backstroke,Backstroke,Men,50,2006_Nescac_Msd_Results,Connecticut College,"Bartro, Kyle",Prelim,25.31,25.31
2006,50_Backstroke,Backstroke,Men,50,2006_Nescac_Msd_Results,Hamilton,"Johnson, Todd",Prelim,24.5,24.50
2006,50_Backstroke,Backstroke,Men,50,2006_Nescac_Msd_Results,Trinity,"Kates, Steve",Prelim,28.2,28.20
2006,50_Backstroke,Backstroke,Men,50,2006_Nescac_Msd_Results,Tufts,"Godsey, Jonathan",Final,24.46,24.46
2006,50_Backstroke,Backstroke,Men,50,2006_Nescac_Msd_Results,Wesleyan,"Hasty, Will",Final,25.4,25.40
2006,50_Backstroke,Backstroke,Men,50,2006_Nescac_Msd_Results,Williams,"Albohm, Blake",Final,24.11,24.11
2006,50_Breaststroke,Breaststroke,Men,50,2006_Nescac_Msd_Results,Amherst,"Ancona, John",Final,27.08,27.08
2006,50_Breaststroke,Breaststroke,Men,50,2006_Nescac_Msd_Results,Bates,"Qua, Fisher",Final,28.92,28.92
2006,50_Breaststroke,Breaststroke,Men,50,2006_Nescac_Msd_Results,Bowdoin,"Swanson, David",Final,28.04,28.04
2006,50_Breaststroke,Breaststroke,Men,50,2006_Nescac_Msd_Results,Colby,"DeSantis, Chris",Final,27.52,27.52
2006,50_Breaststroke,Breaststroke,Men,50,2006_Nescac_Msd_Results,Connecticut College,"McVeety, Brian",Final,28.44,28.44
2006,50_Breaststroke,Breaststroke,Men,50,2006_Nescac_Msd_Results,Hamilton,"Schoeneck, Jacob",Final,28.95,28.95
2006,50_Breaststroke,Breaststroke,Men,50,2006_Nescac_Msd_Results,Trinity,"Lenihan, Mike",Final,27.73,27.73
2006,50_Breaststroke,Breaststroke,Men,50,2006_Nescac_Msd_Results,Tufts,"Longhurst, James",Final,27.37,27.37
2006,50_Breaststroke,Breaststroke,Men,50,2006_Nescac_Msd_Results,Wesleyan,"Devine, Dan",Prelim,27.11,27.11
2006,50_Breaststroke,Breaststroke,Men,50,2006_Nescac_Msd_Results,Williams,"Bonewell, Tyler",Final,27.09,27.09
2006,50_Butterfly,Butterfly,Men,50,2006_Nescac_Msd_Results,Bates,"Qua, Fisher",Final,24.38,24.38
2006,50_Butterfly,Butterfly,Men,50,2006_Nescac_Msd_Results,Bowdoin,"Burleigh, Roger",Final,24.1,24.10
2006,50_Butterfly,Butterfly,Men,50,2006_Nescac_Msd_Results,Colby,"Adams, Ryan",Prelim,24.47,24.47
2006,50_Butterfly,Butterfly,Men,50,2006_Nescac_Msd_Results,Connecticut College,"Bartro, Kyle",Final,23.51,23.51
2006,50_Butterfly,Butterfly,Men,50,2006_Nescac_Msd_Results,Trinity,"Fugge, Jon",Final,24.29,24.29
2006,50_Butterfly,Butterfly,Men,50,2006_Nescac_Msd_Results,Tufts,"Mitchell, Ben",Final,24.22,24.22
2006,50_Butterfly,Butterfly,Men,50,2006_Nescac_Msd_Results,Wesleyan,"Tanz, Josh",Final,23.36,23.36
2006,50_Butterfly,Butterfly,Men,50,2006_Nescac_Msd_Results,Williams,"Scott, Norman",Final,22.84,22.84
2006,50_Freestyle,Freestyle,Men,50,2006_Nescac_Msd_Results,Amherst,"Resler, Chris",Final,21.5,21.50
2006,50_Freestyle,Freestyle,Men,50,2006_Nescac_Msd_Results,Bates,"Bauer, John",Prelim,22.23,22.23
2006,50_Freestyle,Freestyle,Men,50,2006_Nescac_Msd_Results,Bowdoin,"Swanson, David",Final,21.64,21.64
2006,50_Freestyle,Freestyle,Men,50,2006_Nescac_Msd_Results,Colby,"Wampler, Sam",Final,21.88,21.88
2006,50_Freestyle,Freestyle,Men,50,2006_Nescac_Msd_Results,Hamilton,"Campany, Tim",Prelim,23.23,23.23
2006,50_Freestyle,Freestyle,Men,50,2006_Nescac_Msd_Results,Trinity,"Fugge, Jon",Prelim,22.32,22.32
2006,50_Freestyle,Freestyle,Men,50,2006_Nescac_Msd_Results,Tufts,"Shields, Andrew",Prelim,21.32,21.32
2006,50_Freestyle,Freestyle,Men,50,2006_Nescac_Msd_Results,Wesleyan,"Pepi, Mike",Prelim,21.87,21.87
2006,50_Freestyle,Freestyle,Men,50,2006_Nescac_Msd_Results,Williams,"Albohm, Blake",Final,21.11,21.11
2007,100_Backstroke,Backstroke,Men,100,2007_Nescac_Msd_Results,Amherst,"Waskom, Mike",Final,52.76,52.76
2007,100_Backstroke,Backstroke,Men,100,2007_Nescac_Msd_Results,Bates,"Berry, Chris",Final,54.7,54.70
2007,100_Backstroke,Backstroke,Men,100,2007_Nescac_Msd_Results,Bowdoin,"Rachlin, Ben",Prelim,54.91,54.91
2007,100_Backstroke,Backstroke,Men,100,2007_Nescac_Msd_Results,Colby,"Dewey, Jabez",Prelim,51.41,51.41
2007,100_Backstroke,Backstroke,Men,100,2007_Nescac_Msd_Results,Hamilton,"Johnson, Todd",Final,51.82,51.82
2007,100_Backstroke,Backstroke,Men,100,2007_Nescac_Msd_Results,Middlebury,"Woods, Zach",Final,52.5,52.50
2007,100_Backstroke,Backstroke,Men,100,2007_Nescac_Msd_Results,Trinity,"Kates, Stephen",Prelim,59.64,59.64
2007,100_Backstroke,Backstroke,Men,100,2007_Nescac_Msd_Results,Tufts,"Froehlich, William",Prelim,54.89,54.89
2007,100_Backstroke,Backstroke,Men,100,2007_Nescac_Msd_Results,Wesleyan,"Brown, Jordan",Prelim,56.64,56.64
2007,100_Backstroke,Backstroke,Men,100,2007_Nescac_Msd_Results,Williams,"Hollander, Adam",Final,53.41,53.41
2007,100_Breaststroke,Breaststroke,Men,100,2007_Nescac_Msd_Results,Amherst,"Ancona, John",Final,58.71,58.71
2007,100_Breaststroke,Breaststroke,Men,100,2007_Nescac_Msd_Results,Bowdoin,"Swanson, David",Prelim,61.2,1:01.20
2007,100_Breaststroke,Breaststroke,Men,100,2007_Nescac_Msd_Results,Colby,"Peterson, Andrew",Prelim,60.34,1:00.34
2007,100_Breaststroke,Breaststroke,Men,100,2007_Nescac_Msd_Results,Hamilton,"Mereness, Jared",Prelim,59.09,59.09
2007,100_Breaststroke,Breaststroke,Men,100,2007_Nescac_Msd_Results,Middlebury,"Lux, Tim",Final,58.94,58.94
2007,100_Breaststroke,Breaststroke,Men,100,2007_Nescac_Msd_Results,Trinity,"Lenihan, Mike",Prelim,59.87,59.87
2007,100_Breaststroke,Breaststroke,Men,100,2007_Nescac_Msd_Results,Tufts,"Chan, Lawrence",Final,59.35,59.35
2007,100_Breaststroke,Breaststroke,Men,100,2007_Nescac_Msd_Results,Wesleyan,"Stein, Jeff",Final,61.57,1:01.57
2007,100_Breaststroke,Breaststroke,Men,100,2007_Nescac_Msd_Results,Williams,"Bonewell, Tyler",Final,58.22,58.22
2007,100_Butterfly,Butterfly,Men,100,2007_Nescac_Msd_Results,Amherst,"Homchick, Tad",Final,52.33,52.33
2007,100_Butterfly,Butterfly,Men,100,2007_Nescac_Msd_Results,Bates,"Sosnowski, Taylor",Prelim,55.97,55.97
2007,100_Butterfly,Butterfly,Men,100,2007_Nescac_Msd_Results,Bowdoin,"Morris, Sean",Final,52.44,52.44
2007,100_Butterfly,Butterfly,Men,100,2007_Nescac_Msd_Results,Colby,"Adams, Ryan",Prelim,53.96,53.96
2007,100_Butterfly,Butterfly,Men,100,2007_Nescac_Msd_Results,Hamilton,"Chaponis, Stephen",Prelim,54.12,54.12
2007,100_Butterfly,Butterfly,Men,100,2007_Nescac_Msd_Results,Middlebury,"Collier, Rob",Final,49.85,49.85&
2007,100_Butterfly,Butterfly,Men,100,2007_Nescac_Msd_Results,Trinity,"Bhamla, Ayaas",Prelim,55.01,55.01
2007,100_Butterfly,Butterfly,Men,100,2007_Nescac_Msd_Results,Tufts,"Shields, Andrew",Prelim,52.02,52.02
2007,100_Butterfly,Butterfly,Men,100,2007_Nescac_Msd_Results,Wesleyan,"Lee, Jae",Prelim,54.97,54.97
2007,100_Butterfly,Butterfly,Men,100,2007_Nescac_Msd_Results,Williams,"Wentworth-Ping, Alex",Prelim,50.6,50.60
2007,100_Freestyle,Freestyle,Men,100,2007_Nescac_Msd_Results,Amherst,"Homchick, Tad",Final,47.78,47.78
2007,100_Freestyle,Freestyle,Men,100,2007_Nescac_Msd_Results,Bates,"Walsh, Bill",Prelim,50.22,50.22
2007,100_Freestyle,Freestyle,Men,100,2007_Nescac_Msd_Results,Bowdoin,"Immerman, Jason",Prelim,49.65,49.65
2007,100_Freestyle,Freestyle,Men,100,2007_Nescac_Msd_Results,Colby,"Wampler, Sam",Prelim,47.34,47.34
2007,100_Freestyle,Freestyle,Men,100,2007_Nescac_Msd_Results,Hamilton,"Warner, Christian",Final,47.7,47.70
2007,100_Freestyle,Freestyle,Men,100,2007_Nescac_Msd_Results,Middlebury,"Beeman, Schuyler",Final,46.39,46.39
2007,100_Freestyle,Freestyle,Men,100,2007_Nescac_Msd_Results,Trinity,"Gerli, Brooks",Prelim,50.07,50.07
2007,100_Freestyle,Freestyle,Men,100,2007_Nescac_Msd_Results,Tufts,"Shields, Andrew",Prelim,46.97,46.97
2007,100_Freestyle,Freestyle,Men,100,2007_Nescac_Msd_Results,Wesleyan,"Becker, Chris",Final,47.54,47.54
2007,100_Freestyle,Freestyle,Men,100,2007_Nescac_Msd_Results,Williams,"Hannigan, Rob",Final,45.7,45.70
2007,200_Backstroke,Backstroke,Men,200,2007_Nescac_Msd_Results,Amherst,"Bethards, Josiah",Final,116.81,1:56.81
2007,200_Backstroke,Backstroke,Men,200,2007_Nescac_Msd_Results,Bates,"Berry, Chris",Final,119.00999999999999,1:59.01
2007,200_Backstroke,Backstroke,Men,200,2007_Nescac_Msd_Results,Bowdoin,"Kimball, Josh",Prelim,121.04,2:01.04
2007,200_Backstroke,Backstroke,Men,200,2007_Nescac_Msd_Results,Colby,"Dewey, Jabez",Final,113.72999999999999,1:53.73
2007,200_Backstroke,Backstroke,Men,200,2007_Nescac_Msd_Results,Hamilton,"Johnson, Todd",Final,115.6,1:55.60
2007,200_Backstroke,Backstroke,Men,200,2007_Nescac_Msd_Results,Middlebury,"Woods, Zach",Final,113.24000000000001,1:53.24
2007,200_Backstroke,Backstroke,Men,200,2007_Nescac_Msd_Results,Trinity,"Kates, Stephen",Prelim,130.6,2:10.60
2007,200_Backstroke,Backstroke,Men,200,2007_Nescac_Msd_Results,Tufts,"Froehlich, William",Prelim,116.0,1:56.00
2007,200_Backstroke,Backstroke,Men,200,2007_Nescac_Msd_Results,Wesleyan,"Walker, Andrew",Prelim,126.87,2:06.87
2007,200_Backstroke,Backstroke,Men,200,2007_Nescac_Msd_Results,Williams,"McManic, Dave",Final,111.95,1:51.95
2007,200_Breaststroke,Breaststroke,Men,200,2007_Nescac_Msd_Results,Amherst,"Ancona, John",Final,128.89,2:08.89
2007,200_Breaststroke,Breaststroke,Men,200,2007_Nescac_Msd_Results,Bowdoin,"Hyde, Nate",Prelim,134.89,2:14.89
2007,200_Breaststroke,Breaststroke,Men,200,2007_Nescac_Msd_Results,Colby,"Dean, Patrick",Prelim,129.59,2:09.59
2007,200_Breaststroke,Breaststroke,Men,200,2007_Nescac_Msd_Results,Hamilton,"Mereness, Jared",Final,133.33,2:13.33
2007,200_Breaststroke,Breaststroke,Men,200,2007_Nescac_Msd_Results,Middlebury,"Lux, Tim",Prelim,131.82,2:11.82
2007,200_Breaststroke,Breaststroke,Men,200,2007_Nescac_Msd_Results,Trinity,"Lenihan, Mike",Prelim,131.67,2:11.67
2007,200_Breaststroke,Breaststroke,Men,200,2007_Nescac_Msd_Results,Tufts,"Cronin, Nathan",Final,131.75,2:11.75
2007,200_Breaststroke,Breaststroke,Men,200,2007_Nescac_Msd_Results,Williams,"Bonewell, Tyler",Prelim,125.05,2:05.05
2007,200_Butterfly,Butterfly,Men,200,2007_Nescac_Msd_Results,Amherst,"Treat, Ethan",Final,113.14,1:53.14
2007,200_Butterfly,Butterfly,Men,200,2007_Nescac_Msd_Results,Bowdoin,"Wandner, Ian",Prelim,121.82,2:01.82
2007,200_Butterfly,Butterfly,Men,200,2007_Nescac_Msd_Results,Colby,"Bartkiewicz, Mitch",Prelim,121.67,2:01.67
2007,200_Butterfly,Butterfly,Men,200,2007_Nescac_Msd_Results,Hamilton,"Chaponis, Stephen",Prelim,124.79,2:04.79
2007,200_Butterfly,Butterfly,Men,200,2007_Nescac_Msd_Results,Middlebury,"Collier, Rob",Final,110.39,1:50.39
2007,200_Butterfly,Butterfly,Men,200,2007_Nescac_Msd_Results,Trinity,"Bhamla, Ayaas",Final,121.41,2:01.41
2007,200_Butterfly,Butterfly,Men,200,2007_Nescac_Msd_Results,Tufts,"de Vries, Calvin",Prelim,119.64,1:59.64
2007,200_Butterfly,Butterfly,Men,200,2007_Nescac_Msd_Results,Wesleyan,"Murphy, Seth",Final,121.3,2:01.30
2007,200_Butterfly,Butterfly,Men,200,2007_Nescac_Msd_Results,Williams,"Millen, Chris",Final,111.28999999999999,1:51.29
2007,200_Freestyle,Freestyle,Men,200,2007_Nescac_Msd_Results,Amherst,"Witzke, Christian",Final,102.47,1:42.47
2007,200_Freestyle,Freestyle,Men,200,2007_Nescac_Msd_Results,Bates,"MacNaughton, Jake",Prelim,111.74000000000001,1:51.74
2007,200_Freestyle,Freestyle,Men,200,2007_Nescac_Msd_Results,Bowdoin,"Jacob, Chris",Prelim,112.91,1:52.91
2007,200_Freestyle,Freestyle,Men,200,2007_Nescac_Msd_Results,Colby,"Mullin, Evan",Final,103.81,1:43.81
2007,200_Freestyle,Freestyle,Men,200,2007_Nescac_Msd_Results,Hamilton,"Warner, Christian",Final,103.86,1:43.86
2007,200_Freestyle,Freestyle,Men,200,2007_Nescac_Msd_Results,Middlebury,"O'Rourke, Kevin",Final,102.96000000000001,1:42.96
2007,200_Freestyle,Freestyle,Men,200,2007_Nescac_Msd_Results,Tufts,"Bettencourt, Gregory",Final,102.45,1:42.45
2007,200_Freestyle,Freestyle,Men,200,2007_Nescac_Msd_Results,Wesleyan,"Pepi, Mike",Prelim,105.63,1:45.63
2007,200_Freestyle,Freestyle,Men,200,2007_Nescac_Msd_Results,Williams,"Hannigan, Rob",Final,101.69,1:41.69
2007,200_IM,IM,Men,200,2007_Nescac_Msd_Results,Amherst,"Treat, Ethan",Final,113.61,1:53.61
2007,200_IM,IM,Men,200,2007_Nescac_Msd_Results,Bates,"Swanson, Charles",Prelim,122.61,2:02.61
2007,200_IM,IM,Men,200,2007_Nescac_Msd_Results,Bowdoin,"Goldstein, Max",Prelim,117.0,1:57.00
2007,200_IM,IM,Men,200,2007_Nescac_Msd_Results,Colby,"Bartkiewicz, Mitch",Prelim,119.95,1:59.95
2007,200_IM,IM,Men,200,2007_Nescac_Msd_Results,Middlebury,"Collier, Rob",Final,112.81,1:52.81
2007,200_IM,IM,Men,200,2007_Nescac_Msd_Results,Trinity,"Lenihan, Mike",Final,118.56,1:58.56
2007,200_IM,IM,Men,200,2007_Nescac_Msd_Results,Tufts,"Cronin, Nathan",Final,119.18,1:59.18
2007,200_IM,IM,Men,200,2007_Nescac_Msd_Results,Williams,"Millen, Chris",Final,112.93,1:52.93
2007,400_IM,IM,Men,400,2007_Nescac_Msd_Results,Amherst,"Treat, Ethan",Final,240.41,4:00.41
2007,400_IM,IM,Men,400,2007_Nescac_Msd_Results,Bowdoin,"Goldstein, Max",Final,255.4,4:15.40
2007,400_IM,IM,Men,400,2007_Nescac_Msd_Results,Colby,"Bartkiewicz, Mitch",Prelim,256.84,4:16.84
2007,400_IM,IM,Men,400,2007_Nescac_Msd_Results,Middlebury,"DeVore, Zach",Prelim,256.22,4:16.22
2007,400_IM,IM,Men,400,2007_Nescac_Msd_Results,Tufts,"Cronin, Nathan",Final,252.96,4:12.96
2007,400_IM,IM,Men,400,2007_Nescac_Msd_Results,Wesleyan,"Murphy, Seth",Prelim,256.56,4:16.56
2007,400_IM,IM,Men,400,2007_Nescac_Msd_Results,Williams,"Millen, Chris",Final,238.6,3:58.60
2007,500_Freestyle,Freestyle,Men,500,2007_Nescac_Msd_Results,Amherst,"Witzke, Christian",Final,277.59000000000003,4:37.59
2007,500_Freestyle,Freestyle,Men,500,2007_Nescac_Msd_Results,Bates,"MacNaughton, Jake",Prelim,297.94,4:57.94
2007,500_Freestyle,Freestyle,Men,500,2007_Nescac_Msd_Results,Bowdoin,"Wells, David",Prelim,291.81,4:51.81
2007,500_Freestyle,Freestyle,Men,500,2007_Nescac_Msd_Results,Colby,"Mullin, Evan",Prelim,281.03,4:41.03
2007,500_Freestyle,Freestyle,Men,500,2007_Nescac_Msd_Results,Hamilton,"Hodges, Mark",Prelim,296.67,4:56.67
2007,500_Freestyle,Freestyle,Men,500,2007_Nescac_Msd_Results,Middlebury,"O'Rourke, Kevin",Prelim,281.74,4:41.74
2007,500_Freestyle,Freestyle,Men,500,2007_Nescac_Msd_Results,Trinity,"Bernstein, Ben",Prelim,333.82,5:33.82
2007,500_Freestyle,Freestyle,Men,500,2007_Nescac_Msd_Results,Tufts,"Bettencourt, Gregory",Prelim,276.27,4:36.27
2007,500_Freestyle,Freestyle,Men,500,2007_Nescac_Msd_Results,Wesleyan,"Byers, Ben",Final,278.96,4:38.96
2007,500_Freestyle,Freestyle,Men,500,2007_Nescac_Msd_Results,Williams,"Spinelli, Steve",Final,270.29,4:30.29
2007,50_Backstroke,Backstroke,Men,50,2007_Nescac_Msd_Results,Amherst,"Waskom, Mike",Final,24.76,24.76
2007,50_Backstroke,Backstroke,Men,50,2007_Nescac_Msd_Results,Bates,"Berry, Chris",Final,25.66,25.66
2007,50_Backstroke,Backstroke,Men,50,2007_Nescac_Msd_Results,Bowdoin,"Rachlin, Ben",Final,25.48,25.48
2007,50_Backstroke,Backstroke,Men,50,2007_Nescac_Msd_Results,Colby,"Dewey, Jabez",Prelim,24.16,24.16
2007,50_Backstroke,Backstroke,Men,50,2007_Nescac_Msd_Results,Hamilton,"Johnson, Todd",Prelim,24.33,24.33
2007,50_Backstroke,Backstroke,Men,50,2007_Nescac_Msd_Results,Middlebury,"Woods, Zach",Prelim,24.6,24.60
2007,50_Backstroke,Backstroke,Men,50,2007_Nescac_Msd_Results,Trinity,"Kates, Stephen",Prelim,26.89,26.89
2007,50_Backstroke,Backstroke,Men,50,2007_Nescac_Msd_Results,Tufts,"Fanning, Justin",Final,24.38,24.38
2007,50_Backstroke,Backstroke,Men,50,2007_Nescac_Msd_Results,Wesleyan,"Brown, Jordan",Prelim,25.74,25.74
2007,50_Backstroke,Backstroke,Men,50,2007_Nescac_Msd_Results,Williams,"Gallucci, Nick",Final,24.94,24.94
2007,50_Breaststroke,Breaststroke,Men,50,2007_Nescac_Msd_Results,Amherst,"Ancona, John",Final,26.97,26.97
2007,50_Breaststroke,Breaststroke,Men,50,2007_Nescac_Msd_Results,Bates,"Walsh, Bill",Prelim,29.98,29.98
2007,50_Breaststroke,Breaststroke,Men,50,2007_Nescac_Msd_Results,Bowdoin,"Swanson, David",Final,27.76,27.76
2007,50_Breaststroke,Breaststroke,Men,50,2007_Nescac_Msd_Results,Colby,"Peterson, Andrew",Final,27.79,27.79
2007,50_Breaststroke,Breaststroke,Men,50,2007_Nescac_Msd_Results,Hamilton,"Mereness, Jared",Final,27.37,27.37
2007,50_Breaststroke,Breaststroke,Men,50,2007_Nescac_Msd_Results,Middlebury,"Lux, Tim",Final,26.89,26.89
2007,50_Breaststroke,Breaststroke,Men,50,2007_Nescac_Msd_Results,Trinity,"Mostyn, Pat",Prelim,31.63,31.63
2007,50_Breaststroke,Breaststroke,Men,50,2007_Nescac_Msd_Results,Tufts,"Chan, Lawrence",Final,26.83,26.83
2007,50_Breaststroke,Breaststroke,Men,50,2007_Nescac_Msd_Results,Wesleyan,"Stein, Jeff",Prelim,28.5,28.50
2007,50_Breaststroke,Breaststroke,Men,50,2007_Nescac_Msd_Results,Williams,"Bonewell, Tyler",Final,26.89,26.89
2007,50_Butterfly,Butterfly,Men,50,2007_Nescac_Msd_Results,Amherst,"Holmes, C.J.",Final,24.46,24.46
2007,50_Butterfly,Butterfly,Men,50,2007_Nescac_Msd_Results,Bates,"Sosnowski, Taylor",Final,25.06,25.06
2007,50_Butterfly,Butterfly,Men,50,2007_Nescac_Msd_Results,Bowdoin,"Morris, Sean",Prelim,23.77,23.77
2007,50_Butterfly,Butterfly,Men,50,2007_Nescac_Msd_Results,Colby,"Adams, Ryan",Prelim,24.28,24.28
2007,50_Butterfly,Butterfly,Men,50,2007_Nescac_Msd_Results,Hamilton,"Chaponis, Stephen",Prelim,24.5,24.50
2007,50_Butterfly,Butterfly,Men,50,2007_Nescac_Msd_Results,Middlebury,"Dillon, John",Final,23.11,23.11
2007,50_Butterfly,Butterfly,Men,50,2007_Nescac_Msd_Results,Trinity,"Gerli, Brooks",Final,24.66,24.66
2007,50_Butterfly,Butterfly,Men,50,2007_Nescac_Msd_Results,Tufts,"Mitchell, Ben",Prelim,24.05,24.05
2007,50_Butterfly,Butterfly,Men,50,2007_Nescac_Msd_Results,Wesleyan,"Lee, Jae",Prelim,24.15,24.15
2007,50_Butterfly,Butterfly,Men,50,2007_Nescac_Msd_Results,Williams,"Scott, Norman",Final,22.78,22.78
2007,50_Freestyle,Freestyle,Men,50,2007_Nescac_Msd_Results,Amherst,"Homchick, Tad",Final,21.35,21.35
2007,50_Freestyle,Freestyle,Men,50,2007_Nescac_Msd_Results,Bates,"Walsh, Bill",Prelim,23.2,23.20
2007,50_Freestyle,Freestyle,Men,50,2007_Nescac_Msd_Results,Bowdoin,"Swanson, David",Prelim,21.9,21.90
2007,50_Freestyle,Freestyle,Men,50,2007_Nescac_Msd_Results,Colby,"Wampler, Sam",Prelim,21.53,21.53
2007,50_Freestyle,Freestyle,Men,50,2007_Nescac_Msd_Results,Hamilton,"Paridon, Alex",Final,22.26,22.26
2007,50_Freestyle,Freestyle,Men,50,2007_Nescac_Msd_Results,Middlebury,"Beeman, Schuyler",Prelim,20.9,20.90
2007,50_Freestyle,Freestyle,Men,50,2007_Nescac_Msd_Results,Trinity,"Gerli, Brooks",Prelim,22.75,22.75
2007,50_Freestyle,Freestyle,Men,50,2007_Nescac_Msd_Results,Tufts,"Kinsella, Michael",Prelim,21.22,21.22
2007,50_Freestyle,Freestyle,Men,50,2007_Nescac_Msd_Results,Wesleyan,"Pepi, Mike",Final,21.57,21.57
2007,50_Freestyle,Freestyle,Men,50,2007_Nescac_Msd_Results,Williams,"Gallucci, Nick",Prelim,21.13,21.13
2008,100_Backstroke,Backstroke,Men,100,2008_Nescac_Msd_Results,Amherst,"Waskom, Mike",Final,52.02,52.02
2008,100_Backstroke,Backstroke,Men,100,2008_Nescac_Msd_Results,Bates,"Berry, Chris",Final,53.35,53.35
2008,100_Backstroke,Backstroke,Men,100,2008_Nescac_Msd_Results,Bowdoin,"Kimball, Josh",Final,54.66,54.66
2008,100_Backstroke,Backstroke,Men,100,2008_Nescac_Msd_Results,Colby,"Finnerty, Mike",Prelim,54.77,54.77
2008,100_Backstroke,Backstroke,Men,100,2008_Nescac_Msd_Results,Hamilton,"Johnson, Todd",Final,51.73,51.73!
2008,100_Backstroke,Backstroke,Men,100,2008_Nescac_Msd_Results,Middlebury,"Beeman, Schuyler",Final,52.29,52.29
2008,100_Backstroke,Backstroke,Men,100,2008_Nescac_Msd_Results,Trinity,"Boynton, Andrew",Prelim,55.35,55.35
2008,100_Backstroke,Backstroke,Men,100,2008_Nescac_Msd_Results,Tufts,"Glenn, Matthew",Prelim,53.07,53.07
2008,100_Backstroke,Backstroke,Men,100,2008_Nescac_Msd_Results,Williams,"Macdonald, Worth",Final,53.36,53.36
2008,100_Breaststroke,Breaststroke,Men,100,2008_Nescac_Msd_Results,Amherst,"Prill, Derek",Final,59.03,59.03
2008,100_Breaststroke,Breaststroke,Men,100,2008_Nescac_Msd_Results,Bates,"Walsh, Bill",Prelim,65.32,1:05.32
2008,100_Breaststroke,Breaststroke,Men,100,2008_Nescac_Msd_Results,Bowdoin,"Swafford, Andrew",Prelim,64.28,1:04.28
2008,100_Breaststroke,Breaststroke,Men,100,2008_Nescac_Msd_Results,Colby,"Peterson, Andrew",Prelim,60.53,1:00.53
2008,100_Breaststroke,Breaststroke,Men,100,2008_Nescac_Msd_Results,Hamilton,"Mereness, Jared",Final,58.49,58.49
2008,100_Breaststroke,Breaststroke,Men,100,2008_Nescac_Msd_Results,Middlebury,"Bell, Peter",Final,59.6,59.60
2008,100_Breaststroke,Breaststroke,Men,100,2008_Nescac_Msd_Results,Trinity,"DiPietro, Mike",Prelim,65.11,1:05.11
2008,100_Breaststroke,Breaststroke,Men,100,2008_Nescac_Msd_Results,Tufts,"Longhurst, James",Prelim,58.41,58.41
2008,100_Breaststroke,Breaststroke,Men,100,2008_Nescac_Msd_Results,Wesleyan,"Stein, Jeff",Final,60.83,1:00.83
2008,100_Breaststroke,Breaststroke,Men,100,2008_Nescac_Msd_Results,Williams,"Bonewell, Tyler",Prelim,57.19,57.19
2008,100_Butterfly,Butterfly,Men,100,2008_Nescac_Msd_Results,Amherst,"Homchick, Tad",Final,50.94,50.94
2008,100_Butterfly,Butterfly,Men,100,2008_Nescac_Msd_Results,Bowdoin,"Morris, Sean",Prelim,52.63,52.63
2008,100_Butterfly,Butterfly,Men,100,2008_Nescac_Msd_Results,Colby,"Williams, Peter",Final,53.17,53.17
2008,100_Butterfly,Butterfly,Men,100,2008_Nescac_Msd_Results,Hamilton,"DeConinck, Chris",Prelim,52.47,52.47
2008,100_Butterfly,Butterfly,Men,100,2008_Nescac_Msd_Results,Middlebury,"Dillon, John",Final,49.58,49.58
2008,100_Butterfly,Butterfly,Men,100,2008_Nescac_Msd_Results,Trinity,"Zuhusky, Andrew",Prelim,56.55,56.55
2008,100_Butterfly,Butterfly,Men,100,2008_Nescac_Msd_Results,Tufts,"Shields, Andrew",Prelim,51.49,51.49
2008,100_Butterfly,Butterfly,Men,100,2008_Nescac_Msd_Results,Wesleyan,"Drost, Dana",Prelim,53.24,53.24
2008,100_Butterfly,Butterfly,Men,100,2008_Nescac_Msd_Results,Williams,"Scott, Norman",Prelim,49.09,49.09
2008,100_Freestyle,Freestyle,Men,100,2008_Nescac_Msd_Results,Amherst,"Fraser, Alex",Final,45.83,45.83
2008,100_Freestyle,Freestyle,Men,100,2008_Nescac_Msd_Results,Bates,"Cooper, Nate",Prelim,49.57,49.57
2008,100_Freestyle,Freestyle,Men,100,2008_Nescac_Msd_Results,Bowdoin,"Swanson, David",Prelim,49.02,49.02
2008,100_Freestyle,Freestyle,Men,100,2008_Nescac_Msd_Results,Colby,"Mullin, Evan",Final,47.01,47.01
2008,100_Freestyle,Freestyle,Men,100,2008_Nescac_Msd_Results,Hamilton,"DeConinck, Jake",Prelim,47.87,47.87
2008,100_Freestyle,Freestyle,Men,100,2008_Nescac_Msd_Results,Middlebury,"Beeman, Schuyler",Prelim,45.96,45.96
2008,100_Freestyle,Freestyle,Men,100,2008_Nescac_Msd_Results,Tufts,"Shields, Andrew",Final,46.57,46.57
2008,100_Freestyle,Freestyle,Men,100,2008_Nescac_Msd_Results,Wesleyan,"Becker, Chris",Final,47.03,47.03
2008,100_Freestyle,Freestyle,Men,100,2008_Nescac_Msd_Results,Williams,"Wampler, Ben",Final,46.2,46.20
2008,200_Backstroke,Backstroke,Men,200,2008_Nescac_Msd_Results,Amherst,"Waskom, Mike",Prelim,115.47999999999999,1:55.48
2008,200_Backstroke,Backstroke,Men,200,2008_Nescac_Msd_Results,Bates,"Berry, Chris",Final,117.1,1:57.10
2008,200_Backstroke,Backstroke,Men,200,2008_Nescac_Msd_Results,Bowdoin,"Kimball, Josh",Prelim,121.5,2:01.50
2008,200_Backstroke,Backstroke,Men,200,2008_Nescac_Msd_Results,Colby,"Finnerty, Mike",Prelim,117.99000000000001,1:57.99
2008,200_Backstroke,Backstroke,Men,200,2008_Nescac_Msd_Results,Hamilton,"Johnson, Todd",Final,116.34,1:56.34
2008,200_Backstroke,Backstroke,Men,200,2008_Nescac_Msd_Results,Middlebury,"Woods, Zach",Final,113.91,1:53.91
2008,200_Backstroke,Backstroke,Men,200,2008_Nescac_Msd_Results,Trinity,"Boynton, Andrew",Final,119.75,1:59.75
2008,200_Backstroke,Backstroke,Men,200,2008_Nescac_Msd_Results,Tufts,"Sullivan, Sean",Prelim,115.32,1:55.32
2008,200_Backstroke,Backstroke,Men,200,2008_Nescac_Msd_Results,Williams,"Bullitt, Ben",Final,112.11,1:52.11!
2008,200_Breaststroke,Breaststroke,Men,200,2008_Nescac_Msd_Results,Amherst,"Stanton, James",Final,131.26,2:11.26
2008,200_Breaststroke,Breaststroke,Men,200,2008_Nescac_Msd_Results,Bowdoin,"Swafford, Andrew",Prelim,141.57999999999998,2:21.58
2008,200_Breaststroke,Breaststroke,Men,200,2008_Nescac_Msd_Results,Colby,"Peterson, Andrew",Final,134.18,2:14.18
2008,200_Breaststroke,Breaststroke,Men,200,2008_Nescac_Msd_Results,Hamilton,"Mereness, Jared",Final,131.88,2:11.88
2008,200_Breaststroke,Breaststroke,Men,200,2008_Nescac_Msd_Results,Middlebury,"Bell, Peter",Final,130.18,2:10.18
2008,200_Breaststroke,Breaststroke,Men,200,2008_Nescac_Msd_Results,Trinity,"DiPietro, Mike",Prelim,146.36,2:26.36
2008,200_Breaststroke,Breaststroke,Men,200,2008_Nescac_Msd_Results,Tufts,"Vorlicek, Chris",Final,131.27,2:11.27
2008,200_Breaststroke,Breaststroke,Men,200,2008_Nescac_Msd_Results,Wesleyan,"Bailey, Michael",Final,131.93,2:11.93
2008,200_Breaststroke,Breaststroke,Men,200,2008_Nescac_Msd_Results,Williams,"Bonewell, Tyler",Prelim,122.76,2:02.76
2008,200_Butterfly,Butterfly,Men,200,2008_Nescac_Msd_Results,Amherst,"Holmes, C.J.",Final,116.24000000000001,1:56.24
2008,200_Butterfly,Butterfly,Men,200,2008_Nescac_Msd_Results,Bowdoin,"Morris, Sean",Final,119.18,1:59.18
2008,200_Butterfly,Butterfly,Men,200,2008_Nescac_Msd_Results,Colby,"Metcalf, David",Prelim,130.52,2:10.52
2008,200_Butterfly,Butterfly,Men,200,2008_Nescac_Msd_Results,Hamilton,"Sievers, Bowie",Final,114.45,1:54.45
2008,200_Butterfly,Butterfly,Men,200,2008_Nescac_Msd_Results,Middlebury,"Dillon, John",Prelim,110.15,1:50.15
2008,200_Butterfly,Butterfly,Men,200,2008_Nescac_Msd_Results,Tufts,"Salzberg, Matthew",Prelim,118.95,1:58.95
2008,200_Butterfly,Butterfly,Men,200,2008_Nescac_Msd_Results,Wesleyan,"Drost, Dana",Final,118.0,1:58.00
2008,200_Butterfly,Butterfly,Men,200,2008_Nescac_Msd_Results,Williams,"Scott, Norman",Final,109.81,1:49.81
2008,200_Freestyle,Freestyle,Men,200,2008_Nescac_Msd_Results,Amherst,"Fraser, Alex",Final,101.16,1:41.16
2008,200_Freestyle,Freestyle,Men,200,2008_Nescac_Msd_Results,Bates,"Cooper, Nate",Prelim,112.14,1:52.14
2008,200_Freestyle,Freestyle,Men,200,2008_Nescac_Msd_Results,Bowdoin,"Seward, Matt",Final,109.02000000000001,1:49.02
2008,200_Freestyle,Freestyle,Men,200,2008_Nescac_Msd_Results,Colby,"McCulloch, Evan",Prelim,112.42,1:52.42
2008,200_Freestyle,Freestyle,Men,200,2008_Nescac_Msd_Results,Hamilton,"DeConinck, Jake",Prelim,105.47,1:45.47
2008,200_Freestyle,Freestyle,Men,200,2008_Nescac_Msd_Results,Middlebury,"O'Rourke, Kevin",Final,101.0,1:41.00!
2008,200_Freestyle,Freestyle,Men,200,2008_Nescac_Msd_Results,Trinity,"Murdoch, C. J.",Final,108.71000000000001,1:48.71
2008,200_Freestyle,Freestyle,Men,200,2008_Nescac_Msd_Results,Tufts,"Meyer, David",Prelim,105.93,1:45.93
2008,200_Freestyle,Freestyle,Men,200,2008_Nescac_Msd_Results,Wesleyan,"Storms, Dan",Prelim,103.82,1:43.82
2008,200_Freestyle,Freestyle,Men,200,2008_Nescac_Msd_Results,Williams,"Kirwan, Michael",Final,103.1,1:43.10
2008,200_IM,IM,Men,200,2008_Nescac_Msd_Results,Amherst,"Maslan, Andrew",Prelim,115.33,1:55.33
2008,200_IM,IM,Men,200,2008_Nescac_Msd_Results,Bowdoin,"Heyde, Keith",Prelim,130.74,2:10.74
2008,200_IM,IM,Men,200,2008_Nescac_Msd_Results,Colby,"Williams, Peter",Final,120.36,2:00.36
2008,200_IM,IM,Men,200,2008_Nescac_Msd_Results,Hamilton,"Sievers, Bowie",Prelim,117.8,1:57.80
2008,200_IM,IM,Men,200,2008_Nescac_Msd_Results,Middlebury,"Woods, Zach",Prelim,118.37,1:58.37
2008,200_IM,IM,Men,200,2008_Nescac_Msd_Results,Tufts,"Salzberg, Matthew",Prelim,118.56,1:58.56
2008,200_IM,IM,Men,200,2008_Nescac_Msd_Results,Wesleyan,"Bailey, Michael",Final,117.08,1:57.08
2008,200_IM,IM,Men,200,2008_Nescac_Msd_Results,Williams,"Felker, Henry",Final,113.47999999999999,1:53.48
2008,400_IM,IM,Men,400,2008_Nescac_Msd_Results,Amherst,"Maslan, Andrew",Prelim,247.39,4:07.39
2008,400_IM,IM,Men,400,2008_Nescac_Msd_Results,Bowdoin,"Hurst, Christian",Final,262.8,4:22.80
2008,400_IM,IM,Men,400,2008_Nescac_Msd_Results,Colby,"Finnerty, Mike",Prelim,262.56,4:22.56
2008,400_IM,IM,Men,400,2008_Nescac_Msd_Results,Hamilton,"Sievers, Bowie",Final,249.7,4:09.70
2008,400_IM,IM,Men,400,2008_Nescac_Msd_Results,Middlebury,"DeVore, Zach",Final,260.68,4:20.68
2008,400_IM,IM,Men,400,2008_Nescac_Msd_Results,Trinity,"Gordon, Jason",Final,272.39,4:32.39
2008,400_IM,IM,Men,400,2008_Nescac_Msd_Results,Tufts,"Vorlicek, Chris",Final,248.21,4:08.21
2008,400_IM,IM,Men,400,2008_Nescac_Msd_Results,Wesleyan,"Bailey, Michael",Prelim,256.05,4:16.05
2008,400_IM,IM,Men,400,2008_Nescac_Msd_Results,Williams,"Millen, Chris",Final,244.83,4:04.83
2008,500_Freestyle,Freestyle,Men,500,2008_Nescac_Msd_Results,Amherst,"Fraser, Alex",Prelim,273.0,4:33.00
2008,500_Freestyle,Freestyle,Men,500,2008_Nescac_Msd_Results,Bates,"Harvey, John",Prelim,330.69,5:30.69
2008,500_Freestyle,Freestyle,Men,500,2008_Nescac_Msd_Results,Bowdoin,"Seward, Matt",Prelim,295.3,4:55.30
2008,500_Freestyle,Freestyle,Men,500,2008_Nescac_Msd_Results,Colby,"Smith, Kevin",Prelim,278.89,4:38.89
2008,500_Freestyle,Freestyle,Men,500,2008_Nescac_Msd_Results,Hamilton,"Witkowski, Andrew",Final,290.62,4:50.62
2008,500_Freestyle,Freestyle,Men,500,2008_Nescac_Msd_Results,Middlebury,"O'Rourke, Kevin",Final,272.76,4:32.76
2008,500_Freestyle,Freestyle,Men,500,2008_Nescac_Msd_Results,Trinity,"Murdoch, C. J.",Prelim,295.72,4:55.72
2008,500_Freestyle,Freestyle,Men,500,2008_Nescac_Msd_Results,Tufts,"Vorlicek, Chris",Final,281.81,4:41.81
2008,500_Freestyle,Freestyle,Men,500,2008_Nescac_Msd_Results,Wesleyan,"Beck, Ryan",Prelim,289.98,4:49.98
2008,500_Freestyle,Freestyle,Men,500,2008_Nescac_Msd_Results,Williams,"Roberson, Gary",Final,273.26,4:33.26
2008,50_Backstroke,Backstroke,Men,50,2008_Nescac_Msd_Results,Amherst,"Waskom, Mike",Final,24.41,24.41
2008,50_Backstroke,Backstroke,Men,50,2008_Nescac_Msd_Results,Bates,"Berry, Chris",Prelim,24.66,24.66
2008,50_Backstroke,Backstroke,Men,50,2008_Nescac_Msd_Results,Bowdoin,"Rachlin, Ben",Final,25.13,25.13
2008,50_Backstroke,Backstroke,Men,50,2008_Nescac_Msd_Results,Colby,"Townsend, Travis",Final,26.33,26.33
2008,50_Backstroke,Backstroke,Men,50,2008_Nescac_Msd_Results,Hamilton,"Johnson, Todd",Prelim,23.9,23.90
2008,50_Backstroke,Backstroke,Men,50,2008_Nescac_Msd_Results,Middlebury,"Dillon, John",Prelim,24.04,24.04
2008,50_Backstroke,Backstroke,Men,50,2008_Nescac_Msd_Results,Trinity,"Keery, Barton",Final,25.61,25.61
2008,50_Backstroke,Backstroke,Men,50,2008_Nescac_Msd_Results,Tufts,"Glenn, Matthew",Final,24.89,24.89
2008,50_Backstroke,Backstroke,Men,50,2008_Nescac_Msd_Results,Wesleyan,"Becker, Chris",Final,25.76,25.76
2008,50_Backstroke,Backstroke,Men,50,2008_Nescac_Msd_Results,Williams,"Macdonald, Worth",Prelim,24.76,24.76
2008,50_Breaststroke,Breaststroke,Men,50,2008_Nescac_Msd_Results,Amherst,"Prill, Derek",Final,26.36,26.36
2008,50_Breaststroke,Breaststroke,Men,50,2008_Nescac_Msd_Results,Bowdoin,"Swanson, David",Prelim,28.31,28.31
2008,50_Breaststroke,Breaststroke,Men,50,2008_Nescac_Msd_Results,Colby,"Zevin, Craig",Final,27.08,27.08
2008,50_Breaststroke,Breaststroke,Men,50,2008_Nescac_Msd_Results,Hamilton,"Mereness, Jared",Final,26.97,26.97
2008,50_Breaststroke,Breaststroke,Men,50,2008_Nescac_Msd_Results,Middlebury,"Bell, Peter",Final,26.63,26.63
2008,50_Breaststroke,Breaststroke,Men,50,2008_Nescac_Msd_Results,Trinity,"DiPietro, Mike",Prelim,29.66,29.66
2008,50_Breaststroke,Breaststroke,Men,50,2008_Nescac_Msd_Results,Tufts,"Longhurst, James",Final,26.87,26.87
2008,50_Breaststroke,Breaststroke,Men,50,2008_Nescac_Msd_Results,Wesleyan,"Stein, Jeff",Prelim,27.76,27.76
2008,50_Breaststroke,Breaststroke,Men,50,2008_Nescac_Msd_Results,Williams,"Bonewell, Tyler",Prelim,26.18,26.18
2008,50_Butterfly,Butterfly,Men,50,2008_Nescac_Msd_Results,Amherst,"Peterson, Walker",Prelim,25.69,25.69
2008,50_Butterfly,Butterfly,Men,50,2008_Nescac_Msd_Results,Bates,"Carroll, Patrick",Final,25.11,25.11
2008,50_Butterfly,Butterfly,Men,50,2008_Nescac_Msd_Results,Bowdoin,"Morris, Sean",Final,23.69,23.69
2008,50_Butterfly,Butterfly,Men,50,2008_Nescac_Msd_Results,Colby,"Williams, Peter",Final,23.91,23.91
2008,50_Butterfly,Butterfly,Men,50,2008_Nescac_Msd_Results,Hamilton,"DeConinck, Chris",Prelim,23.81,23.81
2008,50_Butterfly,Butterfly,Men,50,2008_Nescac_Msd_Results,Middlebury,"Pepper, Jake",Prelim,24.82,24.82
2008,50_Butterfly,Butterfly,Men,50,2008_Nescac_Msd_Results,Trinity,"Boynton, Andrew",Final,24.34,24.34
2008,50_Butterfly,Butterfly,Men,50,2008_Nescac_Msd_Results,Tufts,"Mitchell, Ben",Prelim,23.69,23.69
2008,50_Butterfly,Butterfly,Men,50,2008_Nescac_Msd_Results,Williams,"Scott, Norman",Final,22.38,22.38&
2008,50_Freestyle,Freestyle,Men,50,2008_Nescac_Msd_Results,Amherst,"Witzke, Christian",Final,21.14,21.14
2008,50_Freestyle,Freestyle,Men,50,2008_Nescac_Msd_Results,Bates,"Cooper, Nate",Prelim,22.5,22.50
2008,50_Freestyle,Freestyle,Men,50,2008_Nescac_Msd_Results,Bowdoin,"Swanson, David",Prelim,21.94,21.94
2008,50_Freestyle,Freestyle,Men,50,2008_Nescac_Msd_Results,Colby,"Wampler, Sam",Prelim,21.46,21.46
2008,50_Freestyle,Freestyle,Men,50,2008_Nescac_Msd_Results,Hamilton,"DeConinck, Jake",Final,21.75,21.75
2008,50_Freestyle,Freestyle,Men,50,2008_Nescac_Msd_Results,Middlebury,"Beeman, Schuyler",Final,20.56,20.56&
2008,50_Freestyle,Freestyle,Men,50,2008_Nescac_Msd_Results,Trinity,"Gerli, Brooks",Prelim,22.48,22.48
2008,50_Freestyle,Freestyle,Men,50,2008_Nescac_Msd_Results,Tufts,"Shields, Andrew",Prelim,21.22,21.22
2008,50_Freestyle,Freestyle,Men,50,2008_Nescac_Msd_Results,Wesleyan,"Pepi, Mike",Prelim,21.42,21.42
2008,50_Freestyle,Freestyle,Men,50,2008_Nescac_Msd_Results,Williams,"Wampler, Ben",Prelim,20.85,20.85
2009,100_Backstroke,Backstroke,Men,100,2009_Nescac_Msd_Results,Amherst,"White, Tim",Final,51.65,51.65
2009,100_Backstroke,Backstroke,Men,100,2009_Nescac_Msd_Results,Bates,"Berry, Chris",Final,52.29,52.29
2009,100_Backstroke,Backstroke,Men,100,2009_Nescac_Msd_Results,Bowdoin,"Kimball, Josh",Prelim,53.95,53.95
2009,100_Backstroke,Backstroke,Men,100,2009_Nescac_Msd_Results,Colby,"Gross, Ben",Final,53.9,53.90
2009,100_Backstroke,Backstroke,Men,100,2009_Nescac_Msd_Results,Hamilton,"Brodsky, Andrew",Prelim,55.3,55.30
2009,100_Backstroke,Backstroke,Men,100,2009_Nescac_Msd_Results,Middlebury,"Woods, Zach",Final,51.83,51.83
2009,100_Backstroke,Backstroke,Men,100,2009_Nescac_Msd_Results,Trinity,"Boynton, Andrew",Final,54.73,54.73
2009,100_Backstroke,Backstroke,Men,100,2009_Nescac_Msd_Results,Tufts,"Del Moro, Michael",Prelim,51.99,51.99
2009,100_Backstroke,Backstroke,Men,100,2009_Nescac_Msd_Results,Williams,"Macdonald, Worth",Final,51.56,51.56
2009,100_Breaststroke,Breaststroke,Men,100,2009_Nescac_Msd_Results,Amherst,"Federak, Bart",Prelim,57.11,57.11
2009,100_Breaststroke,Breaststroke,Men,100,2009_Nescac_Msd_Results,Bates,"McKeown, Alex",Final,61.19,1:01.19
2009,100_Breaststroke,Breaststroke,Men,100,2009_Nescac_Msd_Results,Bowdoin,"Mecray, Nathan",Final,57.53,57.53
2009,100_Breaststroke,Breaststroke,Men,100,2009_Nescac_Msd_Results,Colby,"Zevin, Craig",Final,59.68,59.68
2009,100_Breaststroke,Breaststroke,Men,100,2009_Nescac_Msd_Results,Hamilton,"Mereness, Jared",Final,58.44,58.44
2009,100_Breaststroke,Breaststroke,Men,100,2009_Nescac_Msd_Results,Middlebury,"Vukich, Matt",Final,59.24,59.24
2009,100_Breaststroke,Breaststroke,Men,100,2009_Nescac_Msd_Results,Trinity,"Remigino, Dan",Final,58.08,58.08
2009,100_Breaststroke,Breaststroke,Men,100,2009_Nescac_Msd_Results,Tufts,"Longhurst, James",Final,57.54,57.54
2009,100_Breaststroke,Breaststroke,Men,100,2009_Nescac_Msd_Results,Wesleyan,"Saleh, Momo",Prelim,60.03,1:00.03
2009,100_Breaststroke,Breaststroke,Men,100,2009_Nescac_Msd_Results,Williams,"Bonewell, Tyler",Final,57.02,57.02
2009,100_Butterfly,Butterfly,Men,100,2009_Nescac_Msd_Results,Amherst,"McBratney, Ben",Final,50.85,50.85
2009,100_Butterfly,Butterfly,Men,100,2009_Nescac_Msd_Results,Bates,"Scott, Ned",Final,51.68,51.68
2009,100_Butterfly,Butterfly,Men,100,2009_Nescac_Msd_Results,Bowdoin,"Routh, Mac",Final,50.81,50.81
2009,100_Butterfly,Butterfly,Men,100,2009_Nescac_Msd_Results,Colby,"Williams, Peter",Final,51.27,51.27
2009,100_Butterfly,Butterfly,Men,100,2009_Nescac_Msd_Results,Hamilton,"Chaponis, Stephen",Final,52.59,52.59
2009,100_Butterfly,Butterfly,Men,100,2009_Nescac_Msd_Results,Middlebury,"Asaga, Kazu",Final,52.0,52.00
2009,100_Butterfly,Butterfly,Men,100,2009_Nescac_Msd_Results,Trinity,"Bhamla, Ayaas",Prelim,54.47,54.47
2009,100_Butterfly,Butterfly,Men,100,2009_Nescac_Msd_Results,Tufts,"Shields, Andrew",Final,49.9,49.90
2009,100_Butterfly,Butterfly,Men,100,2009_Nescac_Msd_Results,Wesleyan,"McKeown, Kevin",Prelim,54.22,54.22
2009,100_Butterfly,Butterfly,Men,100,2009_Nescac_Msd_Results,Williams,"Scott, Norman",Final,48.89,48.89
2009,100_Freestyle,Freestyle,Men,100,2009_Nescac_Msd_Results,Amherst,"Fraser, Alex",Final,44.81,44.81&
2009,100_Freestyle,Freestyle,Men,100,2009_Nescac_Msd_Results,Bates,"Scott, Ned",Prelim,47.76,47.76
2009,100_Freestyle,Freestyle,Men,100,2009_Nescac_Msd_Results,Bowdoin,"Mecray, Nathan",Prelim,47.06,47.06
2009,100_Freestyle,Freestyle,Men,100,2009_Nescac_Msd_Results,Colby,"Wampler, Sam",Final,45.7,45.70
2009,100_Freestyle,Freestyle,Men,100,2009_Nescac_Msd_Results,Hamilton,"DeConinck, Jake",Prelim,47.0,47.00
2009,100_Freestyle,Freestyle,Men,100,2009_Nescac_Msd_Results,Middlebury,"O'Rourke, Kevin",Final,45.3,45.30
2009,100_Freestyle,Freestyle,Men,100,2009_Nescac_Msd_Results,Tufts,"Shields, Andrew",Prelim,46.08,46.08
2009,100_Freestyle,Freestyle,Men,100,2009_Nescac_Msd_Results,Wesleyan,"Storms, Dan",Final,46.95,46.95
2009,100_Freestyle,Freestyle,Men,100,2009_Nescac_Msd_Results,Williams,"D'Ignazio, Andrew",Final,47.37,47.37
2009,200_Backstroke,Backstroke,Men,200,2009_Nescac_Msd_Results,Amherst,"White, Tim",Prelim,110.34,1:50.34
2009,200_Backstroke,Backstroke,Men,200,2009_Nescac_Msd_Results,Bates,"Depew, Nathaniel",Prelim,114.46000000000001,1:54.46
2009,200_Backstroke,Backstroke,Men,200,2009_Nescac_Msd_Results,Bowdoin,"Kwan, Matt",Prelim,124.82,2:04.82
2009,200_Backstroke,Backstroke,Men,200,2009_Nescac_Msd_Results,Colby,"Townsend, Travis",Prelim,118.56,1:58.56
2009,200_Backstroke,Backstroke,Men,200,2009_Nescac_Msd_Results,Hamilton,"Crowell, Christopher",Prelim,125.17,2:05.17
2009,200_Backstroke,Backstroke,Men,200,2009_Nescac_Msd_Results,Middlebury,"Woods, Zach",Final,111.32,1:51.32
2009,200_Backstroke,Backstroke,Men,200,2009_Nescac_Msd_Results,Trinity,"Boynton, Andrew",Final,120.25,2:00.25
2009,200_Backstroke,Backstroke,Men,200,2009_Nescac_Msd_Results,Tufts,"Altman, Andrew",Prelim,114.36,1:54.36
2009,200_Backstroke,Backstroke,Men,200,2009_Nescac_Msd_Results,Williams,"Hollander, Jordan",Prelim,112.91,1:52.91
2009,200_Breaststroke,Breaststroke,Men,200,2009_Nescac_Msd_Results,Amherst,"Federak, Bart",Final,124.54,2:04.54
2009,200_Breaststroke,Breaststroke,Men,200,2009_Nescac_Msd_Results,Bates,"Horn, Ben",Prelim,140.99,2:20.99
2009,200_Breaststroke,Breaststroke,Men,200,2009_Nescac_Msd_Results,Bowdoin,"Goldstein, Max",Final,133.11,2:13.11
2009,200_Breaststroke,Breaststroke,Men,200,2009_Nescac_Msd_Results,Colby,"Zevin, Craig",Prelim,134.81,2:14.81
2009,200_Breaststroke,Breaststroke,Men,200,2009_Nescac_Msd_Results,Hamilton,"Mereness, Jared",Prelim,128.86,2:08.86
2009,200_Breaststroke,Breaststroke,Men,200,2009_Nescac_Msd_Results,Middlebury,"Vukich, Matt",Final,130.65,2:10.65
2009,200_Breaststroke,Breaststroke,Men,200,2009_Nescac_Msd_Results,Trinity,"Latka, Alex",Prelim,136.52,2:16.52
2009,200_Breaststroke,Breaststroke,Men,200,2009_Nescac_Msd_Results,Tufts,"Vorlicek, Chris",Final,127.31,2:07.31
2009,200_Breaststroke,Breaststroke,Men,200,2009_Nescac_Msd_Results,Wesleyan,"Ginsberg, Max",Final,131.5,2:11.50
2009,200_Breaststroke,Breaststroke,Men,200,2009_Nescac_Msd_Results,Williams,"Bonewell, Tyler",Final,123.33,2:03.33!
2009,200_Butterfly,Butterfly,Men,200,2009_Nescac_Msd_Results,Amherst,"Holmes, C.J.",Prelim,116.19,1:56.19
2009,200_Butterfly,Butterfly,Men,200,2009_Nescac_Msd_Results,Bates,"McKeown, Alex",Prelim,127.57,2:07.57
2009,200_Butterfly,Butterfly,Men,200,2009_Nescac_Msd_Results,Bowdoin,"Hurst, Christian",Prelim,125.02,2:05.02
2009,200_Butterfly,Butterfly,Men,200,2009_Nescac_Msd_Results,Colby,"Trafton, Ryan",Prelim,121.01,2:01.01
2009,200_Butterfly,Butterfly,Men,200,2009_Nescac_Msd_Results,Hamilton,"Sievers, Bowie",Final,114.22,1:54.22
2009,200_Butterfly,Butterfly,Men,200,2009_Nescac_Msd_Results,Middlebury,"Glatt, Kevin",Prelim,120.02,2:00.02
2009,200_Butterfly,Butterfly,Men,200,2009_Nescac_Msd_Results,Trinity,"Bhamla, Ayaas",Prelim,122.74,2:02.74
2009,200_Butterfly,Butterfly,Men,200,2009_Nescac_Msd_Results,Tufts,"Strittmatter, Alex",Prelim,116.93,1:56.93
2009,200_Butterfly,Butterfly,Men,200,2009_Nescac_Msd_Results,Wesleyan,"Courville, Jared",Prelim,121.04,2:01.04
2009,200_Butterfly,Butterfly,Men,200,2009_Nescac_Msd_Results,Williams,"Scott, Norman",Final,109.41,1:49.41&
2009,200_Freestyle,Freestyle,Men,200,2009_Nescac_Msd_Results,Amherst,"Fraser, Alex",Final,98.35,1:38.35
2009,200_Freestyle,Freestyle,Men,200,2009_Nescac_Msd_Results,Bates,"Andrews, Mark",Final,107.78,1:47.78
2009,200_Freestyle,Freestyle,Men,200,2009_Nescac_Msd_Results,Bowdoin,"Kimball, Josh",Final,109.08,1:49.08
2009,200_Freestyle,Freestyle,Men,200,2009_Nescac_Msd_Results,Colby,"Rieling, Raymond",Prelim,107.0,1:47.00
2009,200_Freestyle,Freestyle,Men,200,2009_Nescac_Msd_Results,Hamilton,"DeConinck, Jake",Prelim,103.22,1:43.22
2009,200_Freestyle,Freestyle,Men,200,2009_Nescac_Msd_Results,Middlebury,"O'Rourke, Kevin",Prelim,98.22,1:38.22
2009,200_Freestyle,Freestyle,Men,200,2009_Nescac_Msd_Results,Trinity,"Murdoch, C. J.",Final,104.13,1:44.13
2009,200_Freestyle,Freestyle,Men,200,2009_Nescac_Msd_Results,Tufts,"Strittmatter, Alex",Prelim,102.25999999999999,1:42.26
2009,200_Freestyle,Freestyle,Men,200,2009_Nescac_Msd_Results,Wesleyan,"Storms, Dan",Final,102.27000000000001,1:42.27
2009,200_Freestyle,Freestyle,Men,200,2009_Nescac_Msd_Results,Williams,"Lebovitz, David",Final,103.43,1:43.43
2009,200_IM,IM,Men,200,2009_Nescac_Msd_Results,Amherst,"Federak, Bart",Prelim,114.08,1:54.08
2009,200_IM,IM,Men,200,2009_Nescac_Msd_Results,Bates,"Aupi, Dan",Final,117.09,1:57.09
2009,200_IM,IM,Men,200,2009_Nescac_Msd_Results,Bowdoin,"Goldstein, Max",Final,115.22,1:55.22
2009,200_IM,IM,Men,200,2009_Nescac_Msd_Results,Colby,"Williams, Peter",Final,118.1,1:58.10
2009,200_IM,IM,Men,200,2009_Nescac_Msd_Results,Hamilton,"Sievers, Bowie",Final,115.42,1:55.42
2009,200_IM,IM,Men,200,2009_Nescac_Msd_Results,Middlebury,"Burwell, Tripp",Prelim,120.6,2:00.60
2009,200_IM,IM,Men,200,2009_Nescac_Msd_Results,Trinity,"Gavin, Tripp",Final,122.36,2:02.36
2009,200_IM,IM,Men,200,2009_Nescac_Msd_Results,Tufts,"Vorlicek, Chris",Final,115.09,1:55.09
2009,200_IM,IM,Men,200,2009_Nescac_Msd_Results,Wesleyan,"Bailey, Michael",Final,114.95,1:54.95
2009,200_IM,IM,Men,200,2009_Nescac_Msd_Results,Williams,"Heumann, Thatcher",Prelim,114.46000000000001,1:54.46
2009,400_IM,IM,Men,400,2009_Nescac_Msd_Results,Amherst,"Lichtenfels, Ryan",Final,240.99,4:00.99
2009,400_IM,IM,Men,400,2009_Nescac_Msd_Results,Bowdoin,"Goldstein, Max",Final,251.01,4:11.01
2009,400_IM,IM,Men,400,2009_Nescac_Msd_Results,Hamilton,"Sievers, Bowie",Final,244.28,4:04.28
2009,400_IM,IM,Men,400,2009_Nescac_Msd_Results,Middlebury,"Burwell, Tripp",Final,257.3,4:17.30
2009,400_IM,IM,Men,400,2009_Nescac_Msd_Results,Trinity,"Gavin, Tripp",Final,261.53,4:21.53
2009,400_IM,IM,Men,400,2009_Nescac_Msd_Results,Tufts,"Vorlicek, Chris",Final,244.54,4:04.54
2009,400_IM,IM,Men,400,2009_Nescac_Msd_Results,Wesleyan,"Bailey, Michael",Prelim,249.74,4:09.74
2009,400_IM,IM,Men,400,2009_Nescac_Msd_Results,Williams,"Horgan, Stuart",Prelim,245.98,4:05.98
2009,500_Freestyle,Freestyle,Men,500,2009_Nescac_Msd_Results,Amherst,"Fraser, Alex",Final,267.36,4:27.36&
2009,500_Freestyle,Freestyle,Men,500,2009_Nescac_Msd_Results,Bates,"MacNaughton, Jake",Prelim,294.2,4:54.20
2009,500_Freestyle,Freestyle,Men,500,2009_Nescac_Msd_Results,Bowdoin,"Wells, David",Prelim,286.84000000000003,4:46.84
2009,500_Freestyle,Freestyle,Men,500,2009_Nescac_Msd_Results,Colby,"Hirsch, David",Prelim,293.48,4:53.48
2009,500_Freestyle,Freestyle,Men,500,2009_Nescac_Msd_Results,Hamilton,"Brennan, Michael",Prelim,282.39,4:42.39
2009,500_Freestyle,Freestyle,Men,500,2009_Nescac_Msd_Results,Middlebury,"O'Rourke, Kevin",Prelim,271.36,4:31.36
2009,500_Freestyle,Freestyle,Men,500,2009_Nescac_Msd_Results,Trinity,"Murdoch, C. J.",Final,282.95,4:42.95
2009,500_Freestyle,Freestyle,Men,500,2009_Nescac_Msd_Results,Tufts,"Strittmatter, Alex",Final,278.54,4:38.54
2009,500_Freestyle,Freestyle,Men,500,2009_Nescac_Msd_Results,Wesleyan,"Beck, Ryan",Prelim,285.25,4:45.25
2009,500_Freestyle,Freestyle,Men,500,2009_Nescac_Msd_Results,Williams,"Roberson, Gary",Final,271.21,4:31.21
2009,50_Backstroke,Backstroke,Men,50,2009_Nescac_Msd_Results,Amherst,"Fitzgerald, Reid",Final,24.01,24.01
2009,50_Backstroke,Backstroke,Men,50,2009_Nescac_Msd_Results,Bates,"Berry, Chris",Final,24.14,24.14
2009,50_Backstroke,Backstroke,Men,50,2009_Nescac_Msd_Results,Bowdoin,"Kimball, Josh",Final,25.41,25.41
2009,50_Backstroke,Backstroke,Men,50,2009_Nescac_Msd_Results,Colby,"Townsend, Travis",Final,25.36,25.36
2009,50_Backstroke,Backstroke,Men,50,2009_Nescac_Msd_Results,Hamilton,"Crowell, Christopher",Prelim,26.3,26.30
2009,50_Backstroke,Backstroke,Men,50,2009_Nescac_Msd_Results,Middlebury,"Woods, Zach",Prelim,24.65,24.65
2009,50_Backstroke,Backstroke,Men,50,2009_Nescac_Msd_Results,Trinity,"Boynton, Andrew",Prelim,25.38,25.38
2009,50_Backstroke,Backstroke,Men,50,2009_Nescac_Msd_Results,Tufts,"Testa, EJ",Final,24.04,24.04
2009,50_Backstroke,Backstroke,Men,50,2009_Nescac_Msd_Results,Williams,"Macdonald, Worth",Prelim,24.1,24.10
2009,50_Breaststroke,Breaststroke,Men,50,2009_Nescac_Msd_Results,Amherst,"O'Connor, Mike",Prelim,26.59,26.59
2009,50_Breaststroke,Breaststroke,Men,50,2009_Nescac_Msd_Results,Bates,"McKeown, Alex",Final,27.65,27.65
2009,50_Breaststroke,Breaststroke,Men,50,2009_Nescac_Msd_Results,Bowdoin,"Swanson, David",Prelim,27.72,27.72
2009,50_Breaststroke,Breaststroke,Men,50,2009_Nescac_Msd_Results,Colby,"Roberts, Mason",Final,26.89,26.89
2009,50_Breaststroke,Breaststroke,Men,50,2009_Nescac_Msd_Results,Hamilton,"Mereness, Jared",Final,26.94,26.94
2009,50_Breaststroke,Breaststroke,Men,50,2009_Nescac_Msd_Results,Middlebury,"Swanson, Peter",Final,27.55,27.55
2009,50_Breaststroke,Breaststroke,Men,50,2009_Nescac_Msd_Results,Trinity,"Remigino, Dan",Final,26.76,26.76
2009,50_Breaststroke,Breaststroke,Men,50,2009_Nescac_Msd_Results,Tufts,"Longhurst, James",Final,25.82,25.82
2009,50_Breaststroke,Breaststroke,Men,50,2009_Nescac_Msd_Results,Wesleyan,"Huang, Kuan",Final,27.13,27.13
2009,50_Breaststroke,Breaststroke,Men,50,2009_Nescac_Msd_Results,Williams,"Bonewell, Tyler",Prelim,26.21,26.21
2009,50_Butterfly,Butterfly,Men,50,2009_Nescac_Msd_Results,Bates,"Scott, Ned",Prelim,22.99,22.99
2009,50_Butterfly,Butterfly,Men,50,2009_Nescac_Msd_Results,Bowdoin,"Routh, Mac",Final,22.67,22.67
2009,50_Butterfly,Butterfly,Men,50,2009_Nescac_Msd_Results,Colby,"Wampler, Sam",Prelim,23.42,23.42
2009,50_Butterfly,Butterfly,Men,50,2009_Nescac_Msd_Results,Hamilton,"DeConinck, Chris",Final,23.39,23.39
2009,50_Butterfly,Butterfly,Men,50,2009_Nescac_Msd_Results,Middlebury,"Asaga, Kazu",Final,23.61,23.61
2009,50_Butterfly,Butterfly,Men,50,2009_Nescac_Msd_Results,Trinity,"Gerli, Brooks",Prelim,24.53,24.53
2009,50_Butterfly,Butterfly,Men,50,2009_Nescac_Msd_Results,Tufts,"Kinsella, Patrick",Final,22.84,22.84
2009,50_Butterfly,Butterfly,Men,50,2009_Nescac_Msd_Results,Wesleyan,"Storms, Dan",Prelim,23.82,23.82
2009,50_Butterfly,Butterfly,Men,50,2009_Nescac_Msd_Results,Williams,"Scott, Norman",Final,21.97,21.97
2009,50_Freestyle,Freestyle,Men,50,2009_Nescac_Msd_Results,Amherst,"Homchick, Tad",Prelim,20.83,20.83
2009,50_Freestyle,Freestyle,Men,50,2009_Nescac_Msd_Results,Bates,"Carroll, Patrick",Prelim,21.95,21.95
2009,50_Freestyle,Freestyle,Men,50,2009_Nescac_Msd_Results,Bowdoin,"Mecray, Nathan",Final,21.23,21.23
2009,50_Freestyle,Freestyle,Men,50,2009_Nescac_Msd_Results,Colby,"Wampler, Sam",Prelim,20.71,20.71
2009,50_Freestyle,Freestyle,Men,50,2009_Nescac_Msd_Results,Hamilton,"Paridon, Alex",Final,21.45,21.45
2009,50_Freestyle,Freestyle,Men,50,2009_Nescac_Msd_Results,Middlebury,"Beeman, Schuyler",Final,20.74,20.74
2009,50_Freestyle,Freestyle,Men,50,2009_Nescac_Msd_Results,Trinity,"Remigino, Dan",Final,21.4,21.40
2009,50_Freestyle,Freestyle,Men,50,2009_Nescac_Msd_Results,Tufts,"Rood, Owen",Final,20.56,20.56
2009,50_Freestyle,Freestyle,Men,50,2009_Nescac_Msd_Results,Wesleyan,"Becker, Chris",Final,21.15,21.15
2009,50_Freestyle,Freestyle,Men,50,2009_Nescac_Msd_Results,Williams,"D'Ignazio, Andrew",Prelim,21.42,21.42
2010,100_Backstroke,Backstroke,Men,100,2010_Nescac_Msd_Results,Amherst,Reid Fitzgerald,Prelim,51.34,51.34
2010,100_Backstroke,Backstroke,Men,100,2010_Nescac_Msd_Results,Bates,Dan Aupi,Final,52.64,52.64
2010,100_Backstroke,Backstroke,Men,100,2010_Nescac_Msd_Results,Bowdoin,Basyl Stuyvesant,Final,53.41,53.41
2010,100_Backstroke,Backstroke,Men,100,2010_Nescac_Msd_Results,Colby,Ben Gross,Prelim,53.33,53.33
2010,100_Backstroke,Backstroke,Men,100,2010_Nescac_Msd_Results,Hamilton,Andrew Brodsky,Prelim,56.16,56.16
2010,100_Backstroke,Backstroke,Men,100,2010_Nescac_Msd_Results,Middlebury,Kazu Asaga,Final,52.31,52.31
2010,100_Backstroke,Backstroke,Men,100,2010_Nescac_Msd_Results,Trinity,Andrew Boynton,Final,54.3,54.30
2010,100_Backstroke,Backstroke,Men,100,2010_Nescac_Msd_Results,Tufts,Michael Del Moro,Final,52.19,52.19
2010,100_Backstroke,Backstroke,Men,100,2010_Nescac_Msd_Results,Wesleyan,Nick Huston,Final,56.36,56.36
2010,100_Backstroke,Backstroke,Men,100,2010_Nescac_Msd_Results,Williams,Worth Macdonald,Prelim,51.58,51.58
2010,100_Breaststroke,Breaststroke,Men,100,2010_Nescac_Msd_Results,Amherst,Ben McBratney,Final,57.22,57.22
2010,100_Breaststroke,Breaststroke,Men,100,2010_Nescac_Msd_Results,Bates,Alex McKeown,Prelim,62.84,1:02.84
2010,100_Breaststroke,Breaststroke,Men,100,2010_Nescac_Msd_Results,Bowdoin,Nathan Mecray,Prelim,58.3,58.30
2010,100_Breaststroke,Breaststroke,Men,100,2010_Nescac_Msd_Results,Colby,Mason Roberts,Prelim,59.36,59.36
2010,100_Breaststroke,Breaststroke,Men,100,2010_Nescac_Msd_Results,Hamilton,Jared Mereness,Final,58.09,58.09
2010,100_Breaststroke,Breaststroke,Men,100,2010_Nescac_Msd_Results,Middlebury,Matt Vukich,Final,59.29,59.29
2010,100_Breaststroke,Breaststroke,Men,100,2010_Nescac_Msd_Results,Trinity,Alex Latka,Prelim,61.15,1:01.15
2010,100_Breaststroke,Breaststroke,Men,100,2010_Nescac_Msd_Results,Tufts,Zed Debbaut,Final,58.31,58.31
2010,100_Breaststroke,Breaststroke,Men,100,2010_Nescac_Msd_Results,Wesleyan,Darren Thomason,Final,61.21,1:01.21
2010,100_Breaststroke,Breaststroke,Men,100,2010_Nescac_Msd_Results,Williams,Greg McElroy,Final,58.45,58.45
2010,100_Butterfly,Butterfly,Men,100,2010_Nescac_Msd_Results,Amherst,Ben McBratney,Final,50.41,50.41
2010,100_Butterfly,Butterfly,Men,100,2010_Nescac_Msd_Results,Bates,Ned Scott,Final,51.19,51.19
2010,100_Butterfly,Butterfly,Men,100,2010_Nescac_Msd_Results,Bowdoin,Mac Routh,Prelim,50.51,50.51
2010,100_Butterfly,Butterfly,Men,100,2010_Nescac_Msd_Results,Colby,Ryan Trafton,Prelim,52.91,52.91
2010,100_Butterfly,Butterfly,Men,100,2010_Nescac_Msd_Results,Hamilton,Chris DeConinck,Final,53.06,53.06
2010,100_Butterfly,Butterfly,Men,100,2010_Nescac_Msd_Results,Middlebury,John Dillon,Prelim,48.84,48.84
2010,100_Butterfly,Butterfly,Men,100,2010_Nescac_Msd_Results,Tufts,Patrick Kinsella,Final,50.66,50.66
2010,100_Butterfly,Butterfly,Men,100,2010_Nescac_Msd_Results,Wesleyan,Martin Kafina,Final,52.47,52.47
2010,100_Butterfly,Butterfly,Men,100,2010_Nescac_Msd_Results,Williams,Stuart Horgan,Final,50.71,50.71
2010,100_Freestyle,Freestyle,Men,100,2010_Nescac_Msd_Results,Amherst,Alex Fraser,Final,45.24,45.24
2010,100_Freestyle,Freestyle,Men,100,2010_Nescac_Msd_Results,Bates,Ned Scott,Prelim,47.78,47.78
2010,100_Freestyle,Freestyle,Men,100,2010_Nescac_Msd_Results,Bowdoin,EJ Googins,Prelim,50.48,50.48
2010,100_Freestyle,Freestyle,Men,100,2010_Nescac_Msd_Results,Colby,Ben Gross,Prelim,46.33,46.33
2010,100_Freestyle,Freestyle,Men,100,2010_Nescac_Msd_Results,Hamilton,Jake DeConinck,Prelim,47.01,47.01
2010,100_Freestyle,Freestyle,Men,100,2010_Nescac_Msd_Results,Middlebury,Schuyler Beeman,Final,45.96,45.96
2010,100_Freestyle,Freestyle,Men,100,2010_Nescac_Msd_Results,Trinity,John Feminella,Prelim,50.46,50.46
2010,100_Freestyle,Freestyle,Men,100,2010_Nescac_Msd_Results,Tufts,Owen Rood,Final,45.27,45.27
2010,100_Freestyle,Freestyle,Men,100,2010_Nescac_Msd_Results,Wesleyan,Dan Storms,Final,47.36,47.36
2010,100_Freestyle,Freestyle,Men,100,2010_Nescac_Msd_Results,Williams,Ben Wampler,Final,44.89,44.89
2010,200_Backstroke,Backstroke,Men,200,2010_Nescac_Msd_Results,Amherst,Tim White,Final,111.2,1:51.20
2010,200_Backstroke,Backstroke,Men,200,2010_Nescac_Msd_Results,Bates,Dan Aupi,Prelim,114.14,1:54.14
2010,200_Backstroke,Backstroke,Men,200,2010_Nescac_Msd_Results,Bowdoin,Basyl Stuyvesant,Final,114.83,1:54.83
2010,200_Backstroke,Backstroke,Men,200,2010_Nescac_Msd_Results,Colby,Brian Gilligan,Prelim,123.31,2:03.31
2010,200_Backstroke,Backstroke,Men,200,2010_Nescac_Msd_Results,Hamilton,James Crafa,Final,124.78,2:04.78
2010,200_Backstroke,Backstroke,Men,200,2010_Nescac_Msd_Results,Middlebury,Harry Anixter,Final,120.22,2:00.22
2010,200_Backstroke,Backstroke,Men,200,2010_Nescac_Msd_Results,Trinity,Brian Castelluccio,Prelim,126.61,2:06.61
2010,200_Backstroke,Backstroke,Men,200,2010_Nescac_Msd_Results,Tufts,Michael Del Moro,Prelim,115.77000000000001,1:55.77
2010,200_Backstroke,Backstroke,Men,200,2010_Nescac_Msd_Results,Wesleyan,Michael Bailey,Prelim,121.23,2:01.23
2010,200_Backstroke,Backstroke,Men,200,2010_Nescac_Msd_Results,Williams,Sam Blum,Prelim,112.34,1:52.34
2010,200_Breaststroke,Breaststroke,Men,200,2010_Nescac_Msd_Results,Amherst,Bart Federak,Final,126.91,2:06.91
2010,200_Breaststroke,Breaststroke,Men,200,2010_Nescac_Msd_Results,Bates,Jake MacNaughton,Prelim,136.45,2:16.45
2010,200_Breaststroke,Breaststroke,Men,200,2010_Nescac_Msd_Results,Bowdoin,Zach Perez,Final,136.1,2:16.10
2010,200_Breaststroke,Breaststroke,Men,200,2010_Nescac_Msd_Results,Colby,Mason Roberts,Final,131.35,2:11.35
2010,200_Breaststroke,Breaststroke,Men,200,2010_Nescac_Msd_Results,Hamilton,Jared Mereness,Final,130.97,2:10.97
2010,200_Breaststroke,Breaststroke,Men,200,2010_Nescac_Msd_Results,Middlebury,Matt Vukich,Final,130.67,2:10.67
2010,200_Breaststroke,Breaststroke,Men,200,2010_Nescac_Msd_Results,Trinity,Alex Latka,Prelim,136.02,2:16.02
2010,200_Breaststroke,Breaststroke,Men,200,2010_Nescac_Msd_Results,Tufts,Zed Debbaut,Final,130.9,2:10.90
2010,200_Breaststroke,Breaststroke,Men,200,2010_Nescac_Msd_Results,Wesleyan,Kuan Huang,Prelim,132.48,2:12.48
2010,200_Breaststroke,Breaststroke,Men,200,2010_Nescac_Msd_Results,Williams,Paul Dyrkacz,Final,125.83,2:05.83
2010,200_Butterfly,Butterfly,Men,200,2010_Nescac_Msd_Results,Amherst,Hunter Mims,Prelim,115.93,1:55.93
2010,200_Butterfly,Butterfly,Men,200,2010_Nescac_Msd_Results,Bowdoin,Sean Morris,Prelim,124.05,2:04.05
2010,200_Butterfly,Butterfly,Men,200,2010_Nescac_Msd_Results,Colby,Ryan Trafton,Final,122.15,2:02.15
2010,200_Butterfly,Butterfly,Men,200,2010_Nescac_Msd_Results,Hamilton,Chris DeConinck,Final,118.87,1:58.87
2010,200_Butterfly,Butterfly,Men,200,2010_Nescac_Msd_Results,Middlebury,John Dillon,Final,110.21000000000001,1:50.21!
2010,200_Butterfly,Butterfly,Men,200,2010_Nescac_Msd_Results,Trinity,Ayaas Bhamla,Prelim,121.02,2:01.02
2010,200_Butterfly,Butterfly,Men,200,2010_Nescac_Msd_Results,Tufts,Brian Marko,Final,114.72,1:54.72
2010,200_Butterfly,Butterfly,Men,200,2010_Nescac_Msd_Results,Wesleyan,Brendan Fortin,Final,114.99000000000001,1:54.99
2010,200_Butterfly,Butterfly,Men,200,2010_Nescac_Msd_Results,Williams,Stuart Horgan,Prelim,112.83,1:52.83
2010,200_Freestyle,Freestyle,Men,200,2010_Nescac_Msd_Results,Amherst,Alex Fraser,Final,99.72,1:39.72
2010,200_Freestyle,Freestyle,Men,200,2010_Nescac_Msd_Results,Bates,Tom Boniface,Final,104.53999999999999,1:44.54
2010,200_Freestyle,Freestyle,Men,200,2010_Nescac_Msd_Results,Bowdoin,David Wells,Prelim,109.42,1:49.42
2010,200_Freestyle,Freestyle,Men,200,2010_Nescac_Msd_Results,Colby,Raymond Rieling,Prelim,106.71000000000001,1:46.71
2010,200_Freestyle,Freestyle,Men,200,2010_Nescac_Msd_Results,Hamilton,Jake DeConinck,Prelim,103.4,1:43.40
2010,200_Freestyle,Freestyle,Men,200,2010_Nescac_Msd_Results,Middlebury,Bob Divers,Prelim,103.22999999999999,1:43.23
2010,200_Freestyle,Freestyle,Men,200,2010_Nescac_Msd_Results,Trinity,C. J. Murdoch,Final,107.21000000000001,1:47.21
2010,200_Freestyle,Freestyle,Men,200,2010_Nescac_Msd_Results,Tufts,Owen Rood,Final,101.77000000000001,1:41.77
2010,200_Freestyle,Freestyle,Men,200,2010_Nescac_Msd_Results,Wesleyan,Dan Storms,Final,103.42,1:43.42
2010,200_Freestyle,Freestyle,Men,200,2010_Nescac_Msd_Results,Williams,Tom Vieth,Final,101.61,1:41.61
2010,200_IM,IM,Men,200,2010_Nescac_Msd_Results,Amherst,Ben McBratney,Final,113.45,1:53.45
2010,200_IM,IM,Men,200,2010_Nescac_Msd_Results,Bates,Tom Boniface,Prelim,118.63,1:58.63
2010,200_IM,IM,Men,200,2010_Nescac_Msd_Results,Bowdoin,Roger Brothers,Prelim,125.69,2:05.69
2010,200_IM,IM,Men,200,2010_Nescac_Msd_Results,Colby,Brian Gilligan,Prelim,124.76,2:04.76
2010,200_IM,IM,Men,200,2010_Nescac_Msd_Results,Hamilton,Bowie Sievers,Prelim,116.7,1:56.70
2010,200_IM,IM,Men,200,2010_Nescac_Msd_Results,Middlebury,Zach DeVore,Final,120.17,2:00.17
2010,200_IM,IM,Men,200,2010_Nescac_Msd_Results,Trinity,Ayaas Bhamla,Prelim,120.43,2:00.43
2010,200_IM,IM,Men,200,2010_Nescac_Msd_Results,Tufts,Matthew Salzberg,Final,115.99000000000001,1:55.99
2010,200_IM,IM,Men,200,2010_Nescac_Msd_Results,Wesleyan,Michael Bailey,Prelim,118.28,1:58.28
2010,200_IM,IM,Men,200,2010_Nescac_Msd_Results,Williams,Paul Dyrkacz,Final,113.91,1:53.91
2010,400_IM,IM,Men,400,2010_Nescac_Msd_Results,Amherst,Ryan Lichtenfels,Final,239.85,3:59.85
2010,400_IM,IM,Men,400,2010_Nescac_Msd_Results,Bates,Andrew Buehler,Prelim,261.29,4:21.29
2010,400_IM,IM,Men,400,2010_Nescac_Msd_Results,Bowdoin,Zach Perez,Final,259.6,4:19.60
2010,400_IM,IM,Men,400,2010_Nescac_Msd_Results,Hamilton,Bowie Sievers,Final,248.35,4:08.35
2010,400_IM,IM,Men,400,2010_Nescac_Msd_Results,Middlebury,Zach DeVore,Final,256.2,4:16.20
2010,400_IM,IM,Men,400,2010_Nescac_Msd_Results,Trinity,Ayaas Bhamla,Final,261.63,4:21.63
2010,400_IM,IM,Men,400,2010_Nescac_Msd_Results,Tufts,Matthew Salzberg,Final,251.58,4:11.58
2010,400_IM,IM,Men,400,2010_Nescac_Msd_Results,Wesleyan,Brendan Fortin,Prelim,248.31,4:08.31
2010,400_IM,IM,Men,400,2010_Nescac_Msd_Results,Williams,Paul Dyrkacz,Final,241.19,4:01.19
2010,500_Freestyle,Freestyle,Men,500,2010_Nescac_Msd_Results,Amherst,Alex Fraser,Final,269.84,4:29.84!
2010,500_Freestyle,Freestyle,Men,500,2010_Nescac_Msd_Results,Bates,Ryan Pitcairn,Prelim,288.62,4:48.62
2010,500_Freestyle,Freestyle,Men,500,2010_Nescac_Msd_Results,Bowdoin,David Wells,Prelim,289.82,4:49.82
2010,500_Freestyle,Freestyle,Men,500,2010_Nescac_Msd_Results,Colby,Kevin Smith,Prelim,282.62,4:42.62
2010,500_Freestyle,Freestyle,Men,500,2010_Nescac_Msd_Results,Hamilton,Tom Cyran,Final,289.17,4:49.17
2010,500_Freestyle,Freestyle,Men,500,2010_Nescac_Msd_Results,Middlebury,Mac Staben,Prelim,284.67,4:44.67
2010,500_Freestyle,Freestyle,Men,500,2010_Nescac_Msd_Results,Trinity,Adam Eramo,Final,288.35,4:48.35
2010,500_Freestyle,Freestyle,Men,500,2010_Nescac_Msd_Results,Tufts,Joe Lessard,Final,287.52,4:47.52
2010,500_Freestyle,Freestyle,Men,500,2010_Nescac_Msd_Results,Wesleyan,Brendan Fortin,Final,285.06,4:45.06
2010,500_Freestyle,Freestyle,Men,500,2010_Nescac_Msd_Results,Williams,Gary Roberson,Final,272.67,4:32.67
2010,50_Backstroke,Backstroke,Men,50,2010_Nescac_Msd_Results,Amherst,Reid Fitzgerald,Prelim,24.08,24.08
2010,50_Backstroke,Backstroke,Men,50,2010_Nescac_Msd_Results,Bates,Dan Aupi,Prelim,24.43,24.43
2010,50_Backstroke,Backstroke,Men,50,2010_Nescac_Msd_Results,Bowdoin,Mac Routh,Final,24.4,24.40
2010,50_Backstroke,Backstroke,Men,50,2010_Nescac_Msd_Results,Hamilton,Chris Crowell,Final,26.83,26.83
2010,50_Backstroke,Backstroke,Men,50,2010_Nescac_Msd_Results,Middlebury,John Dillon,Final,23.0,23.00
2010,50_Backstroke,Backstroke,Men,50,2010_Nescac_Msd_Results,Trinity,Andrew Boynton,Prelim,25.54,25.54
2010,50_Backstroke,Backstroke,Men,50,2010_Nescac_Msd_Results,Tufts,Michael Del Moro,Prelim,24.11,24.11
2010,50_Backstroke,Backstroke,Men,50,2010_Nescac_Msd_Results,Wesleyan,Nick Huston,Final,25.65,25.65
2010,50_Backstroke,Backstroke,Men,50,2010_Nescac_Msd_Results,Williams,Worth Macdonald,Final,24.18,24.18
2010,50_Breaststroke,Breaststroke,Men,50,2010_Nescac_Msd_Results,Amherst,Mike O'Connor,Final,27.18,27.18
2010,50_Breaststroke,Breaststroke,Men,50,2010_Nescac_Msd_Results,Bates,Alex McKeown,Prelim,28.07,28.07
2010,50_Breaststroke,Breaststroke,Men,50,2010_Nescac_Msd_Results,Bowdoin,Nathan Mecray,Prelim,26.15,26.15
2010,50_Breaststroke,Breaststroke,Men,50,2010_Nescac_Msd_Results,Colby,Mason Roberts,Final,26.71,26.71
2010,50_Breaststroke,Breaststroke,Men,50,2010_Nescac_Msd_Results,Hamilton,Ian Nichols,Final,26.6,26.60
2010,50_Breaststroke,Breaststroke,Men,50,2010_Nescac_Msd_Results,Middlebury,Matt Vukich,Final,27.46,27.46
2010,50_Breaststroke,Breaststroke,Men,50,2010_Nescac_Msd_Results,Tufts,Lawrence Chan,Final,26.64,26.64
2010,50_Breaststroke,Breaststroke,Men,50,2010_Nescac_Msd_Results,Wesleyan,Darren Thomason,Final,27.6,27.60
2010,50_Breaststroke,Breaststroke,Men,50,2010_Nescac_Msd_Results,Williams,Greg McElroy,Final,26.64,26.64
2010,50_Butterfly,Butterfly,Men,50,2010_Nescac_Msd_Results,Amherst,Will McCartan,Final,23.77,23.77
2010,50_Butterfly,Butterfly,Men,50,2010_Nescac_Msd_Results,Bates,Ned Scott,Final,23.06,23.06
2010,50_Butterfly,Butterfly,Men,50,2010_Nescac_Msd_Results,Bowdoin,Mac Routh,Prelim,22.49,22.49
2010,50_Butterfly,Butterfly,Men,50,2010_Nescac_Msd_Results,Colby,Ryan Trafton,Prelim,23.33,23.33
2010,50_Butterfly,Butterfly,Men,50,2010_Nescac_Msd_Results,Hamilton,Jake DeConinck,Prelim,23.89,23.89
2010,50_Butterfly,Butterfly,Men,50,2010_Nescac_Msd_Results,Middlebury,Kazu Asaga,Prelim,23.77,23.77
2010,50_Butterfly,Butterfly,Men,50,2010_Nescac_Msd_Results,Trinity,Andrew Boynton,Prelim,24.22,24.22
2010,50_Butterfly,Butterfly,Men,50,2010_Nescac_Msd_Results,Tufts,Patrick Kinsella,Final,23.0,23.00
2010,50_Butterfly,Butterfly,Men,50,2010_Nescac_Msd_Results,Wesleyan,Kevin McKeown,Prelim,24.38,24.38
2010,50_Butterfly,Butterfly,Men,50,2010_Nescac_Msd_Results,Williams,Ben Wampler,Final,23.34,23.34
2010,50_Freestyle,Freestyle,Men,50,2010_Nescac_Msd_Results,Amherst,Tad Homchick,Prelim,21.0,21.00
2010,50_Freestyle,Freestyle,Men,50,2010_Nescac_Msd_Results,Bates,Patrick Carroll,Prelim,22.1,22.10
2010,50_Freestyle,Freestyle,Men,50,2010_Nescac_Msd_Results,Bowdoin,Nathan Mecray,Prelim,21.15,21.15
2010,50_Freestyle,Freestyle,Men,50,2010_Nescac_Msd_Results,Colby,Ben Gross,Final,20.99,20.99
2010,50_Freestyle,Freestyle,Men,50,2010_Nescac_Msd_Results,Hamilton,Taylor Hogenkamp,Final,21.81,21.81
2010,50_Freestyle,Freestyle,Men,50,2010_Nescac_Msd_Results,Middlebury,Schuyler Beeman,Prelim,20.55,20.55
2010,50_Freestyle,Freestyle,Men,50,2010_Nescac_Msd_Results,Trinity,John Feminella,Prelim,22.58,22.58
2010,50_Freestyle,Freestyle,Men,50,2010_Nescac_Msd_Results,Tufts,Owen Rood,Final,20.85,20.85
2010,50_Freestyle,Freestyle,Men,50,2010_Nescac_Msd_Results,Wesleyan,Dan Storms,Final,21.8,21.80
2010,50_Freestyle,Freestyle,Men,50,2010_Nescac_Msd_Results,Williams,Ben Wampler,Prelim,20.72,20.72
2011,100_Backstroke,Backstroke,Men,100,2011_Nescac_Msd_Results,Amherst,"Fitzgerald, Reid",Prelim,50.59,50.59
2011,100_Backstroke,Backstroke,Men,100,2011_Nescac_Msd_Results,Bates,"Aupi, Dan",Final,52.89,52.89
2011,100_Backstroke,Backstroke,Men,100,2011_Nescac_Msd_Results,Bowdoin,"Stuyvesant, Basyl",Final,52.13,52.13
2011,100_Backstroke,Backstroke,Men,100,2011_Nescac_Msd_Results,Hamilton,"Brodsky, Andrew",Prelim,55.49,55.49
2011,100_Backstroke,Backstroke,Men,100,2011_Nescac_Msd_Results,Middlebury,"Dillon, John",Final,50.16,50.16
2011,100_Backstroke,Backstroke,Men,100,2011_Nescac_Msd_Results,Trinity,"Boynton, Andrew",Prelim,54.25,54.25
2011,100_Backstroke,Backstroke,Men,100,2011_Nescac_Msd_Results,Tufts,"Del Moro, Michael",Final,51.82,51.82
2011,100_Backstroke,Backstroke,Men,100,2011_Nescac_Msd_Results,Wesleyan,"Huston, Nick",Prelim,55.05,55.05
2011,100_Backstroke,Backstroke,Men,100,2011_Nescac_Msd_Results,Williams,"Treesh, Philip",Final,52.01,52.01
2011,100_Breaststroke,Breaststroke,Men,100,2011_Nescac_Msd_Results,Amherst,"McBratney, Ben",Final,57.24,57.24
2011,100_Breaststroke,Breaststroke,Men,100,2011_Nescac_Msd_Results,Bates,"McKeown, Alex",Prelim,62.34,1:02.34
2011,100_Breaststroke,Breaststroke,Men,100,2011_Nescac_Msd_Results,Bowdoin,"Mecray, Nathan",Final,57.63,57.63
2011,100_Breaststroke,Breaststroke,Men,100,2011_Nescac_Msd_Results,Colby,"Roberts, Mason",Prelim,59.83,59.83
2011,100_Breaststroke,Breaststroke,Men,100,2011_Nescac_Msd_Results,Hamilton,"Youngblood, Tom",Final,59.69,59.69
2011,100_Breaststroke,Breaststroke,Men,100,2011_Nescac_Msd_Results,Middlebury,"Vukich, Matt",Final,58.51,58.51
2011,100_Breaststroke,Breaststroke,Men,100,2011_Nescac_Msd_Results,Trinity,"Latka, Alex",Prelim,61.37,1:01.37
2011,100_Breaststroke,Breaststroke,Men,100,2011_Nescac_Msd_Results,Tufts,"Debbaut, Zed",Prelim,59.01,59.01
2011,100_Breaststroke,Breaststroke,Men,100,2011_Nescac_Msd_Results,Wesleyan,"Fantini, Wes",Prelim,60.0,1:00.00
2011,100_Breaststroke,Breaststroke,Men,100,2011_Nescac_Msd_Results,Williams,"Soderstrom, Martin",Final,57.1,57.10
2011,100_Butterfly,Butterfly,Men,100,2011_Nescac_Msd_Results,Amherst,"Bulakul, Tyler",Prelim,50.67,50.67
2011,100_Butterfly,Butterfly,Men,100,2011_Nescac_Msd_Results,Bates,"Chang, Won Ho",Final,50.04,50.04
2011,100_Butterfly,Butterfly,Men,100,2011_Nescac_Msd_Results,Bowdoin,"Routh, Mac",Prelim,50.7,50.70
2011,100_Butterfly,Butterfly,Men,100,2011_Nescac_Msd_Results,Colby,"Trafton, Ryan",Prelim,52.58,52.58
2011,100_Butterfly,Butterfly,Men,100,2011_Nescac_Msd_Results,Hamilton,"Deconinck, Chris",Final,52.64,52.64
2011,100_Butterfly,Butterfly,Men,100,2011_Nescac_Msd_Results,Middlebury,"Dillon, John",Final,49.36,49.36!
2011,100_Butterfly,Butterfly,Men,100,2011_Nescac_Msd_Results,Tufts,"Douglas, Eric",Final,51.92,51.92
2011,100_Butterfly,Butterfly,Men,100,2011_Nescac_Msd_Results,Wesleyan,"Kafina, Martin",Prelim,51.85,51.85
2011,100_Butterfly,Butterfly,Men,100,2011_Nescac_Msd_Results,Williams,"Horgan, Stuart",Prelim,51.3,51.30
2011,100_Freestyle,Freestyle,Men,100,2011_Nescac_Msd_Results,Amherst,"Fraser, Alex",Final,45.07,45.07
2011,100_Freestyle,Freestyle,Men,100,2011_Nescac_Msd_Results,Bates,"Boniface, Tom",Prelim,47.98,47.98
2011,100_Freestyle,Freestyle,Men,100,2011_Nescac_Msd_Results,Bowdoin,"Routh, Mac",Prelim,47.99,47.99
2011,100_Freestyle,Freestyle,Men,100,2011_Nescac_Msd_Results,Colby,"Rieling, Ray",Prelim,48.7,48.70
2011,100_Freestyle,Freestyle,Men,100,2011_Nescac_Msd_Results,Hamilton,"Hogenkamp, Taylor",Final,46.96,46.96
2011,100_Freestyle,Freestyle,Men,100,2011_Nescac_Msd_Results,Middlebury,"Daly, Nick",Prelim,46.86,46.86
2011,100_Freestyle,Freestyle,Men,100,2011_Nescac_Msd_Results,Trinity,"Kelley, Brendan",Prelim,48.29,48.29
2011,100_Freestyle,Freestyle,Men,100,2011_Nescac_Msd_Results,Tufts,"Rood, Owen",Final,46.13,46.13
2011,100_Freestyle,Freestyle,Men,100,2011_Nescac_Msd_Results,Wesleyan,"Brody, Alex",Prelim,47.29,47.29
2011,100_Freestyle,Freestyle,Men,100,2011_Nescac_Msd_Results,Williams,"Wampler, Ben",Final,45.38,45.38
2011,200_Backstroke,Backstroke,Men,200,2011_Nescac_Msd_Results,Amherst,"Schwab, Daniel",Final,110.4,1:50.40
2011,200_Backstroke,Backstroke,Men,200,2011_Nescac_Msd_Results,Bates,"Aupi, Dan",Prelim,116.37,1:56.37
2011,200_Backstroke,Backstroke,Men,200,2011_Nescac_Msd_Results,Bowdoin,"Stuyvesant, Basyl",Final,114.5,1:54.50
2011,200_Backstroke,Backstroke,Men,200,2011_Nescac_Msd_Results,Colby,"Peterson, Andy",Final,119.62,1:59.62
2011,200_Backstroke,Backstroke,Men,200,2011_Nescac_Msd_Results,Hamilton,"Gong, Duo",Prelim,120.46,2:00.46
2011,200_Backstroke,Backstroke,Men,200,2011_Nescac_Msd_Results,Middlebury,"Asaga, Kazu",Prelim,115.18,1:55.18
2011,200_Backstroke,Backstroke,Men,200,2011_Nescac_Msd_Results,Trinity,"Boynton, Andrew",Prelim,117.49000000000001,1:57.49
2011,200_Backstroke,Backstroke,Men,200,2011_Nescac_Msd_Results,Tufts,"Savidge, Kyle",Final,114.97,1:54.97
2011,200_Backstroke,Backstroke,Men,200,2011_Nescac_Msd_Results,Wesleyan,"Huston, Nick",Final,120.27,2:00.27
2011,200_Backstroke,Backstroke,Men,200,2011_Nescac_Msd_Results,Williams,"Treesh, Philip",Prelim,115.36,1:55.36
2011,200_Breaststroke,Breaststroke,Men,200,2011_Nescac_Msd_Results,Amherst,"Federak, Bart",Final,127.33,2:07.33
2011,200_Breaststroke,Breaststroke,Men,200,2011_Nescac_Msd_Results,Bates,"McKeown, Alex",Prelim,136.61,2:16.61
2011,200_Breaststroke,Breaststroke,Men,200,2011_Nescac_Msd_Results,Bowdoin,"Swafford, Andrew",Prelim,142.25,2:22.25
2011,200_Breaststroke,Breaststroke,Men,200,2011_Nescac_Msd_Results,Colby,"Fischer, Ryan",Prelim,130.71,2:10.71
2011,200_Breaststroke,Breaststroke,Men,200,2011_Nescac_Msd_Results,Hamilton,"Youngblood, Tom",Prelim,132.37,2:12.37
2011,200_Breaststroke,Breaststroke,Men,200,2011_Nescac_Msd_Results,Middlebury,"Griffin, Will",Prelim,132.03,2:12.03
2011,200_Breaststroke,Breaststroke,Men,200,2011_Nescac_Msd_Results,Trinity,"Latka, Alex",Prelim,137.03,2:17.03
2011,200_Breaststroke,Breaststroke,Men,200,2011_Nescac_Msd_Results,Tufts,"Vorlicek, Chris",Final,130.6,2:10.60
2011,200_Breaststroke,Breaststroke,Men,200,2011_Nescac_Msd_Results,Wesleyan,"Fantini, Wes",Prelim,130.24,2:10.24
2011,200_Breaststroke,Breaststroke,Men,200,2011_Nescac_Msd_Results,Williams,"Dyrkacz, Paul",Final,120.35,2:00.35
2011,200_Butterfly,Butterfly,Men,200,2011_Nescac_Msd_Results,Amherst,"Colby, Ryan",Final,114.14,1:54.14
2011,200_Butterfly,Butterfly,Men,200,2011_Nescac_Msd_Results,Bates,"Chang, Won Ho",Final,112.13,1:52.13
2011,200_Butterfly,Butterfly,Men,200,2011_Nescac_Msd_Results,Bowdoin,"Granata, Chris",Prelim,114.41,1:54.41
2011,200_Butterfly,Butterfly,Men,200,2011_Nescac_Msd_Results,Colby,"Trafton, Ryan",Prelim,124.32,2:04.32
2011,200_Butterfly,Butterfly,Men,200,2011_Nescac_Msd_Results,Hamilton,"Sievers, Bo",Prelim,118.19,1:58.19
2011,200_Butterfly,Butterfly,Men,200,2011_Nescac_Msd_Results,Middlebury,"Staben, Mac",Prelim,112.71000000000001,1:52.71
2011,200_Butterfly,Butterfly,Men,200,2011_Nescac_Msd_Results,Trinity,"Yanagisawa, Mark",Final,118.66,1:58.66
2011,200_Butterfly,Butterfly,Men,200,2011_Nescac_Msd_Results,Tufts,"Marko, Brian",Prelim,115.00999999999999,1:55.01
2011,200_Butterfly,Butterfly,Men,200,2011_Nescac_Msd_Results,Wesleyan,"Kafina, Martin",Prelim,118.0,1:58.00
2011,200_Butterfly,Butterfly,Men,200,2011_Nescac_Msd_Results,Williams,"Horgan, Stuart",Prelim,112.99000000000001,1:52.99
2011,200_Freestyle,Freestyle,Men,200,2011_Nescac_Msd_Results,Amherst,"Fraser, Alex",Final,99.24000000000001,1:39.24
2011,200_Freestyle,Freestyle,Men,200,2011_Nescac_Msd_Results,Bates,"Boniface, Tom",Final,104.72999999999999,1:44.73
2011,200_Freestyle,Freestyle,Men,200,2011_Nescac_Msd_Results,Bowdoin,"Brockway, Henry",Prelim,119.45,1:59.45
2011,200_Freestyle,Freestyle,Men,200,2011_Nescac_Msd_Results,Colby,"Rieling, Ray",Prelim,105.72999999999999,1:45.73
2011,200_Freestyle,Freestyle,Men,200,2011_Nescac_Msd_Results,Hamilton,"Hogenkamp, Taylor",Final,103.15,1:43.15
2011,200_Freestyle,Freestyle,Men,200,2011_Nescac_Msd_Results,Middlebury,"Daly, Nick",Final,103.58,1:43.58
2011,200_Freestyle,Freestyle,Men,200,2011_Nescac_Msd_Results,Trinity,"Murdoch, C.J.",Prelim,104.19,1:44.19
2011,200_Freestyle,Freestyle,Men,200,2011_Nescac_Msd_Results,Tufts,"Rood, Owen",Final,103.1,1:43.10
2011,200_Freestyle,Freestyle,Men,200,2011_Nescac_Msd_Results,Wesleyan,"Fragoso, Chris",Prelim,115.64,1:55.64
2011,200_Freestyle,Freestyle,Men,200,2011_Nescac_Msd_Results,Williams,"Roberson, Gary",Final,99.97,1:39.97
2011,200_IM,IM,Men,200,2011_Nescac_Msd_Results,Amherst,"Lichtenfels, Ryan",Final,111.53999999999999,1:51.54
2011,200_IM,IM,Men,200,2011_Nescac_Msd_Results,Bates,"Boniface, Tom",Final,118.49000000000001,1:58.49
2011,200_IM,IM,Men,200,2011_Nescac_Msd_Results,Bowdoin,"Rhodes, Linc",Final,118.45,1:58.45
2011,200_IM,IM,Men,200,2011_Nescac_Msd_Results,Colby,"Madeira, John",Prelim,120.3,2:00.30
2011,200_IM,IM,Men,200,2011_Nescac_Msd_Results,Hamilton,"Sievers, Bo",Final,116.59,1:56.59
2011,200_IM,IM,Men,200,2011_Nescac_Msd_Results,Middlebury,"Keenan, Nick",Final,116.96000000000001,1:56.96
2011,200_IM,IM,Men,200,2011_Nescac_Msd_Results,Trinity,"Knight, Lucas",Final,119.84,1:59.84
2011,200_IM,IM,Men,200,2011_Nescac_Msd_Results,Tufts,"Tamposi, Lou",Prelim,117.46000000000001,1:57.46
2011,200_IM,IM,Men,200,2011_Nescac_Msd_Results,Williams,"Dyrkacz, Paul",Final,109.93,1:49.93
2011,400_IM,IM,Men,400,2011_Nescac_Msd_Results,Amherst,"Lichtenfels, Ryan",Final,237.9,3:57.90
2011,400_IM,IM,Men,400,2011_Nescac_Msd_Results,Bates,"Buehler, Andrew",Prelim,256.49,4:16.49
2011,400_IM,IM,Men,400,2011_Nescac_Msd_Results,Bowdoin,"Peabody, Ryan",Final,246.8,4:06.80
2011,400_IM,IM,Men,400,2011_Nescac_Msd_Results,Colby,"Madeira, John",Prelim,258.95,4:18.95
2011,400_IM,IM,Men,400,2011_Nescac_Msd_Results,Hamilton,"Sievers, Bo",Final,249.06,4:09.06
2011,400_IM,IM,Men,400,2011_Nescac_Msd_Results,Middlebury,"Keenan, Nick",Prelim,249.26,4:09.26
2011,400_IM,IM,Men,400,2011_Nescac_Msd_Results,Trinity,"Knight, Lucas",Final,254.32,4:14.32
2011,400_IM,IM,Men,400,2011_Nescac_Msd_Results,Tufts,"Vorlicek, Chris",Final,248.81,4:08.81
2011,400_IM,IM,Men,400,2011_Nescac_Msd_Results,Williams,"Dyrkacz, Paul",Final,233.41,3:53.41
2011,500_Freestyle,Freestyle,Men,500,2011_Nescac_Msd_Results,Amherst,"Fraser, Alex",Prelim,268.56,4:28.56
2011,500_Freestyle,Freestyle,Men,500,2011_Nescac_Msd_Results,Bates,"Sullivan, Rick",Prelim,293.23,4:53.23
2011,500_Freestyle,Freestyle,Men,500,2011_Nescac_Msd_Results,Bowdoin,"Peabody, Ryan",Final,284.36,4:44.36
2011,500_Freestyle,Freestyle,Men,500,2011_Nescac_Msd_Results,Colby,"Fischer, Ryan",Prelim,306.21,5:06.21
2011,500_Freestyle,Freestyle,Men,500,2011_Nescac_Msd_Results,Hamilton,"Cyran, Tom",Prelim,282.64,4:42.64
2011,500_Freestyle,Freestyle,Men,500,2011_Nescac_Msd_Results,Middlebury,"Litman, Ethan",Prelim,292.2,4:52.20
2011,500_Freestyle,Freestyle,Men,500,2011_Nescac_Msd_Results,Trinity,"Murdoch, C.J.",Prelim,282.40999999999997,4:42.41
2011,500_Freestyle,Freestyle,Men,500,2011_Nescac_Msd_Results,Tufts,"Jones, Christian",Prelim,284.02,4:44.02
2011,500_Freestyle,Freestyle,Men,500,2011_Nescac_Msd_Results,Williams,"Vieth, Tom",Final,272.11,4:32.11
2011,50_Backstroke,Backstroke,Men,50,2011_Nescac_Msd_Results,Amherst,"Fitzgerald, Reid",Prelim,23.54,23.54
2011,50_Backstroke,Backstroke,Men,50,2011_Nescac_Msd_Results,Bates,"Johns, Matt",Final,24.7,24.70
2011,50_Backstroke,Backstroke,Men,50,2011_Nescac_Msd_Results,Bowdoin,"Stuyvesant, Basyl",Prelim,24.77,24.77
2011,50_Backstroke,Backstroke,Men,50,2011_Nescac_Msd_Results,Colby,"Peterson, Andy",Prelim,25.14,25.14
2011,50_Backstroke,Backstroke,Men,50,2011_Nescac_Msd_Results,Hamilton,"Collins, Conor",Final,26.45,26.45
2011,50_Backstroke,Backstroke,Men,50,2011_Nescac_Msd_Results,Middlebury,"Dillon, John",Prelim,23.37,23.37
2011,50_Backstroke,Backstroke,Men,50,2011_Nescac_Msd_Results,Trinity,"McCann, Ryan",Final,26.67,26.67
2011,50_Backstroke,Backstroke,Men,50,2011_Nescac_Msd_Results,Tufts,"Testa, E J",Prelim,23.65,23.65
2011,50_Backstroke,Backstroke,Men,50,2011_Nescac_Msd_Results,Wesleyan,"Huston, Nick",Final,25.81,25.81
2011,50_Backstroke,Backstroke,Men,50,2011_Nescac_Msd_Results,Williams,"Treesh, Philip",Prelim,24.51,24.51
2011,50_Breaststroke,Breaststroke,Men,50,2011_Nescac_Msd_Results,Amherst,"McBratney, Ben",Final,26.36,26.36
2011,50_Breaststroke,Breaststroke,Men,50,2011_Nescac_Msd_Results,Bates,"McKeown, Alex",Prelim,28.36,28.36
2011,50_Breaststroke,Breaststroke,Men,50,2011_Nescac_Msd_Results,Bowdoin,"Mecray, Nathan",Final,26.25,26.25!
2011,50_Breaststroke,Breaststroke,Men,50,2011_Nescac_Msd_Results,Colby,"Roberts, Mason",Final,26.93,26.93
2011,50_Breaststroke,Breaststroke,Men,50,2011_Nescac_Msd_Results,Hamilton,"Nichols, Ian",Prelim,27.22,27.22
2011,50_Breaststroke,Breaststroke,Men,50,2011_Nescac_Msd_Results,Middlebury,"Vukich, Matt",Final,27.17,27.17
2011,50_Breaststroke,Breaststroke,Men,50,2011_Nescac_Msd_Results,Trinity,"Bair, Benton",Final,28.05,28.05
2011,50_Breaststroke,Breaststroke,Men,50,2011_Nescac_Msd_Results,Tufts,"Debbaut, Zed",Prelim,26.41,26.41
2011,50_Breaststroke,Breaststroke,Men,50,2011_Nescac_Msd_Results,Wesleyan,"Thomason, Darren",Prelim,27.89,27.89
2011,50_Breaststroke,Breaststroke,Men,50,2011_Nescac_Msd_Results,Williams,"Soderstrom, Martin",Prelim,26.32,26.32
2011,50_Butterfly,Butterfly,Men,50,2011_Nescac_Msd_Results,Amherst,"Bulakul, Tyler",Prelim,23.32,23.32
2011,50_Butterfly,Butterfly,Men,50,2011_Nescac_Msd_Results,Bates,"Chang, Won Ho",Final,22.71,22.71
2011,50_Butterfly,Butterfly,Men,50,2011_Nescac_Msd_Results,Bowdoin,"Routh, Mac",Prelim,22.77,22.77
2011,50_Butterfly,Butterfly,Men,50,2011_Nescac_Msd_Results,Colby,"Trafton, Ryan",Prelim,23.59,23.59
2011,50_Butterfly,Butterfly,Men,50,2011_Nescac_Msd_Results,Hamilton,"Deconinck, Jake",Prelim,23.76,23.76
2011,50_Butterfly,Butterfly,Men,50,2011_Nescac_Msd_Results,Middlebury,"MacKay, Ian",Final,22.31,22.31!
2011,50_Butterfly,Butterfly,Men,50,2011_Nescac_Msd_Results,Trinity,"Boynton, Andrew",Prelim,23.8,23.80
2011,50_Butterfly,Butterfly,Men,50,2011_Nescac_Msd_Results,Tufts,"Testa, E J",Final,23.13,23.13
2011,50_Butterfly,Butterfly,Men,50,2011_Nescac_Msd_Results,Wesleyan,"Kafina, Martin",Prelim,23.87,23.87
2011,50_Butterfly,Butterfly,Men,50,2011_Nescac_Msd_Results,Williams,"Wampler, Ben",Final,23.18,23.18
2011,50_Freestyle,Freestyle,Men,50,2011_Nescac_Msd_Results,Amherst,"Alef, Bryson",Final,21.47,21.47
2011,50_Freestyle,Freestyle,Men,50,2011_Nescac_Msd_Results,Bates,"Carroll, Pat",Prelim,21.88,21.88
2011,50_Freestyle,Freestyle,Men,50,2011_Nescac_Msd_Results,Bowdoin,"Mecray, Nathan",Prelim,20.76,20.76
2011,50_Freestyle,Freestyle,Men,50,2011_Nescac_Msd_Results,Colby,"Rieling, Ray",Prelim,22.6,22.60
2011,50_Freestyle,Freestyle,Men,50,2011_Nescac_Msd_Results,Hamilton,"Hogenkamp, Taylor",Final,21.54,21.54
2011,50_Freestyle,Freestyle,Men,50,2011_Nescac_Msd_Results,Middlebury,"MacKay, Ian",Final,20.6,20.60
2011,50_Freestyle,Freestyle,Men,50,2011_Nescac_Msd_Results,Trinity,"Feminella, John",Prelim,22.33,22.33
2011,50_Freestyle,Freestyle,Men,50,2011_Nescac_Msd_Results,Tufts,"Rood, Owen",Prelim,20.76,20.76
2011,50_Freestyle,Freestyle,Men,50,2011_Nescac_Msd_Results,Wesleyan,"Brody, Alex",Prelim,21.71,21.71
2011,50_Freestyle,Freestyle,Men,50,2011_Nescac_Msd_Results,Williams,"Wampler, Ben",Final,20.6,20.60
2012,100_Backstroke,Backstroke,Men,100,2012_Nescac_Msd_Results,Amherst,"Deveney, Conor J",Final,51.01,51.01!
2012,100_Backstroke,Backstroke,Men,100,2012_Nescac_Msd_Results,Bates,"Aupi, Dan A",Prelim,52.61,52.61
2012,100_Backstroke,Backstroke,Men,100,2012_Nescac_Msd_Results,Bowdoin,"Stuyvesant, Basyl L",Final,51.76,51.76!
2012,100_Backstroke,Backstroke,Men,100,2012_Nescac_Msd_Results,Colby,"Tschaen, Brendan P",Prelim,56.93,56.93
2012,100_Backstroke,Backstroke,Men,100,2012_Nescac_Msd_Results,Hamilton,"Swartz, Reid M",Prelim,53.15,53.15
2012,100_Backstroke,Backstroke,Men,100,2012_Nescac_Msd_Results,Middlebury,"Asaga, Kazu",Prelim,52.4,52.40
2012,100_Backstroke,Backstroke,Men,100,2012_Nescac_Msd_Results,Trinity,"McCann, Ryan R",Prelim,57.99,57.99
2012,100_Backstroke,Backstroke,Men,100,2012_Nescac_Msd_Results,Tufts,"Olynyk, Craig O",Final,53.15,53.15
2012,100_Backstroke,Backstroke,Men,100,2012_Nescac_Msd_Results,Wesleyan,"Huston, Nick C",Prelim,55.01,55.01
2012,100_Backstroke,Backstroke,Men,100,2012_Nescac_Msd_Results,Williams,"Treesh, Philip R",Final,51.75,51.75!
2012,100_Breaststroke,Breaststroke,Men,100,2012_Nescac_Msd_Results,Amherst,"McBratney, Ben A",Final,56.29,56.29M
2012,100_Breaststroke,Breaststroke,Men,100,2012_Nescac_Msd_Results,Bates,"McKeown, Alex C",Final,61.45,1:01.45
2012,100_Breaststroke,Breaststroke,Men,100,2012_Nescac_Msd_Results,Bowdoin,"Mecray, Nathan E",Final,56.91,56.91!
2012,100_Breaststroke,Breaststroke,Men,100,2012_Nescac_Msd_Results,Colby,"Roberts, Mason D",Prelim,56.73,56.73
2012,100_Breaststroke,Breaststroke,Men,100,2012_Nescac_Msd_Results,Hamilton,"Nichols, Ian C",Final,60.64,1:00.64
2012,100_Breaststroke,Breaststroke,Men,100,2012_Nescac_Msd_Results,Middlebury,"Griffin, Will N",Final,59.78,59.78
2012,100_Breaststroke,Breaststroke,Men,100,2012_Nescac_Msd_Results,Trinity,"Ma, Max",Prelim,60.98,1:00.98
2012,100_Breaststroke,Breaststroke,Men,100,2012_Nescac_Msd_Results,Tufts,"Rood, Owen R",Final,58.82,58.82
2012,100_Breaststroke,Breaststroke,Men,100,2012_Nescac_Msd_Results,Wesleyan,"Cho, Thomas",Prelim,62.81,1:02.81
2012,100_Breaststroke,Breaststroke,Men,100,2012_Nescac_Msd_Results,Williams,"Jorento, Daeus J",Final,57.48,57.48!
2012,100_Butterfly,Butterfly,Men,100,2012_Nescac_Msd_Results,Amherst,"McBratney, Ben A",Final,50.05,50.05!
2012,100_Butterfly,Butterfly,Men,100,2012_Nescac_Msd_Results,Bates,"Gagne', Matthew L",Prelim,50.55,50.55
2012,100_Butterfly,Butterfly,Men,100,2012_Nescac_Msd_Results,Bowdoin,"Routh, Mac M",Final,50.36,50.36!
2012,100_Butterfly,Butterfly,Men,100,2012_Nescac_Msd_Results,Colby,"Mauel, Jack P",Prelim,51.89,51.89
2012,100_Butterfly,Butterfly,Men,100,2012_Nescac_Msd_Results,Hamilton,"Boyd, Graham H",Prelim,54.44,54.44
2012,100_Butterfly,Butterfly,Men,100,2012_Nescac_Msd_Results,Middlebury,"Asaga, Kazu",Prelim,51.87,51.87
2012,100_Butterfly,Butterfly,Men,100,2012_Nescac_Msd_Results,Tufts,"Douglas, Eric A",Prelim,51.94,51.94
2012,100_Butterfly,Butterfly,Men,100,2012_Nescac_Msd_Results,Wesleyan,"Kafina, Martin D",Prelim,51.36,51.36
2012,100_Butterfly,Butterfly,Men,100,2012_Nescac_Msd_Results,Williams,"Ricotta, Thad J",Final,50.25,50.25!
2012,100_Freestyle,Freestyle,Men,100,2012_Nescac_Msd_Results,Amherst,"Sholtis, Connor J",Final,45.53,45.53!
2012,100_Freestyle,Freestyle,Men,100,2012_Nescac_Msd_Results,Bates,"Aupi, Dan A",Prelim,46.87,46.87
2012,100_Freestyle,Freestyle,Men,100,2012_Nescac_Msd_Results,Bowdoin,"Elias, Fred M",Final,47.73,47.73
2012,100_Freestyle,Freestyle,Men,100,2012_Nescac_Msd_Results,Colby,"Galea, Vincent",Final,47.35,47.35
2012,100_Freestyle,Freestyle,Men,100,2012_Nescac_Msd_Results,Hamilton,"Hogenkamp, Taylor P",Prelim,46.73,46.73
2012,100_Freestyle,Freestyle,Men,100,2012_Nescac_Msd_Results,Middlebury,"Daly, Nick N",Final,46.78,46.78
2012,100_Freestyle,Freestyle,Men,100,2012_Nescac_Msd_Results,Trinity,"Ruddock, Sam J",Prelim,48.27,48.27
2012,100_Freestyle,Freestyle,Men,100,2012_Nescac_Msd_Results,Tufts,"Rood, Owen R",Final,45.03,45.03!
2012,100_Freestyle,Freestyle,Men,100,2012_Nescac_Msd_Results,Wesleyan,"Bernstein, Rex L",Prelim,49.66,49.66
2012,100_Freestyle,Freestyle,Men,100,2012_Nescac_Msd_Results,Williams,"Vieth, Tom C",Final,46.11,46.11
2012,200_Backstroke,Backstroke,Men,200,2012_Nescac_Msd_Results,Amherst,"Deveney, Conor J",Prelim,108.81,1:48.81
2012,200_Backstroke,Backstroke,Men,200,2012_Nescac_Msd_Results,Bates,"Depew, Nathaniel H",Final,116.41,1:56.41
2012,200_Backstroke,Backstroke,Men,200,2012_Nescac_Msd_Results,Bowdoin,"Stuyvesant, Basyl L",Final,113.25,1:53.25!
2012,200_Backstroke,Backstroke,Men,200,2012_Nescac_Msd_Results,Colby,"Peterson, Andy",Prelim,122.01,2:02.01
2012,200_Backstroke,Backstroke,Men,200,2012_Nescac_Msd_Results,Hamilton,"Swartz, Reid M",Prelim,117.34,1:57.34
2012,200_Backstroke,Backstroke,Men,200,2012_Nescac_Msd_Results,Middlebury,"Keenan, Nick S",Final,116.18,1:56.18
2012,200_Backstroke,Backstroke,Men,200,2012_Nescac_Msd_Results,Trinity,"McCann, Ryan R",Prelim,127.8,2:07.80
2012,200_Backstroke,Backstroke,Men,200,2012_Nescac_Msd_Results,Tufts,"Savidge, Kyle E",Final,113.4,1:53.40!
2012,200_Backstroke,Backstroke,Men,200,2012_Nescac_Msd_Results,Wesleyan,"Huston, Nick C",Final,120.9,2:00.90
2012,200_Backstroke,Backstroke,Men,200,2012_Nescac_Msd_Results,Williams,"Taylor, David",Final,111.94,1:51.94!
2012,200_Breaststroke,Breaststroke,Men,200,2012_Nescac_Msd_Results,Amherst,"Federak, Bart",Final,126.6,2:06.60!
2012,200_Breaststroke,Breaststroke,Men,200,2012_Nescac_Msd_Results,Bates,"Briggs, Andrew F",Prelim,135.76,2:15.76
2012,200_Breaststroke,Breaststroke,Men,200,2012_Nescac_Msd_Results,Bowdoin,"Perez, Zach B",Prelim,136.29,2:16.29
2012,200_Breaststroke,Breaststroke,Men,200,2012_Nescac_Msd_Results,Colby,"Roberts, Mason D",Final,124.08,2:04.08!
2012,200_Breaststroke,Breaststroke,Men,200,2012_Nescac_Msd_Results,Hamilton,"Youngblood, Tom",Final,134.61,2:14.61
2012,200_Breaststroke,Breaststroke,Men,200,2012_Nescac_Msd_Results,Middlebury,"Griffin, Will N",Final,135.01,2:15.01
2012,200_Breaststroke,Breaststroke,Men,200,2012_Nescac_Msd_Results,Trinity,"Ma, Max",Prelim,131.33,2:11.33
2012,200_Breaststroke,Breaststroke,Men,200,2012_Nescac_Msd_Results,Tufts,"McLoughlin, Joe P",Final,129.25,2:09.25
2012,200_Breaststroke,Breaststroke,Men,200,2012_Nescac_Msd_Results,Wesleyan,"Saleh, Momo A",Final,130.76,2:10.76
2012,200_Breaststroke,Breaststroke,Men,200,2012_Nescac_Msd_Results,Williams,"Dyrkacz, Paul M",Final,119.7,1:59.70C
2012,200_Butterfly,Butterfly,Men,200,2012_Nescac_Msd_Results,Amherst,"Bulakul, Tyler",Final,111.47,1:51.47!
2012,200_Butterfly,Butterfly,Men,200,2012_Nescac_Msd_Results,Bates,"Gagne', Matthew L",Final,114.03,1:54.03
2012,200_Butterfly,Butterfly,Men,200,2012_Nescac_Msd_Results,Bowdoin,"Granata, Chris J",Prelim,112.53999999999999,1:52.54
2012,200_Butterfly,Butterfly,Men,200,2012_Nescac_Msd_Results,Colby,"Mauel, Jack P",Prelim,119.22999999999999,1:59.23
2012,200_Butterfly,Butterfly,Men,200,2012_Nescac_Msd_Results,Hamilton,"Levine, Daniel J",Prelim,121.83,2:01.83
2012,200_Butterfly,Butterfly,Men,200,2012_Nescac_Msd_Results,Middlebury,"Kuo, Teddy",Prelim,118.0,1:58.00
2012,200_Butterfly,Butterfly,Men,200,2012_Nescac_Msd_Results,Trinity,"Yanagisawa, Mark K",Final,117.22999999999999,1:57.23
2012,200_Butterfly,Butterfly,Men,200,2012_Nescac_Msd_Results,Tufts,"Napolitano, Mike T",Final,115.38,1:55.38
2012,200_Butterfly,Butterfly,Men,200,2012_Nescac_Msd_Results,Wesleyan,"Fortin, Brendan P",Prelim,114.39,1:54.39
2012,200_Butterfly,Butterfly,Men,200,2012_Nescac_Msd_Results,Williams,"Ricotta, Thad J",Final,110.97999999999999,1:50.98!
2012,200_Freestyle,Freestyle,Men,200,2012_Nescac_Msd_Results,Amherst,"Lichtenfels, Ryan R",Final,100.39,1:40.39!
2012,200_Freestyle,Freestyle,Men,200,2012_Nescac_Msd_Results,Bates,"Boniface, Tom J",Prelim,103.93,1:43.93
2012,200_Freestyle,Freestyle,Men,200,2012_Nescac_Msd_Results,Bowdoin,"Elias, Fred M",Prelim,106.34,1:46.34
2012,200_Freestyle,Freestyle,Men,200,2012_Nescac_Msd_Results,Colby,"Galea, Vincent",Final,105.45,1:45.45
2012,200_Freestyle,Freestyle,Men,200,2012_Nescac_Msd_Results,Hamilton,"Hogenkamp, Taylor P",Prelim,103.22,1:43.22
2012,200_Freestyle,Freestyle,Men,200,2012_Nescac_Msd_Results,Middlebury,"Litman, Ethan A",Prelim,106.28,1:46.28
2012,200_Freestyle,Freestyle,Men,200,2012_Nescac_Msd_Results,Trinity,"Ruddock, Sam J",Prelim,105.57,1:45.57
2012,200_Freestyle,Freestyle,Men,200,2012_Nescac_Msd_Results,Tufts,"Strittmatter, Alex A",Final,103.85,1:43.85
2012,200_Freestyle,Freestyle,Men,200,2012_Nescac_Msd_Results,Wesleyan,"Bernstein, Rex L",Prelim,106.74000000000001,1:46.74
2012,200_Freestyle,Freestyle,Men,200,2012_Nescac_Msd_Results,Williams,"Vieth, Tom C",Final,98.91,1:38.91
2012,200_IM,IM,Men,200,2012_Nescac_Msd_Results,Amherst,"Beaulieu, Connor W",Final,112.53999999999999,1:52.54!
2012,200_IM,IM,Men,200,2012_Nescac_Msd_Results,Bates,"Gagne', Matthew L",Final,115.19,1:55.19
2012,200_IM,IM,Men,200,2012_Nescac_Msd_Results,Bowdoin,"Kulesza, Ryan J",Prelim,115.39,1:55.39
2012,200_IM,IM,Men,200,2012_Nescac_Msd_Results,Colby,"McLaughlin, Colin H",Prelim,120.96,2:00.96
2012,200_IM,IM,Men,200,2012_Nescac_Msd_Results,Hamilton,"Weinzierl, Michael S",Prelim,119.03,1:59.03
2012,200_IM,IM,Men,200,2012_Nescac_Msd_Results,Middlebury,"Keenan, Nick S",Final,115.72999999999999,1:55.73
2012,200_IM,IM,Men,200,2012_Nescac_Msd_Results,Trinity,"Knight, Lucas M",Prelim,122.42,2:02.42
2012,200_IM,IM,Men,200,2012_Nescac_Msd_Results,Tufts,"Berman, Drew J",Prelim,117.35,1:57.35
2012,200_IM,IM,Men,200,2012_Nescac_Msd_Results,Wesleyan,"Saleh, Momo A",Final,117.16,1:57.16
2012,200_IM,IM,Men,200,2012_Nescac_Msd_Results,Williams,"Dyrkacz, Paul M",Final,110.02000000000001,1:50.02
2012,400_IM,IM,Men,400,2012_Nescac_Msd_Results,Amherst,"Rochford, Michael D",Final,241.75,4:01.75!
2012,400_IM,IM,Men,400,2012_Nescac_Msd_Results,Bates,"Buehler, Andrew W",Final,261.3,4:21.30
2012,400_IM,IM,Men,400,2012_Nescac_Msd_Results,Bowdoin,"Peabody, Ryan J",Prelim,248.19,4:08.19
2012,400_IM,IM,Men,400,2012_Nescac_Msd_Results,Hamilton,"Crafa, James R",Final,262.07,4:22.07
2012,400_IM,IM,Men,400,2012_Nescac_Msd_Results,Middlebury,"Keenan, Nick S",Final,254.5,4:14.50
2012,400_IM,IM,Men,400,2012_Nescac_Msd_Results,Trinity,"Yanagisawa, Mark K",Final,261.13,4:21.13
2012,400_IM,IM,Men,400,2012_Nescac_Msd_Results,Tufts,"Tamposi, Lou O",Prelim,252.29,4:12.29
2012,400_IM,IM,Men,400,2012_Nescac_Msd_Results,Wesleyan,"Saleh, Momo A",Final,250.7,4:10.70
2012,400_IM,IM,Men,400,2012_Nescac_Msd_Results,Williams,"Dyrkacz, Paul M",Final,235.44,3:55.44
2012,500_Freestyle,Freestyle,Men,500,2012_Nescac_Msd_Results,Amherst,"White, Tim",Prelim,271.01,4:31.01
2012,500_Freestyle,Freestyle,Men,500,2012_Nescac_Msd_Results,Bates,"Sullivan, Rick K",Prelim,292.12,4:52.12
2012,500_Freestyle,Freestyle,Men,500,2012_Nescac_Msd_Results,Bowdoin,"Tougas, Alex J",Prelim,289.59000000000003,4:49.59
2012,500_Freestyle,Freestyle,Men,500,2012_Nescac_Msd_Results,Colby,"Peterson, Andy",Prelim,290.25,4:50.25
2012,500_Freestyle,Freestyle,Men,500,2012_Nescac_Msd_Results,Hamilton,"Swartz, Reid M",Prelim,285.29,4:45.29
2012,500_Freestyle,Freestyle,Men,500,2012_Nescac_Msd_Results,Middlebury,"Avidan, Lucas J",Final,285.23,4:45.23
2012,500_Freestyle,Freestyle,Men,500,2012_Nescac_Msd_Results,Trinity,"Eramo, Adam V",Final,285.43,4:45.43
2012,500_Freestyle,Freestyle,Men,500,2012_Nescac_Msd_Results,Tufts,"Strittmatter, Alex A",Final,283.84000000000003,4:43.84
2012,500_Freestyle,Freestyle,Men,500,2012_Nescac_Msd_Results,Williams,"Vieth, Tom C",Final,272.7,4:32.70!
2012,50_Backstroke,Backstroke,Men,50,2012_Nescac_Msd_Results,Amherst,"Deveney, Conor J",Final,23.91,23.91
2012,50_Backstroke,Backstroke,Men,50,2012_Nescac_Msd_Results,Bates,"Aupi, Dan A",Prelim,24.13,24.13
2012,50_Backstroke,Backstroke,Men,50,2012_Nescac_Msd_Results,Bowdoin,"Routh, Mac M",Final,23.79,23.79
2012,50_Backstroke,Backstroke,Men,50,2012_Nescac_Msd_Results,Colby,"Gilligan, Brian J",Prelim,24.5,24.50
2012,50_Backstroke,Backstroke,Men,50,2012_Nescac_Msd_Results,Hamilton,"Gong, Duo",Prelim,26.61,26.61
2012,50_Backstroke,Backstroke,Men,50,2012_Nescac_Msd_Results,Middlebury,"Asaga, Kazu",Final,24.62,24.62
2012,50_Backstroke,Backstroke,Men,50,2012_Nescac_Msd_Results,Trinity,"McCann, Ryan R",Prelim,26.67,26.67
2012,50_Backstroke,Backstroke,Men,50,2012_Nescac_Msd_Results,Tufts,"Olynyk, Craig O",Final,24.93,24.93
2012,50_Backstroke,Backstroke,Men,50,2012_Nescac_Msd_Results,Wesleyan,"Forde, James H",Prelim,27.03,27.03
2012,50_Backstroke,Backstroke,Men,50,2012_Nescac_Msd_Results,Williams,"Treesh, Philip R",Prelim,24.25,24.25
2012,50_Breaststroke,Breaststroke,Men,50,2012_Nescac_Msd_Results,Amherst,"McBratney, Ben A",Prelim,25.56,25.56
2012,50_Breaststroke,Breaststroke,Men,50,2012_Nescac_Msd_Results,Bates,"McKeown, Alex C",Prelim,27.67,27.67
2012,50_Breaststroke,Breaststroke,Men,50,2012_Nescac_Msd_Results,Bowdoin,"Mecray, Nathan E",Final,26.23,26.23
2012,50_Breaststroke,Breaststroke,Men,50,2012_Nescac_Msd_Results,Colby,"Roberts, Mason D",Final,26.07,26.07
2012,50_Breaststroke,Breaststroke,Men,50,2012_Nescac_Msd_Results,Hamilton,"Nichols, Ian C",Prelim,27.36,27.36
2012,50_Breaststroke,Breaststroke,Men,50,2012_Nescac_Msd_Results,Middlebury,"Vandiford, Christopher W",Final,27.14,27.14
2012,50_Breaststroke,Breaststroke,Men,50,2012_Nescac_Msd_Results,Trinity,"Ma, Max",Final,27.8,27.80
2012,50_Breaststroke,Breaststroke,Men,50,2012_Nescac_Msd_Results,Tufts,"Turk, Andrew D",Prelim,27.49,27.49
2012,50_Breaststroke,Breaststroke,Men,50,2012_Nescac_Msd_Results,Wesleyan,"Cho, Thomas",Prelim,28.93,28.93
2012,50_Breaststroke,Breaststroke,Men,50,2012_Nescac_Msd_Results,Williams,"McElroy, Greg S",Final,26.05,26.05
2012,50_Butterfly,Butterfly,Men,50,2012_Nescac_Msd_Results,Amherst,"Bulakul, Tyler",Final,23.22,23.22
2012,50_Butterfly,Butterfly,Men,50,2012_Nescac_Msd_Results,Bates,"Scott, Ned E",Final,22.81,22.81
2012,50_Butterfly,Butterfly,Men,50,2012_Nescac_Msd_Results,Bowdoin,"Routh, Mac M",Final,22.27,22.27
2012,50_Butterfly,Butterfly,Men,50,2012_Nescac_Msd_Results,Colby,"Trafton, Ryan D",Prelim,23.23,23.23
2012,50_Butterfly,Butterfly,Men,50,2012_Nescac_Msd_Results,Hamilton,"Dix, Zach",Prelim,25.77,25.77
2012,50_Butterfly,Butterfly,Men,50,2012_Nescac_Msd_Results,Middlebury,"Daly, Nick N",Final,23.13,23.13
2012,50_Butterfly,Butterfly,Men,50,2012_Nescac_Msd_Results,Trinity,"Kurose, Alex A",Prelim,24.8,24.80
2012,50_Butterfly,Butterfly,Men,50,2012_Nescac_Msd_Results,Tufts,"Douglas, Eric A",Prelim,23.12,23.12
2012,50_Butterfly,Butterfly,Men,50,2012_Nescac_Msd_Results,Wesleyan,"Kafina, Martin D",Final,23.44,23.44
2012,50_Butterfly,Butterfly,Men,50,2012_Nescac_Msd_Results,Williams,"Ricotta, Thad J",Final,23.08,23.08
2012,50_Freestyle,Freestyle,Men,50,2012_Nescac_Msd_Results,Amherst,"Sholtis, Connor J",Final,21.03,21.03
2012,50_Freestyle,Freestyle,Men,50,2012_Nescac_Msd_Results,Bates,"Karlson, Nick",Prelim,21.79,21.79
2012,50_Freestyle,Freestyle,Men,50,2012_Nescac_Msd_Results,Bowdoin,"Mecray, Nathan E",Prelim,20.83,20.83
2012,50_Freestyle,Freestyle,Men,50,2012_Nescac_Msd_Results,Colby,"Galea, Vincent",Prelim,21.99,21.99
2012,50_Freestyle,Freestyle,Men,50,2012_Nescac_Msd_Results,Hamilton,"Hogenkamp, Taylor P",Prelim,21.44,21.44
2012,50_Freestyle,Freestyle,Men,50,2012_Nescac_Msd_Results,Middlebury,"Daly, Nick N",Prelim,20.91,20.91
2012,50_Freestyle,Freestyle,Men,50,2012_Nescac_Msd_Results,Trinity,"Kurose, Alex A",Prelim,22.39,22.39
2012,50_Freestyle,Freestyle,Men,50,2012_Nescac_Msd_Results,Tufts,"Rood, Owen R",Final,20.73,20.73!
2012,50_Freestyle,Freestyle,Men,50,2012_Nescac_Msd_Results,Wesleyan,"Yan, Erik S",Prelim,22.38,22.38
2012,50_Freestyle,Freestyle,Men,50,2012_Nescac_Msd_Results,Williams,"Jorento, Daeus J",Final,20.91,20.91!
2013,100_Backstroke,Backstroke,Men,100,2013_Nescac_Msd_Results,Amherst,"Deveney, Conor J",Prelim,50.08,50.08
2013,100_Backstroke,Backstroke,Men,100,2013_Nescac_Msd_Results,Bates,"Johns, Matt",Final,51.86,51.86
2013,100_Backstroke,Backstroke,Men,100,2013_Nescac_Msd_Results,Bowdoin,"Stuyvesant, Basyl L",Prelim,52.61,52.61
2013,100_Backstroke,Backstroke,Men,100,2013_Nescac_Msd_Results,Colby,"Peterson, Andy D",Prelim,55.51,55.51
2013,100_Backstroke,Backstroke,Men,100,2013_Nescac_Msd_Results,Hamilton,"Swartz, Reid",Prelim,51.33,51.33
2013,100_Backstroke,Backstroke,Men,100,2013_Nescac_Msd_Results,Middlebury,"Pribis, Carter B",Final,53.35,53.35
2013,100_Backstroke,Backstroke,Men,100,2013_Nescac_Msd_Results,Trinity,"Celestin, Nick A",Prelim,52.36,52.36
2013,100_Backstroke,Backstroke,Men,100,2013_Nescac_Msd_Results,Tufts,"Winget, Michael G",Final,50.81,50.81
2013,100_Backstroke,Backstroke,Men,100,2013_Nescac_Msd_Results,Wesleyan,"Brown, Stefan",Prelim,56.48,56.48
2013,100_Backstroke,Backstroke,Men,100,2013_Nescac_Msd_Results,Williams,"Taylor, David",Final,50.72,50.72
2013,100_Breaststroke,Breaststroke,Men,100,2013_Nescac_Msd_Results,Amherst,"Zhang, Tom",Final,56.85,56.85P
2013,100_Breaststroke,Breaststroke,Men,100,2013_Nescac_Msd_Results,Bates,"Briggs, Andrew F",Prelim,58.67,58.67
2013,100_Breaststroke,Breaststroke,Men,100,2013_Nescac_Msd_Results,Bowdoin,"Lagasse, John J",Prelim,58.44,58.44
2013,100_Breaststroke,Breaststroke,Men,100,2013_Nescac_Msd_Results,Colby,"Wennberg, Paul E",Prelim,58.4,58.40
2013,100_Breaststroke,Breaststroke,Men,100,2013_Nescac_Msd_Results,Hamilton,"Nichols, Ian C",Final,60.08,1:00.08
2013,100_Breaststroke,Breaststroke,Men,100,2013_Nescac_Msd_Results,Middlebury,"Koenigsberger, Stephan",Prelim,57.69,57.69
2013,100_Breaststroke,Breaststroke,Men,100,2013_Nescac_Msd_Results,Trinity,"Ma, Max",Prelim,59.84,59.84
2013,100_Breaststroke,Breaststroke,Men,100,2013_Nescac_Msd_Results,Tufts,"Turk, Andrew D",Final,59.05,59.05
2013,100_Breaststroke,Breaststroke,Men,100,2013_Nescac_Msd_Results,Wesleyan,"Bazile, Jacques M",Prelim,58.88,58.88
2013,100_Breaststroke,Breaststroke,Men,100,2013_Nescac_Msd_Results,Williams,"Tamposi, Jake B",Final,57.03,57.03
2013,100_Butterfly,Butterfly,Men,100,2013_Nescac_Msd_Results,Amherst,"Stewart, Sam M",Final,48.09,48.09M
2013,100_Butterfly,Butterfly,Men,100,2013_Nescac_Msd_Results,Bates,"Gagne', Matthew L",Final,50.02,50.02
2013,100_Butterfly,Butterfly,Men,100,2013_Nescac_Msd_Results,Bowdoin,"Rhodes, Linc L",Final,50.97,50.97
2013,100_Butterfly,Butterfly,Men,100,2013_Nescac_Msd_Results,Colby,"Mauel, Jack P",Final,51.32,51.32
2013,100_Butterfly,Butterfly,Men,100,2013_Nescac_Msd_Results,Hamilton,"Levine, Daniel J",Prelim,54.68,54.68
2013,100_Butterfly,Butterfly,Men,100,2013_Nescac_Msd_Results,Middlebury,"MacKay, Ian D",Final,48.8,48.80
2013,100_Butterfly,Butterfly,Men,100,2013_Nescac_Msd_Results,Trinity,"Celestin, Nick A",Prelim,51.65,51.65
2013,100_Butterfly,Butterfly,Men,100,2013_Nescac_Msd_Results,Tufts,"Douglas, Eric A",Final,51.35,51.35
2013,100_Butterfly,Butterfly,Men,100,2013_Nescac_Msd_Results,Wesleyan,"Kafina, Martin D",Prelim,50.83,50.83
2013,100_Butterfly,Butterfly,Men,100,2013_Nescac_Msd_Results,Williams,"Ricotta, Thad J",Final,49.13,49.13
2013,100_Freestyle,Freestyle,Men,100,2013_Nescac_Msd_Results,Amherst,"Sholtis, Connor J",Final,45.52,45.52
2013,100_Freestyle,Freestyle,Men,100,2013_Nescac_Msd_Results,Bates,"Karlson, Nick",Prelim,47.89,47.89
2013,100_Freestyle,Freestyle,Men,100,2013_Nescac_Msd_Results,Bowdoin,"Shi, William Y",Final,47.88,47.88
2013,100_Freestyle,Freestyle,Men,100,2013_Nescac_Msd_Results,Colby,"Galea, Vincent",Prelim,46.17,46.17
2013,100_Freestyle,Freestyle,Men,100,2013_Nescac_Msd_Results,Hamilton,"Hogenkamp, Taylor P",Prelim,46.87,46.87
2013,100_Freestyle,Freestyle,Men,100,2013_Nescac_Msd_Results,Middlebury,"Litman, Ethan A",Final,47.28,47.28
2013,100_Freestyle,Freestyle,Men,100,2013_Nescac_Msd_Results,Trinity,"Kelley, Brendan R",Prelim,49.03,49.03
2013,100_Freestyle,Freestyle,Men,100,2013_Nescac_Msd_Results,Tufts,"Devine, John R",Prelim,46.47,46.47
2013,100_Freestyle,Freestyle,Men,100,2013_Nescac_Msd_Results,Wesleyan,"Arace, Jeff R",Prelim,47.17,47.17
2013,100_Freestyle,Freestyle,Men,100,2013_Nescac_Msd_Results,Williams,"Vieth, Tom C",Final,45.61,45.61
2013,200_Backstroke,Backstroke,Men,200,2013_Nescac_Msd_Results,Amherst,"Deveney, Conor J",Prelim,107.91,1:47.91
2013,200_Backstroke,Backstroke,Men,200,2013_Nescac_Msd_Results,Bates,"Johns, Matt",Final,116.38,1:56.38
2013,200_Backstroke,Backstroke,Men,200,2013_Nescac_Msd_Results,Bowdoin,"Kulesza, Ryan J",Final,114.95,1:54.95
2013,200_Backstroke,Backstroke,Men,200,2013_Nescac_Msd_Results,Colby,"Madeira, John E",Prelim,121.1,2:01.10
2013,200_Backstroke,Backstroke,Men,200,2013_Nescac_Msd_Results,Hamilton,"Swartz, Reid",Prelim,114.91,1:54.91
2013,200_Backstroke,Backstroke,Men,200,2013_Nescac_Msd_Results,Middlebury,"Keenan, Nick S",Prelim,114.69,1:54.69
2013,200_Backstroke,Backstroke,Men,200,2013_Nescac_Msd_Results,Trinity,"Gibney, Carl P",Prelim,120.32,2:00.32
2013,200_Backstroke,Backstroke,Men,200,2013_Nescac_Msd_Results,Tufts,"Winget, Michael G",Final,109.96000000000001,1:49.96
2013,200_Backstroke,Backstroke,Men,200,2013_Nescac_Msd_Results,Wesleyan,"Forde, James H",Prelim,126.57,2:06.57
2013,200_Backstroke,Backstroke,Men,200,2013_Nescac_Msd_Results,Williams,"Taylor, David",Final,111.53,1:51.53
2013,200_Breaststroke,Breaststroke,Men,200,2013_Nescac_Msd_Results,Amherst,"Zhang, Tom",Prelim,126.97,2:06.97
2013,200_Breaststroke,Breaststroke,Men,200,2013_Nescac_Msd_Results,Bates,"Briggs, Andrew F",Final,132.47,2:12.47
2013,200_Breaststroke,Breaststroke,Men,200,2013_Nescac_Msd_Results,Bowdoin,"Chansakul, Jr J",Final,127.23,2:07.23
2013,200_Breaststroke,Breaststroke,Men,200,2013_Nescac_Msd_Results,Colby,"Wennberg, Paul E",Prelim,129.61,2:09.61
2013,200_Breaststroke,Breaststroke,Men,200,2013_Nescac_Msd_Results,Hamilton,"Dix, Zach",Prelim,140.15,2:20.15
2013,200_Breaststroke,Breaststroke,Men,200,2013_Nescac_Msd_Results,Middlebury,"Koenigsberger, Stephan",Final,129.35,2:09.35
2013,200_Breaststroke,Breaststroke,Men,200,2013_Nescac_Msd_Results,Trinity,"Ma, Max",Final,129.11,2:09.11
2013,200_Breaststroke,Breaststroke,Men,200,2013_Nescac_Msd_Results,Tufts,"Turk, Andrew D",Final,131.04,2:11.04
2013,200_Breaststroke,Breaststroke,Men,200,2013_Nescac_Msd_Results,Wesleyan,"Hepner, Billy",Prelim,130.47,2:10.47
2013,200_Breaststroke,Breaststroke,Men,200,2013_Nescac_Msd_Results,Williams,"Dyrkacz, Paul M",Final,119.68,1:59.68C
2013,200_Butterfly,Butterfly,Men,200,2013_Nescac_Msd_Results,Amherst,"Bulakul, Tyler",Final,108.36,1:48.36M
2013,200_Butterfly,Butterfly,Men,200,2013_Nescac_Msd_Results,Bates,"Duvvuri, Venkatesh",Prelim,116.1,1:56.10
2013,200_Butterfly,Butterfly,Men,200,2013_Nescac_Msd_Results,Bowdoin,"Granata, Chris J",Prelim,112.68,1:52.68
2013,200_Butterfly,Butterfly,Men,200,2013_Nescac_Msd_Results,Colby,"Mauel, Jack P",Final,115.55,1:55.55
2013,200_Butterfly,Butterfly,Men,200,2013_Nescac_Msd_Results,Hamilton,"Jones, Alex",Prelim,119.53,1:59.53
2013,200_Butterfly,Butterfly,Men,200,2013_Nescac_Msd_Results,Middlebury,"Kuo, Theodore",Final,116.9,1:56.90
2013,200_Butterfly,Butterfly,Men,200,2013_Nescac_Msd_Results,Trinity,"Celestin, Nick A",Final,111.95,1:51.95
2013,200_Butterfly,Butterfly,Men,200,2013_Nescac_Msd_Results,Tufts,"Debenedetto, Anthony M",Prelim,111.08,1:51.08
2013,200_Butterfly,Butterfly,Men,200,2013_Nescac_Msd_Results,Wesleyan,"Kafina, Martin D",Prelim,115.64,1:55.64
2013,200_Butterfly,Butterfly,Men,200,2013_Nescac_Msd_Results,Williams,"Ricotta, Thad J",Prelim,109.75999999999999,1:49.76
2013,200_Freestyle,Freestyle,Men,200,2013_Nescac_Msd_Results,Amherst,"Sholtis, Connor J",Final,99.93,1:39.93
2013,200_Freestyle,Freestyle,Men,200,2013_Nescac_Msd_Results,Bates,"Hanley, Mike R",Prelim,109.32,1:49.32
2013,200_Freestyle,Freestyle,Men,200,2013_Nescac_Msd_Results,Bowdoin,"Deardorff, Peter G",Final,103.91,1:43.91
2013,200_Freestyle,Freestyle,Men,200,2013_Nescac_Msd_Results,Colby,"Galea, Vincent",Prelim,101.68,1:41.68
2013,200_Freestyle,Freestyle,Men,200,2013_Nescac_Msd_Results,Hamilton,"Hogenkamp, Taylor P",Prelim,103.19,1:43.19
2013,200_Freestyle,Freestyle,Men,200,2013_Nescac_Msd_Results,Middlebury,"Litman, Ethan A",Prelim,104.45,1:44.45
2013,200_Freestyle,Freestyle,Men,200,2013_Nescac_Msd_Results,Trinity,"Gibney, Carl P",Prelim,107.77000000000001,1:47.77
2013,200_Freestyle,Freestyle,Men,200,2013_Nescac_Msd_Results,Tufts,"Simko, Cam H",Final,102.62,1:42.62
2013,200_Freestyle,Freestyle,Men,200,2013_Nescac_Msd_Results,Wesleyan,"Arace, Jeff R",Prelim,104.82,1:44.82
2013,200_Freestyle,Freestyle,Men,200,2013_Nescac_Msd_Results,Williams,"Vieth, Tom C",Final,98.63,1:38.63
2013,200_IM,IM,Men,200,2013_Nescac_Msd_Results,Amherst,"Rochford, Michael D",Final,113.31,1:53.31
2013,200_IM,IM,Men,200,2013_Nescac_Msd_Results,Bates,"Buehler, Andrew W",Final,119.3,1:59.30
2013,200_IM,IM,Men,200,2013_Nescac_Msd_Results,Bowdoin,"Kulesza, Ryan J",Final,114.42,1:54.42
2013,200_IM,IM,Men,200,2013_Nescac_Msd_Results,Colby,"McLaughlin, Colin H",Prelim,119.28,1:59.28
2013,200_IM,IM,Men,200,2013_Nescac_Msd_Results,Hamilton,"Weinzierl, Michael S",Prelim,118.89,1:58.89
2013,200_IM,IM,Men,200,2013_Nescac_Msd_Results,Middlebury,"Keenan, Nick S",Final,116.53999999999999,1:56.54
2013,200_IM,IM,Men,200,2013_Nescac_Msd_Results,Trinity,"Gibney, Carl P",Final,120.33,2:00.33
2013,200_IM,IM,Men,200,2013_Nescac_Msd_Results,Tufts,"Marko, Brian A",Final,117.63,1:57.63
2013,200_IM,IM,Men,200,2013_Nescac_Msd_Results,Wesleyan,"Hepner, Billy",Prelim,117.59,1:57.59
2013,200_IM,IM,Men,200,2013_Nescac_Msd_Results,Williams,"Dyrkacz, Paul M",Final,110.15,1:50.15P
2013,400_IM,IM,Men,400,2013_Nescac_Msd_Results,Amherst,"Anderson, Jeff",Final,239.34,3:59.34
2013,400_IM,IM,Men,400,2013_Nescac_Msd_Results,Bates,"Buehler, Andrew W",Final,255.78,4:15.78
2013,400_IM,IM,Men,400,2013_Nescac_Msd_Results,Bowdoin,"Kulesza, Ryan J",Final,245.45,4:05.45
2013,400_IM,IM,Men,400,2013_Nescac_Msd_Results,Colby,"Madeira, John E",Prelim,256.04,4:16.04
2013,400_IM,IM,Men,400,2013_Nescac_Msd_Results,Middlebury,"Keenan, Nick S",Final,248.15,4:08.15
2013,400_IM,IM,Men,400,2013_Nescac_Msd_Results,Trinity,"Yanagisawa, Mark K",Final,255.3,4:15.30
2013,400_IM,IM,Men,400,2013_Nescac_Msd_Results,Tufts,"Jones, Christian M",Final,247.16,4:07.16
2013,400_IM,IM,Men,400,2013_Nescac_Msd_Results,Wesleyan,"Hepner, Billy",Prelim,254.46,4:14.46
2013,400_IM,IM,Men,400,2013_Nescac_Msd_Results,Williams,"Dyrkacz, Paul M",Final,237.1,3:57.10P
2013,500_Freestyle,Freestyle,Men,500,2013_Nescac_Msd_Results,Amherst,"Moody, Parker W",Final,273.46,4:33.46
2013,500_Freestyle,Freestyle,Men,500,2013_Nescac_Msd_Results,Bates,"Smachlo, Alex A",Prelim,294.56,4:54.56
2013,500_Freestyle,Freestyle,Men,500,2013_Nescac_Msd_Results,Bowdoin,"Peabody, Ryan J",Final,287.59000000000003,4:47.59
2013,500_Freestyle,Freestyle,Men,500,2013_Nescac_Msd_Results,Colby,"Bachur, Ryan G",Prelim,297.93,4:57.93
2013,500_Freestyle,Freestyle,Men,500,2013_Nescac_Msd_Results,Hamilton,"McBratney, John C",Prelim,280.61,4:40.61
2013,500_Freestyle,Freestyle,Men,500,2013_Nescac_Msd_Results,Middlebury,"Avidan, Lucas J",Prelim,283.75,4:43.75
2013,500_Freestyle,Freestyle,Men,500,2013_Nescac_Msd_Results,Trinity,"McConnell, Ryan",Prelim,304.76,5:04.76
2013,500_Freestyle,Freestyle,Men,500,2013_Nescac_Msd_Results,Tufts,"Jones, Christian M",Final,278.57,4:38.57
2013,500_Freestyle,Freestyle,Men,500,2013_Nescac_Msd_Results,Wesleyan,"Akers-Campbell, Holt",Prelim,319.79,5:19.79
2013,500_Freestyle,Freestyle,Men,500,2013_Nescac_Msd_Results,Williams,"Vieth, Tom C",Final,268.36,4:28.36
2013,50_Backstroke,Backstroke,Men,50,2013_Nescac_Msd_Results,Amherst,"Heise, Matthew C",Final,23.68,23.68
2013,50_Backstroke,Backstroke,Men,50,2013_Nescac_Msd_Results,Bates,"Johns, Matt",Final,24.22,24.22
2013,50_Backstroke,Backstroke,Men,50,2013_Nescac_Msd_Results,Bowdoin,"Stuyvesant, Basyl L",Final,24.48,24.48
2013,50_Backstroke,Backstroke,Men,50,2013_Nescac_Msd_Results,Colby,"Peterson, Andy D",Prelim,25.77,25.77
2013,50_Backstroke,Backstroke,Men,50,2013_Nescac_Msd_Results,Hamilton,"Swartz, Reid",Prelim,23.56,23.56
2013,50_Backstroke,Backstroke,Men,50,2013_Nescac_Msd_Results,Middlebury,"Pribis, Carter B",Prelim,24.54,24.54
2013,50_Backstroke,Backstroke,Men,50,2013_Nescac_Msd_Results,Tufts,"Winget, Michael G",Prelim,23.76,23.76
2013,50_Backstroke,Backstroke,Men,50,2013_Nescac_Msd_Results,Wesleyan,"Yan, Erik S",Prelim,25.91,25.91
2013,50_Backstroke,Backstroke,Men,50,2013_Nescac_Msd_Results,Williams,"McCarter, Alex E",Prelim,23.67,23.67
2013,50_Breaststroke,Breaststroke,Men,50,2013_Nescac_Msd_Results,Amherst,"Zhang, Tom",Final,26.13,26.13
2013,50_Breaststroke,Breaststroke,Men,50,2013_Nescac_Msd_Results,Bates,"Briggs, Andrew F",Prelim,26.6,26.60
2013,50_Breaststroke,Breaststroke,Men,50,2013_Nescac_Msd_Results,Bowdoin,"Lagasse, John J",Prelim,27.06,27.06
2013,50_Breaststroke,Breaststroke,Men,50,2013_Nescac_Msd_Results,Colby,"Wennberg, Paul E",Final,26.53,26.53
2013,50_Breaststroke,Breaststroke,Men,50,2013_Nescac_Msd_Results,Hamilton,"Nichols, Ian C",Final,27.35,27.35
2013,50_Breaststroke,Breaststroke,Men,50,2013_Nescac_Msd_Results,Middlebury,"Koenigsberger, Stephan",Final,25.99,25.99
2013,50_Breaststroke,Breaststroke,Men,50,2013_Nescac_Msd_Results,Trinity,"Ma, Max",Prelim,27.69,27.69
2013,50_Breaststroke,Breaststroke,Men,50,2013_Nescac_Msd_Results,Tufts,"Turk, Andrew D",Prelim,26.81,26.81
2013,50_Breaststroke,Breaststroke,Men,50,2013_Nescac_Msd_Results,Wesleyan,"Bazile, Jacques M",Prelim,26.86,26.86
2013,50_Breaststroke,Breaststroke,Men,50,2013_Nescac_Msd_Results,Williams,"Tamposi, Jake B",Final,25.82,25.82P
2013,50_Butterfly,Butterfly,Men,50,2013_Nescac_Msd_Results,Amherst,"Stewart, Sam M",Final,21.98,21.98
2013,50_Butterfly,Butterfly,Men,50,2013_Nescac_Msd_Results,Bates,"Gagne', Matthew L",Final,22.62,22.62
2013,50_Butterfly,Butterfly,Men,50,2013_Nescac_Msd_Results,Bowdoin,"Koh, Kevin W",Prelim,22.84,22.84
2013,50_Butterfly,Butterfly,Men,50,2013_Nescac_Msd_Results,Colby,"Mauel, Jack P",Final,23.06,23.06
2013,50_Butterfly,Butterfly,Men,50,2013_Nescac_Msd_Results,Hamilton,"Thomas, Callum",Prelim,25.81,25.81
2013,50_Butterfly,Butterfly,Men,50,2013_Nescac_Msd_Results,Middlebury,"MacKay, Ian D",Final,21.97,21.97C
2013,50_Butterfly,Butterfly,Men,50,2013_Nescac_Msd_Results,Trinity,"Kelley, Brendan R",Prelim,23.91,23.91
2013,50_Butterfly,Butterfly,Men,50,2013_Nescac_Msd_Results,Tufts,"Douglas, Eric A",Final,23.23,23.23
2013,50_Butterfly,Butterfly,Men,50,2013_Nescac_Msd_Results,Wesleyan,"Yan, Erik S",Final,23.06,23.06
2013,50_Butterfly,Butterfly,Men,50,2013_Nescac_Msd_Results,Williams,"Ricotta, Thad J",Final,22.64,22.64
2013,50_Freestyle,Freestyle,Men,50,2013_Nescac_Msd_Results,Amherst,"Stewart, Sam M",Final,21.0,21.00
2013,50_Freestyle,Freestyle,Men,50,2013_Nescac_Msd_Results,Bates,"Karlson, Nick",Final,21.3,21.30
2013,50_Freestyle,Freestyle,Men,50,2013_Nescac_Msd_Results,Bowdoin,"Shi, William Y",Final,21.47,21.47
2013,50_Freestyle,Freestyle,Men,50,2013_Nescac_Msd_Results,Colby,"Galea, Vincent",Final,21.16,21.16
2013,50_Freestyle,Freestyle,Men,50,2013_Nescac_Msd_Results,Hamilton,"McWhirter, Andrew",Prelim,22.74,22.74
2013,50_Freestyle,Freestyle,Men,50,2013_Nescac_Msd_Results,Middlebury,"MacKay, Ian D",Prelim,20.34,20.34
2013,50_Freestyle,Freestyle,Men,50,2013_Nescac_Msd_Results,Trinity,"Feminella, John M",Prelim,22.31,22.31
2013,50_Freestyle,Freestyle,Men,50,2013_Nescac_Msd_Results,Tufts,"Devine, John R",Prelim,21.35,21.35
2013,50_Freestyle,Freestyle,Men,50,2013_Nescac_Msd_Results,Wesleyan,"Fantini, Wes",Prelim,21.84,21.84
2013,50_Freestyle,Freestyle,Men,50,2013_Nescac_Msd_Results,Williams,"Jorento, Daeus J",Prelim,21.18,21.18
2014,100_Backstroke,Backstroke,Men,100,2014_Nescac_Msd_Results,Amherst,"Deveney, Conor",Prelim,50.18,50.18
2014,100_Backstroke,Backstroke,Men,100,2014_Nescac_Msd_Results,Bates,"Sommer, Ben",Final,52.06,52.06
2014,100_Backstroke,Backstroke,Men,100,2014_Nescac_Msd_Results,Bowdoin,"Warren, Chris",Prelim,53.0,53.00
2014,100_Backstroke,Backstroke,Men,100,2014_Nescac_Msd_Results,Colby,"Tschaen, Brendan",Prelim,55.76,55.76
2014,100_Backstroke,Backstroke,Men,100,2014_Nescac_Msd_Results,Connecticut College,"Gill, Sam",Prelim,48.84,48.84
2014,100_Backstroke,Backstroke,Men,100,2014_Nescac_Msd_Results,Hamilton,"Swartz, Reid",Prelim,50.6,50.60
2014,100_Backstroke,Backstroke,Men,100,2014_Nescac_Msd_Results,Middlebury,"Fisher, Jacob",Final,53.87,53.87
2014,100_Backstroke,Backstroke,Men,100,2014_Nescac_Msd_Results,Trinity,"Celestin, Nick",Prelim,51.48,51.48
2014,100_Backstroke,Backstroke,Men,100,2014_Nescac_Msd_Results,Tufts,"Winget, Michael",Prelim,50.49,50.49
2014,100_Backstroke,Backstroke,Men,100,2014_Nescac_Msd_Results,Wesleyan,"Kiris, Eren",Prelim,55.61,55.61
2014,100_Backstroke,Backstroke,Men,100,2014_Nescac_Msd_Results,Williams,"Lin, Benjamin",Final,49.33,49.33B
2014,100_Breaststroke,Breaststroke,Men,100,2014_Nescac_Msd_Results,Amherst,"Zhang, Tom",Final,57.86,57.86
2014,100_Breaststroke,Breaststroke,Men,100,2014_Nescac_Msd_Results,Bates,"Briggs, Andrew",Prelim,57.22,57.22
2014,100_Breaststroke,Breaststroke,Men,100,2014_Nescac_Msd_Results,Bowdoin,"Lagasse, John",Final,59.01,59.01
2014,100_Breaststroke,Breaststroke,Men,100,2014_Nescac_Msd_Results,Colby,"Wennberg, Paul",Prelim,59.16,59.16
2014,100_Breaststroke,Breaststroke,Men,100,2014_Nescac_Msd_Results,Connecticut College,"Czelewicz, Kirk",Final,56.79,56.79B
2014,100_Breaststroke,Breaststroke,Men,100,2014_Nescac_Msd_Results,Hamilton,"Jones, Alex",Prelim,60.23,1:00.23
2014,100_Breaststroke,Breaststroke,Men,100,2014_Nescac_Msd_Results,Middlebury,"Koenigsberger, Stephan",Prelim,57.28,57.28
2014,100_Breaststroke,Breaststroke,Men,100,2014_Nescac_Msd_Results,Trinity,"Ma, Max",Prelim,59.52,59.52
2014,100_Breaststroke,Breaststroke,Men,100,2014_Nescac_Msd_Results,Tufts,"Arbaugh, Jon",Prelim,59.32,59.32
2014,100_Breaststroke,Breaststroke,Men,100,2014_Nescac_Msd_Results,Wesleyan,"Hepner, Billy",Prelim,59.24,59.24
2014,100_Breaststroke,Breaststroke,Men,100,2014_Nescac_Msd_Results,Williams,"Tamposi, Jake",Final,55.98,55.98M
2014,100_Butterfly,Butterfly,Men,100,2014_Nescac_Msd_Results,Amherst,"Bulakul, Tyler",Prelim,49.37,49.37
2014,100_Butterfly,Butterfly,Men,100,2014_Nescac_Msd_Results,Bates,"Gagne', Matthew",Final,49.41,49.41B
2014,100_Butterfly,Butterfly,Men,100,2014_Nescac_Msd_Results,Bowdoin,"House, Logan",Prelim,50.29,50.29
2014,100_Butterfly,Butterfly,Men,100,2014_Nescac_Msd_Results,Colby,"Lewtan, Tyler",Prelim,52.65,52.65
2014,100_Butterfly,Butterfly,Men,100,2014_Nescac_Msd_Results,Connecticut College,"Gill, Sam",Final,48.75,48.75P
2014,100_Butterfly,Butterfly,Men,100,2014_Nescac_Msd_Results,Hamilton,"Thomas, Callum",Prelim,53.96,53.96
2014,100_Butterfly,Butterfly,Men,100,2014_Nescac_Msd_Results,Middlebury,"MacKay, Ian",Prelim,48.87,48.87
2014,100_Butterfly,Butterfly,Men,100,2014_Nescac_Msd_Results,Trinity,"Xing, Daming",Final,51.88,51.88
2014,100_Butterfly,Butterfly,Men,100,2014_Nescac_Msd_Results,Tufts,"Metcalfe, William",Prelim,49.49,49.49
2014,100_Butterfly,Butterfly,Men,100,2014_Nescac_Msd_Results,Wesleyan,"Yan, Erik",Final,51.43,51.43
2014,100_Butterfly,Butterfly,Men,100,2014_Nescac_Msd_Results,Williams,"Ricotta, Thad",Final,49.44,49.44B
2014,100_Freestyle,Freestyle,Men,100,2014_Nescac_Msd_Results,Amherst,"Sholtis, Connor",Prelim,44.84,44.84
2014,100_Freestyle,Freestyle,Men,100,2014_Nescac_Msd_Results,Bates,"Dina, Jack",Final,47.22,47.22
2014,100_Freestyle,Freestyle,Men,100,2014_Nescac_Msd_Results,Bowdoin,"House, Logan",Final,47.14,47.14
2014,100_Freestyle,Freestyle,Men,100,2014_Nescac_Msd_Results,Colby,"Galea, Vince",Final,46.45,46.45
2014,100_Freestyle,Freestyle,Men,100,2014_Nescac_Msd_Results,Connecticut College,"Gill, Sam",Prelim,44.82,44.82
2014,100_Freestyle,Freestyle,Men,100,2014_Nescac_Msd_Results,Hamilton,"Collins, Conor",Prelim,47.58,47.58
2014,100_Freestyle,Freestyle,Men,100,2014_Nescac_Msd_Results,Middlebury,"Lagasse, Paul",Prelim,47.25,47.25
2014,100_Freestyle,Freestyle,Men,100,2014_Nescac_Msd_Results,Trinity,"Long, Evan",Prelim,47.93,47.93
2014,100_Freestyle,Freestyle,Men,100,2014_Nescac_Msd_Results,Tufts,"Berman, Drew",Prelim,46.53,46.53
2014,100_Freestyle,Freestyle,Men,100,2014_Nescac_Msd_Results,Wesleyan,"Brown, Stefan",Prelim,48.84,48.84
2014,100_Freestyle,Freestyle,Men,100,2014_Nescac_Msd_Results,Williams,"Johnson, Grant",Prelim,46.6,46.60
2014,200_Backstroke,Backstroke,Men,200,2014_Nescac_Msd_Results,Amherst,"Heise, Matthew",Prelim,108.87,1:48.87
2014,200_Backstroke,Backstroke,Men,200,2014_Nescac_Msd_Results,Bates,"Sommer, Ben",Prelim,119.97,1:59.97
2014,200_Backstroke,Backstroke,Men,200,2014_Nescac_Msd_Results,Bowdoin,"Kulesza, Ryan",Prelim,113.49000000000001,1:53.49
2014,200_Backstroke,Backstroke,Men,200,2014_Nescac_Msd_Results,Colby,"Peterson, Andy",Prelim,118.39,1:58.39
2014,200_Backstroke,Backstroke,Men,200,2014_Nescac_Msd_Results,Connecticut College,"Bowen, Loring",Final,108.66,1:48.66B
2014,200_Backstroke,Backstroke,Men,200,2014_Nescac_Msd_Results,Hamilton,"Swartz, Reid",Prelim,114.78,1:54.78
2014,200_Backstroke,Backstroke,Men,200,2014_Nescac_Msd_Results,Middlebury,"Fisher, Jacob",Prelim,116.22,1:56.22
2014,200_Backstroke,Backstroke,Men,200,2014_Nescac_Msd_Results,Trinity,"Gibney, Carl",Prelim,120.83,2:00.83
2014,200_Backstroke,Backstroke,Men,200,2014_Nescac_Msd_Results,Tufts,"Winget, Michael",Prelim,109.53,1:49.53
2014,200_Backstroke,Backstroke,Men,200,2014_Nescac_Msd_Results,Wesleyan,"Courville, Nathan",Final,116.96000000000001,1:56.96
2014,200_Backstroke,Backstroke,Men,200,2014_Nescac_Msd_Results,Williams,"Lin, Benjamin",Prelim,107.25,1:47.25
2014,200_Breaststroke,Breaststroke,Men,200,2014_Nescac_Msd_Results,Amherst,"Han, Gregory",Final,123.85,2:03.85B
2014,200_Breaststroke,Breaststroke,Men,200,2014_Nescac_Msd_Results,Bates,"Thunem, Ned",Prelim,128.7,2:08.70
2014,200_Breaststroke,Breaststroke,Men,200,2014_Nescac_Msd_Results,Bowdoin,"Chansakul,",Final,128.77,2:08.77
2014,200_Breaststroke,Breaststroke,Men,200,2014_Nescac_Msd_Results,Colby,"Wennberg, Paul",Prelim,132.26,2:12.26
2014,200_Breaststroke,Breaststroke,Men,200,2014_Nescac_Msd_Results,Connecticut College,"Czelewicz, Kirk",Final,124.72,2:04.72B
2014,200_Breaststroke,Breaststroke,Men,200,2014_Nescac_Msd_Results,Hamilton,"Elwyn, Chandler",Prelim,139.14,2:19.14
2014,200_Breaststroke,Breaststroke,Men,200,2014_Nescac_Msd_Results,Middlebury,"Koenigsberger, Stephan",Prelim,124.09,2:04.09
2014,200_Breaststroke,Breaststroke,Men,200,2014_Nescac_Msd_Results,Trinity,"Ma, Max",Prelim,128.58,2:08.58
2014,200_Breaststroke,Breaststroke,Men,200,2014_Nescac_Msd_Results,Tufts,"Arbaugh, Jon",Prelim,129.77,2:09.77
2014,200_Breaststroke,Breaststroke,Men,200,2014_Nescac_Msd_Results,Wesleyan,"Hepner, Billy",Final,129.34,2:09.34
2014,200_Breaststroke,Breaststroke,Men,200,2014_Nescac_Msd_Results,Williams,"Lattimer, Timothy",Final,121.73,2:01.73B
2014,200_Butterfly,Butterfly,Men,200,2014_Nescac_Msd_Results,Amherst,"Bulakul, Tyler",Final,109.19,1:49.19B
2014,200_Butterfly,Butterfly,Men,200,2014_Nescac_Msd_Results,Bates,"Duvvuri, Venkatesh",Final,115.25,1:55.25
2014,200_Butterfly,Butterfly,Men,200,2014_Nescac_Msd_Results,Bowdoin,"Granata, Chris",Prelim,112.45,1:52.45
2014,200_Butterfly,Butterfly,Men,200,2014_Nescac_Msd_Results,Colby,"Lewtan, Tyler",Prelim,120.5,2:00.50
2014,200_Butterfly,Butterfly,Men,200,2014_Nescac_Msd_Results,Connecticut College,"Skaperdas, Stephen",Prelim,113.03,1:53.03
2014,200_Butterfly,Butterfly,Men,200,2014_Nescac_Msd_Results,Hamilton,"Jones, Alex",Prelim,118.52000000000001,1:58.52
2014,200_Butterfly,Butterfly,Men,200,2014_Nescac_Msd_Results,Middlebury,"Gerard, Paul",Prelim,118.03999999999999,1:58.04
2014,200_Butterfly,Butterfly,Men,200,2014_Nescac_Msd_Results,Trinity,"Celestin, Nick",Prelim,114.14,1:54.14
2014,200_Butterfly,Butterfly,Men,200,2014_Nescac_Msd_Results,Tufts,"Metcalfe, William",Final,111.21000000000001,1:51.21B
2014,200_Butterfly,Butterfly,Men,200,2014_Nescac_Msd_Results,Wesleyan,"Gaston, James",Prelim,113.85,1:53.85
2014,200_Butterfly,Butterfly,Men,200,2014_Nescac_Msd_Results,Williams,"Ricotta, Thad",Final,108.57,1:48.57P
2014,200_Freestyle,Freestyle,Men,200,2014_Nescac_Msd_Results,Amherst,"Sholtis, Connor",Final,99.1,1:39.10B
2014,200_Freestyle,Freestyle,Men,200,2014_Nescac_Msd_Results,Bates,"Dina, Jack",Final,104.24000000000001,1:44.24
2014,200_Freestyle,Freestyle,Men,200,2014_Nescac_Msd_Results,Bowdoin,"Koziol, Greg",Prelim,104.41,1:44.41
2014,200_Freestyle,Freestyle,Men,200,2014_Nescac_Msd_Results,Colby,"Galea, Vince",Prelim,104.25999999999999,1:44.26
2014,200_Freestyle,Freestyle,Men,200,2014_Nescac_Msd_Results,Connecticut College,"Andre, Drew",Final,100.44,1:40.44B
2014,200_Freestyle,Freestyle,Men,200,2014_Nescac_Msd_Results,Hamilton,"Collins, Conor",Final,103.55,1:43.55
2014,200_Freestyle,Freestyle,Men,200,2014_Nescac_Msd_Results,Middlebury,"Lagasse, Paul",Prelim,104.84,1:44.84
2014,200_Freestyle,Freestyle,Men,200,2014_Nescac_Msd_Results,Trinity,"Cuoco, Mike",Prelim,125.21,2:05.21
2014,200_Freestyle,Freestyle,Men,200,2014_Nescac_Msd_Results,Tufts,"Simko, Cam",Final,101.86,1:41.86
2014,200_Freestyle,Freestyle,Men,200,2014_Nescac_Msd_Results,Wesleyan,"Gaston, James",Final,103.97999999999999,1:43.98
2014,200_Freestyle,Freestyle,Men,200,2014_Nescac_Msd_Results,Williams,"Johnson, Grant",Final,100.55,1:40.55B
2014,200_IM,IM,Men,200,2014_Nescac_Msd_Results,Amherst,"Han, Gregory",Prelim,112.06,1:52.06
2014,200_IM,IM,Men,200,2014_Nescac_Msd_Results,Bates,"Lis, Chase",Prelim,119.92,1:59.92
2014,200_IM,IM,Men,200,2014_Nescac_Msd_Results,Bowdoin,"Kulesza, Ryan",Prelim,112.97999999999999,1:52.98
2014,200_IM,IM,Men,200,2014_Nescac_Msd_Results,Colby,"McLaughlin, Colin",Final,118.68,1:58.68
2014,200_IM,IM,Men,200,2014_Nescac_Msd_Results,Connecticut College,"Lawton, Trebor",Prelim,114.19,1:54.19
2014,200_IM,IM,Men,200,2014_Nescac_Msd_Results,Hamilton,"Weinzierl, Michael",Prelim,118.83,1:58.83
2014,200_IM,IM,Men,200,2014_Nescac_Msd_Results,Middlebury,"Keenan, Nick",Prelim,117.02000000000001,1:57.02
2014,200_IM,IM,Men,200,2014_Nescac_Msd_Results,Trinity,"Xing, Daming",Final,116.44,1:56.44
2014,200_IM,IM,Men,200,2014_Nescac_Msd_Results,Tufts,"Metcalfe, William",Final,111.53,1:51.53B
2014,200_IM,IM,Men,200,2014_Nescac_Msd_Results,Wesleyan,"Hepner, Billy",Prelim,116.47999999999999,1:56.48
2014,200_IM,IM,Men,200,2014_Nescac_Msd_Results,Williams,"Boley, Nathaniel",Final,110.24000000000001,1:50.24B
2014,400_IM,IM,Men,400,2014_Nescac_Msd_Results,Amherst,"Anderson, Jeff",Final,239.99,3:59.99B
2014,400_IM,IM,Men,400,2014_Nescac_Msd_Results,Bates,"Lis, Chase",Prelim,256.29,4:16.29
2014,400_IM,IM,Men,400,2014_Nescac_Msd_Results,Bowdoin,"Kulesza, Ryan",Final,243.38,4:03.38B
2014,400_IM,IM,Men,400,2014_Nescac_Msd_Results,Colby,"Madeira, John",Prelim,255.16,4:15.16
2014,400_IM,IM,Men,400,2014_Nescac_Msd_Results,Connecticut College,"Fischer, Evan",Final,249.12,4:09.12
2014,400_IM,IM,Men,400,2014_Nescac_Msd_Results,Middlebury,"Keenan, Nick",Final,254.35,4:14.35
2014,400_IM,IM,Men,400,2014_Nescac_Msd_Results,Trinity,"Knight, Lucas",Prelim,252.07,4:12.07
2014,400_IM,IM,Men,400,2014_Nescac_Msd_Results,Tufts,"Guadagno, Luca",Final,245.48,4:05.48B
2014,400_IM,IM,Men,400,2014_Nescac_Msd_Results,Wesleyan,"Daus-Haberle, Spencer",Final,251.99,4:11.99
2014,400_IM,IM,Men,400,2014_Nescac_Msd_Results,Williams,"Lattimer, Timothy",Final,237.81,3:57.81B
2014,500_Freestyle,Freestyle,Men,500,2014_Nescac_Msd_Results,Amherst,"Moody, Parker",Final,271.41,4:31.41B
2014,500_Freestyle,Freestyle,Men,500,2014_Nescac_Msd_Results,Bates,"Phillips, Matthew",Prelim,285.4,4:45.40
2014,500_Freestyle,Freestyle,Men,500,2014_Nescac_Msd_Results,Bowdoin,"Long, Tim",Prelim,278.77,4:38.77
2014,500_Freestyle,Freestyle,Men,500,2014_Nescac_Msd_Results,Colby,"Peterson, Andy",Prelim,280.67,4:40.67
2014,500_Freestyle,Freestyle,Men,500,2014_Nescac_Msd_Results,Connecticut College,"Molina, Mace",Prelim,275.22,4:35.22
2014,500_Freestyle,Freestyle,Men,500,2014_Nescac_Msd_Results,Hamilton,"McBratney, John",Prelim,280.82,4:40.82
2014,500_Freestyle,Freestyle,Men,500,2014_Nescac_Msd_Results,Middlebury,"Avidan, Lucas",Prelim,283.53,4:43.53
2014,500_Freestyle,Freestyle,Men,500,2014_Nescac_Msd_Results,Trinity,"Greer, Sean",Prelim,293.68,4:53.68
2014,500_Freestyle,Freestyle,Men,500,2014_Nescac_Msd_Results,Tufts,"Simko, Cam",Final,276.12,4:36.12B
2014,500_Freestyle,Freestyle,Men,500,2014_Nescac_Msd_Results,Wesleyan,"Gaston, James",Prelim,291.82,4:51.82
2014,500_Freestyle,Freestyle,Men,500,2014_Nescac_Msd_Results,Williams,"Ricotta, Thad",Final,268.46,4:28.46B
2014,50_Backstroke,Backstroke,Men,50,2014_Nescac_Msd_Results,Amherst,"Heise, Matthew",Prelim,23.39,23.39
2014,50_Backstroke,Backstroke,Men,50,2014_Nescac_Msd_Results,Bates,"Sommer, Ben",Final,24.44,24.44
2014,50_Backstroke,Backstroke,Men,50,2014_Nescac_Msd_Results,Bowdoin,"Warren, Chris",Prelim,24.91,24.91
2014,50_Backstroke,Backstroke,Men,50,2014_Nescac_Msd_Results,Colby,"Tschaen, Brendan",Prelim,26.3,26.30
2014,50_Backstroke,Backstroke,Men,50,2014_Nescac_Msd_Results,Connecticut College,"Fothergill, Michael",Prelim,23.07,23.07
2014,50_Backstroke,Backstroke,Men,50,2014_Nescac_Msd_Results,Hamilton,"Swartz, Reid",Final,23.29,23.29
2014,50_Backstroke,Backstroke,Men,50,2014_Nescac_Msd_Results,Middlebury,"Fisher, Jacob",Final,25.38,25.38
2014,50_Backstroke,Backstroke,Men,50,2014_Nescac_Msd_Results,Trinity,"Celestin, Nick",Final,23.66,23.66
2014,50_Backstroke,Backstroke,Men,50,2014_Nescac_Msd_Results,Tufts,"Winget, Michael",Prelim,23.52,23.52
2014,50_Backstroke,Backstroke,Men,50,2014_Nescac_Msd_Results,Wesleyan,"Kiris, Eren",Prelim,25.23,25.23
2014,50_Backstroke,Backstroke,Men,50,2014_Nescac_Msd_Results,Williams,"Lin, Benjamin",Final,22.7,22.70
2014,50_Breaststroke,Breaststroke,Men,50,2014_Nescac_Msd_Results,Amherst,"Zhang, Tom",Final,26.21,26.21
2014,50_Breaststroke,Breaststroke,Men,50,2014_Nescac_Msd_Results,Bates,"Briggs, Andrew",Final,26.01,26.01
2014,50_Breaststroke,Breaststroke,Men,50,2014_Nescac_Msd_Results,Bowdoin,"Lagasse, John",Final,26.63,26.63
2014,50_Breaststroke,Breaststroke,Men,50,2014_Nescac_Msd_Results,Colby,"Wennberg, Paul",Prelim,27.6,27.60
2014,50_Breaststroke,Breaststroke,Men,50,2014_Nescac_Msd_Results,Connecticut College,"Czelewicz, Kirk",Final,26.18,26.18
2014,50_Breaststroke,Breaststroke,Men,50,2014_Nescac_Msd_Results,Hamilton,"Jones, Alex",Final,27.02,27.02
2014,50_Breaststroke,Breaststroke,Men,50,2014_Nescac_Msd_Results,Middlebury,"Koenigsberger, Stephan",Prelim,25.59,25.59
2014,50_Breaststroke,Breaststroke,Men,50,2014_Nescac_Msd_Results,Trinity,"Ma, Max",Prelim,27.73,27.73
2014,50_Breaststroke,Breaststroke,Men,50,2014_Nescac_Msd_Results,Tufts,"Berman, Drew",Prelim,27.14,27.14
2014,50_Breaststroke,Breaststroke,Men,50,2014_Nescac_Msd_Results,Wesleyan,"Bazile, Jacques",Prelim,26.71,26.71
2014,50_Breaststroke,Breaststroke,Men,50,2014_Nescac_Msd_Results,Williams,"Tamposi, Jake",Final,25.59,25.59P
2014,50_Butterfly,Butterfly,Men,50,2014_Nescac_Msd_Results,Amherst,"Bulakul, Tyler",Final,22.87,22.87
2014,50_Butterfly,Butterfly,Men,50,2014_Nescac_Msd_Results,Bates,"Gagne', Matthew",Final,22.54,22.54
2014,50_Butterfly,Butterfly,Men,50,2014_Nescac_Msd_Results,Bowdoin,"House, Logan",Final,22.72,22.72
2014,50_Butterfly,Butterfly,Men,50,2014_Nescac_Msd_Results,Colby,"Lewtan, Tyler",Prelim,23.31,23.31
2014,50_Butterfly,Butterfly,Men,50,2014_Nescac_Msd_Results,Connecticut College,"Bowen, Loring",Prelim,22.21,22.21
2014,50_Butterfly,Butterfly,Men,50,2014_Nescac_Msd_Results,Hamilton,"Thomas, Callum",Prelim,24.94,24.94
2014,50_Butterfly,Butterfly,Men,50,2014_Nescac_Msd_Results,Middlebury,"MacKay, Ian",Prelim,21.89,21.89
2014,50_Butterfly,Butterfly,Men,50,2014_Nescac_Msd_Results,Trinity,"Xing, Daming",Final,23.61,23.61
2014,50_Butterfly,Butterfly,Men,50,2014_Nescac_Msd_Results,Tufts,"Douglas, Eric",Prelim,23.15,23.15
2014,50_Butterfly,Butterfly,Men,50,2014_Nescac_Msd_Results,Wesleyan,"Yan, Erik",Final,23.49,23.49
2014,50_Butterfly,Butterfly,Men,50,2014_Nescac_Msd_Results,Williams,"Hammond, John",Prelim,23.32,23.32
2014,50_Freestyle,Freestyle,Men,50,2014_Nescac_Msd_Results,Amherst,"Sholtis, Connor",Prelim,21.1,21.10
2014,50_Freestyle,Freestyle,Men,50,2014_Nescac_Msd_Results,Bates,"Saberski, Erik",Final,21.59,21.59
2014,50_Freestyle,Freestyle,Men,50,2014_Nescac_Msd_Results,Bowdoin,"Shi, William",Prelim,21.17,21.17
2014,50_Freestyle,Freestyle,Men,50,2014_Nescac_Msd_Results,Colby,"Galea, Vince",Prelim,21.44,21.44
2014,50_Freestyle,Freestyle,Men,50,2014_Nescac_Msd_Results,Connecticut College,"Andre, Drew",Prelim,20.89,20.89
2014,50_Freestyle,Freestyle,Men,50,2014_Nescac_Msd_Results,Hamilton,"Trombetta, Jeremy",Prelim,22.4,22.40
2014,50_Freestyle,Freestyle,Men,50,2014_Nescac_Msd_Results,Middlebury,"MacKay, Ian",Prelim,20.53,20.53
2014,50_Freestyle,Freestyle,Men,50,2014_Nescac_Msd_Results,Trinity,"Long, Evan",Prelim,22.17,22.17
2014,50_Freestyle,Freestyle,Men,50,2014_Nescac_Msd_Results,Tufts,"Berman, Drew",Prelim,21.38,21.38
2014,50_Freestyle,Freestyle,Men,50,2014_Nescac_Msd_Results,Wesleyan,"Ho, Wesley",Prelim,22.24,22.24
2014,50_Freestyle,Freestyle,Men,50,2014_Nescac_Msd_Results,Williams,"Johnson, Grant",Final,21.23,21.23
2015,100_Backstroke,Backstroke,Men,100,2015_Nescac_Msd_Results,Amherst,"Heise, Matthew",Prelim,50.8,50.80
2015,100_Backstroke,Backstroke,Men,100,2015_Nescac_Msd_Results,Bates,"Ewing, Riley",Prelim,50.23,50.23
2015,100_Backstroke,Backstroke,Men,100,2015_Nescac_Msd_Results,Bowdoin,"Warren, Chris",Final,52.86,52.86
2015,100_Backstroke,Backstroke,Men,100,2015_Nescac_Msd_Results,Connecticut College,"Fothergill, Michael",Prelim,49.74,49.74
2015,100_Backstroke,Backstroke,Men,100,2015_Nescac_Msd_Results,Hamilton,"Swartz, Reid",Prelim,50.56,50.56
2015,100_Backstroke,Backstroke,Men,100,2015_Nescac_Msd_Results,Middlebury,"Smith, Alex",Prelim,52.16,52.16
2015,100_Backstroke,Backstroke,Men,100,2015_Nescac_Msd_Results,Tufts,"Winget, Michael",Final,50.04,50.04
2015,100_Backstroke,Backstroke,Men,100,2015_Nescac_Msd_Results,Wesleyan,"Tang, Spencer",Final,52.42,52.42
2015,100_Backstroke,Backstroke,Men,100,2015_Nescac_Msd_Results,Williams,"Lin, Benjamin",Final,48.5,48.50M
2015,100_Breaststroke,Breaststroke,Men,100,2015_Nescac_Msd_Results,Amherst,"Spiro, Elijah",Final,56.72,56.72
2015,100_Breaststroke,Breaststroke,Men,100,2015_Nescac_Msd_Results,Bates,"Briggs, Andrew",Prelim,56.81,56.81
2015,100_Breaststroke,Breaststroke,Men,100,2015_Nescac_Msd_Results,Bowdoin,"Netto, Mike",Prelim,56.97,56.97
2015,100_Breaststroke,Breaststroke,Men,100,2015_Nescac_Msd_Results,Colby,"Wennberg, Paul",Prelim,59.69,59.69
2015,100_Breaststroke,Breaststroke,Men,100,2015_Nescac_Msd_Results,Connecticut College,"Czelewicz, Kirk",Final,56.07,56.07
2015,100_Breaststroke,Breaststroke,Men,100,2015_Nescac_Msd_Results,Hamilton,"Jones, Alex",Prelim,59.7,59.70
2015,100_Breaststroke,Breaststroke,Men,100,2015_Nescac_Msd_Results,Middlebury,"Koenigsberger, Stephan",Prelim,55.36,55.36
2015,100_Breaststroke,Breaststroke,Men,100,2015_Nescac_Msd_Results,Trinity,"McConnell, Trip",Prelim,61.95,1:01.95
2015,100_Breaststroke,Breaststroke,Men,100,2015_Nescac_Msd_Results,Tufts,"Ciliv, Morgan",Final,57.57,57.57
2015,100_Breaststroke,Breaststroke,Men,100,2015_Nescac_Msd_Results,Wesleyan,"Hepner, Billy",Prelim,58.0,58.00
2015,100_Breaststroke,Breaststroke,Men,100,2015_Nescac_Msd_Results,Williams,"Tamposi, Jake",Prelim,55.17,55.17
2015,100_Butterfly,Butterfly,Men,100,2015_Nescac_Msd_Results,Amherst,"Spurrell, Sam",Prelim,49.73,49.73
2015,100_Butterfly,Butterfly,Men,100,2015_Nescac_Msd_Results,Bates,"Gagne, Matthew",Prelim,49.12,49.12
2015,100_Butterfly,Butterfly,Men,100,2015_Nescac_Msd_Results,Bowdoin,"House, Logan",Prelim,51.3,51.30
2015,100_Butterfly,Butterfly,Men,100,2015_Nescac_Msd_Results,Colby,"Lewtan, Tyler",Prelim,52.45,52.45
2015,100_Butterfly,Butterfly,Men,100,2015_Nescac_Msd_Results,Connecticut College,"Bowen, Loring",Prelim,49.35,49.35
2015,100_Butterfly,Butterfly,Men,100,2015_Nescac_Msd_Results,Hamilton,"Cooper, Benjamin",Final,53.98,53.98
2015,100_Butterfly,Butterfly,Men,100,2015_Nescac_Msd_Results,Middlebury,"Smith, Alex",Prelim,51.51,51.51
2015,100_Butterfly,Butterfly,Men,100,2015_Nescac_Msd_Results,Trinity,"Kurose, Alex",Prelim,56.09,56.09
2015,100_Butterfly,Butterfly,Men,100,2015_Nescac_Msd_Results,Tufts,"Metcalfe, William",Final,50.43,50.43
2015,100_Butterfly,Butterfly,Men,100,2015_Nescac_Msd_Results,Wesleyan,"Yan, Erik",Final,51.44,51.44
2015,100_Butterfly,Butterfly,Men,100,2015_Nescac_Msd_Results,Williams,"Ricotta, Thad",Prelim,48.95,48.95
2015,100_Freestyle,Freestyle,Men,100,2015_Nescac_Msd_Results,Amherst,"Sholtis, Connor",Prelim,44.45,44.45
2015,100_Freestyle,Freestyle,Men,100,2015_Nescac_Msd_Results,Bates,"Sommer, Ben",Final,46.65,46.65
2015,100_Freestyle,Freestyle,Men,100,2015_Nescac_Msd_Results,Bowdoin,"House, Logan",Prelim,46.67,46.67
2015,100_Freestyle,Freestyle,Men,100,2015_Nescac_Msd_Results,Colby,"Galea, Vince",Final,45.46,45.46
2015,100_Freestyle,Freestyle,Men,100,2015_Nescac_Msd_Results,Connecticut College,"Henry, Emil",Final,47.15,47.15
2015,100_Freestyle,Freestyle,Men,100,2015_Nescac_Msd_Results,Hamilton,"McBratney, John",Prelim,47.77,47.77
2015,100_Freestyle,Freestyle,Men,100,2015_Nescac_Msd_Results,Middlebury,"Lagasse, Paul",Final,47.02,47.02
2015,100_Freestyle,Freestyle,Men,100,2015_Nescac_Msd_Results,Trinity,"Mitchell-Adams, Hunter",Prelim,50.37,50.37
2015,100_Freestyle,Freestyle,Men,100,2015_Nescac_Msd_Results,Tufts,"Simko, Cam",Prelim,47.01,47.01
2015,100_Freestyle,Freestyle,Men,100,2015_Nescac_Msd_Results,Wesleyan,"Webster, Robert",Prelim,49.71,49.71
2015,100_Freestyle,Freestyle,Men,100,2015_Nescac_Msd_Results,Williams,"Hammond, John",Prelim,46.1,46.10
2015,200_Backstroke,Backstroke,Men,200,2015_Nescac_Msd_Results,Amherst,"Rochford, Michael",Final,109.47,1:49.47
2015,200_Backstroke,Backstroke,Men,200,2015_Nescac_Msd_Results,Bates,"Ewing, Riley",Final,110.77000000000001,1:50.77
2015,200_Backstroke,Backstroke,Men,200,2015_Nescac_Msd_Results,Bowdoin,"Kulesza, Ryan",Prelim,112.97999999999999,1:52.98
2015,200_Backstroke,Backstroke,Men,200,2015_Nescac_Msd_Results,Connecticut College,"Bowen, Loring",Final,108.3,1:48.30
2015,200_Backstroke,Backstroke,Men,200,2015_Nescac_Msd_Results,Hamilton,"Swartz, Reid",Prelim,110.47999999999999,1:50.48
2015,200_Backstroke,Backstroke,Men,200,2015_Nescac_Msd_Results,Middlebury,"Smith, Alex",Prelim,113.4,1:53.40
2015,200_Backstroke,Backstroke,Men,200,2015_Nescac_Msd_Results,Trinity,"Curtin, Doug",Prelim,117.72999999999999,1:57.73
2015,200_Backstroke,Backstroke,Men,200,2015_Nescac_Msd_Results,Tufts,"Winget, Michael",Prelim,108.37,1:48.37
2015,200_Backstroke,Backstroke,Men,200,2015_Nescac_Msd_Results,Wesleyan,"Tang, Spencer",Final,114.7,1:54.70
2015,200_Backstroke,Backstroke,Men,200,2015_Nescac_Msd_Results,Williams,"Lin, Benjamin",Final,106.69,1:46.69M
2015,200_Breaststroke,Breaststroke,Men,200,2015_Nescac_Msd_Results,Amherst,"Han, Gregory",Prelim,123.92,2:03.92
2015,200_Breaststroke,Breaststroke,Men,200,2015_Nescac_Msd_Results,Bates,"Thunem, Ned",Final,128.56,2:08.56
2015,200_Breaststroke,Breaststroke,Men,200,2015_Nescac_Msd_Results,Bowdoin,"Netto, Mike",Prelim,125.59,2:05.59
2015,200_Breaststroke,Breaststroke,Men,200,2015_Nescac_Msd_Results,Colby,"Wennberg, Paul",Final,129.46,2:09.46
2015,200_Breaststroke,Breaststroke,Men,200,2015_Nescac_Msd_Results,Connecticut College,"Czelewicz, Kirk",Final,123.94,2:03.94
2015,200_Breaststroke,Breaststroke,Men,200,2015_Nescac_Msd_Results,Hamilton,"Miller, Tripp",Final,127.88,2:07.88
2015,200_Breaststroke,Breaststroke,Men,200,2015_Nescac_Msd_Results,Middlebury,"Koenigsberger, Stephan",Final,122.43,2:02.43
2015,200_Breaststroke,Breaststroke,Men,200,2015_Nescac_Msd_Results,Tufts,"Ciliv, Morgan",Prelim,124.63,2:04.63
2015,200_Breaststroke,Breaststroke,Men,200,2015_Nescac_Msd_Results,Wesleyan,"Hepner, Billy",Prelim,131.33,2:11.33
2015,200_Breaststroke,Breaststroke,Men,200,2015_Nescac_Msd_Results,Williams,"Lattimer, Timothy",Final,120.71,2:00.71P
2015,200_Butterfly,Butterfly,Men,200,2015_Nescac_Msd_Results,Amherst,"Anderson, Jeff",Final,109.22,1:49.22
2015,200_Butterfly,Butterfly,Men,200,2015_Nescac_Msd_Results,Bates,"Gagne, Matthew",Prelim,111.11,1:51.11
2015,200_Butterfly,Butterfly,Men,200,2015_Nescac_Msd_Results,Bowdoin,"Deardorff, Peter",Prelim,116.07,1:56.07
2015,200_Butterfly,Butterfly,Men,200,2015_Nescac_Msd_Results,Colby,"Lewtan, Tyler",Prelim,120.4,2:00.40
2015,200_Butterfly,Butterfly,Men,200,2015_Nescac_Msd_Results,Connecticut College,"Skaperdas, Stephen",Prelim,111.52000000000001,1:51.52
2015,200_Butterfly,Butterfly,Men,200,2015_Nescac_Msd_Results,Hamilton,"Jones, Alex",Final,117.68,1:57.68
2015,200_Butterfly,Butterfly,Men,200,2015_Nescac_Msd_Results,Middlebury,"Kuo, Theodore",Prelim,117.9,1:57.90
2015,200_Butterfly,Butterfly,Men,200,2015_Nescac_Msd_Results,Tufts,"Debenedetto, Anthony",Final,110.97999999999999,1:50.98
2015,200_Butterfly,Butterfly,Men,200,2015_Nescac_Msd_Results,Wesleyan,"Pourmaleki, Ali",Final,112.16,1:52.16
2015,200_Butterfly,Butterfly,Men,200,2015_Nescac_Msd_Results,Williams,"Ricotta, Thad",Final,106.53,1:46.53M
2015,200_Freestyle,Freestyle,Men,200,2015_Nescac_Msd_Results,Amherst,"Sholtis, Connor",Final,100.50999999999999,1:40.51
2015,200_Freestyle,Freestyle,Men,200,2015_Nescac_Msd_Results,Bates,"Pender, Theodore",Final,102.45,1:42.45
2015,200_Freestyle,Freestyle,Men,200,2015_Nescac_Msd_Results,Bowdoin,"Given, Michael",Prelim,106.09,1:46.09
2015,200_Freestyle,Freestyle,Men,200,2015_Nescac_Msd_Results,Colby,"Galea, Vince",Prelim,101.21000000000001,1:41.21
2015,200_Freestyle,Freestyle,Men,200,2015_Nescac_Msd_Results,Connecticut College,"Edwards, Thomas",Prelim,104.06,1:44.06
2015,200_Freestyle,Freestyle,Men,200,2015_Nescac_Msd_Results,Hamilton,"McBratney, John",Final,103.3,1:43.30
2015,200_Freestyle,Freestyle,Men,200,2015_Nescac_Msd_Results,Middlebury,"Lagasse, Paul",Prelim,104.6,1:44.60
2015,200_Freestyle,Freestyle,Men,200,2015_Nescac_Msd_Results,Trinity,"Curtin, Doug",Prelim,106.44,1:46.44
2015,200_Freestyle,Freestyle,Men,200,2015_Nescac_Msd_Results,Tufts,"Simko, Cam",Final,101.96000000000001,1:41.96
2015,200_Freestyle,Freestyle,Men,200,2015_Nescac_Msd_Results,Wesleyan,"Webster, Robert",Prelim,110.12,1:50.12
2015,200_Freestyle,Freestyle,Men,200,2015_Nescac_Msd_Results,Williams,"Johnson, Grant",Final,100.65,1:40.65
2015,200_IM,IM,Men,200,2015_Nescac_Msd_Results,Amherst,"Anderson, Jeff",Final,111.5,1:51.50
2015,200_IM,IM,Men,200,2015_Nescac_Msd_Results,Bates,"Ewing, Riley",Final,114.33,1:54.33
2015,200_IM,IM,Men,200,2015_Nescac_Msd_Results,Bowdoin,"Kulesza, Ryan",Prelim,113.66,1:53.66
2015,200_IM,IM,Men,200,2015_Nescac_Msd_Results,Colby,"Jacobsen, Hugh",Prelim,117.59,1:57.59
2015,200_IM,IM,Men,200,2015_Nescac_Msd_Results,Connecticut College,"Tilneac, George",Final,113.44,1:53.44
2015,200_IM,IM,Men,200,2015_Nescac_Msd_Results,Hamilton,"Miller, Tripp",Final,115.53999999999999,1:55.54
2015,200_IM,IM,Men,200,2015_Nescac_Msd_Results,Middlebury,"Grant, Andy",Prelim,116.42,1:56.42
2015,200_IM,IM,Men,200,2015_Nescac_Msd_Results,Trinity,"Gibney, Carl",Prelim,119.31,1:59.31
2015,200_IM,IM,Men,200,2015_Nescac_Msd_Results,Tufts,"Guadagno, Luca",Final,113.83,1:53.83
2015,200_IM,IM,Men,200,2015_Nescac_Msd_Results,Wesleyan,"Ortegon, Karl",Prelim,126.96,2:06.96
2015,200_IM,IM,Men,200,2015_Nescac_Msd_Results,Williams,"Lattimer, Timothy",Final,109.92,1:49.92M
2015,400_IM,IM,Men,400,2015_Nescac_Msd_Results,Amherst,"Anderson, Jeff",Final,238.48,3:58.48
2015,400_IM,IM,Men,400,2015_Nescac_Msd_Results,Bates,"Daus-Haberle, Spencer",Prelim,251.38,4:11.38
2015,400_IM,IM,Men,400,2015_Nescac_Msd_Results,Bowdoin,"Kulesza, Ryan",Prelim,245.99,4:05.99
2015,400_IM,IM,Men,400,2015_Nescac_Msd_Results,Colby,"Wong, Kyle",Prelim,261.66,4:21.66
2015,400_IM,IM,Men,400,2015_Nescac_Msd_Results,Connecticut College,"Pite,",Final,242.01,4:02.01
2015,400_IM,IM,Men,400,2015_Nescac_Msd_Results,Middlebury,"Grant, Andy",Final,250.44,4:10.44
2015,400_IM,IM,Men,400,2015_Nescac_Msd_Results,Tufts,"Guadagno, Luca",Final,242.0,4:02.00
2015,400_IM,IM,Men,400,2015_Nescac_Msd_Results,Wesleyan,"Distler, Max",Final,260.34,4:20.34
2015,400_IM,IM,Men,400,2015_Nescac_Msd_Results,Williams,"Lattimer, Timothy",Prelim,234.22,3:54.22
2015,500_Freestyle,Freestyle,Men,500,2015_Nescac_Msd_Results,Amherst,"Haley, Connor",Final,274.40999999999997,4:34.41
2015,500_Freestyle,Freestyle,Men,500,2015_Nescac_Msd_Results,Bates,"Depew, Jonathan",Final,283.84000000000003,4:43.84
2015,500_Freestyle,Freestyle,Men,500,2015_Nescac_Msd_Results,Bowdoin,"Long, Tim",Prelim,286.32,4:46.32
2015,500_Freestyle,Freestyle,Men,500,2015_Nescac_Msd_Results,Colby,"Laser, Jacob",Prelim,293.48,4:53.48
2015,500_Freestyle,Freestyle,Men,500,2015_Nescac_Msd_Results,Connecticut College,"Skaperdas, Stephen",Final,275.03,4:35.03
2015,500_Freestyle,Freestyle,Men,500,2015_Nescac_Msd_Results,Hamilton,"Cassidy, Ryan",Prelim,280.97,4:40.97
2015,500_Freestyle,Freestyle,Men,500,2015_Nescac_Msd_Results,Middlebury,"McGean, Mike",Final,277.83,4:37.83
2015,500_Freestyle,Freestyle,Men,500,2015_Nescac_Msd_Results,Trinity,"Curtin, Doug",Prelim,289.57,4:49.57
2015,500_Freestyle,Freestyle,Men,500,2015_Nescac_Msd_Results,Tufts,"Simko, Cam",Prelim,273.15999999999997,4:33.16
2015,500_Freestyle,Freestyle,Men,500,2015_Nescac_Msd_Results,Wesleyan,"Patapis, Peter",Prelim,288.58,4:48.58
2015,500_Freestyle,Freestyle,Men,500,2015_Nescac_Msd_Results,Williams,"Ricotta, Thad",Final,265.93,4:25.93M
2015,50_Backstroke,Backstroke,Men,50,2015_Nescac_Msd_Results,Amherst,"Rochford, Michael",Final,23.48,23.48
2015,50_Backstroke,Backstroke,Men,50,2015_Nescac_Msd_Results,Bates,"Sommer, Ben",Final,23.74,23.74
2015,50_Backstroke,Backstroke,Men,50,2015_Nescac_Msd_Results,Bowdoin,"Warren, Chris",Prelim,24.46,24.46
2015,50_Backstroke,Backstroke,Men,50,2015_Nescac_Msd_Results,Colby,"Blackburn, John",Prelim,24.92,24.92
2015,50_Backstroke,Backstroke,Men,50,2015_Nescac_Msd_Results,Connecticut College,"Fothergill, Michael",Prelim,22.78,22.78
2015,50_Backstroke,Backstroke,Men,50,2015_Nescac_Msd_Results,Hamilton,"Swartz, Reid",Final,23.48,23.48
2015,50_Backstroke,Backstroke,Men,50,2015_Nescac_Msd_Results,Middlebury,"Antonisse, Noel",Final,24.7,24.70
2015,50_Backstroke,Backstroke,Men,50,2015_Nescac_Msd_Results,Tufts,"Winget, Michael",Prelim,23.07,23.07
2015,50_Backstroke,Backstroke,Men,50,2015_Nescac_Msd_Results,Wesleyan,"Tang, Spencer",Final,24.71,24.71
2015,50_Backstroke,Backstroke,Men,50,2015_Nescac_Msd_Results,Williams,"Lin, Benjamin",Prelim,22.37,22.37
2015,50_Breaststroke,Breaststroke,Men,50,2015_Nescac_Msd_Results,Amherst,"Spiro, Elijah",Final,25.69,25.69
2015,50_Breaststroke,Breaststroke,Men,50,2015_Nescac_Msd_Results,Bates,"Briggs, Andrew",Prelim,25.77,25.77
2015,50_Breaststroke,Breaststroke,Men,50,2015_Nescac_Msd_Results,Bowdoin,"Netto, Mike",Final,25.64,25.64
2015,50_Breaststroke,Breaststroke,Men,50,2015_Nescac_Msd_Results,Colby,"Wennberg, Paul",Prelim,27.13,27.13
2015,50_Breaststroke,Breaststroke,Men,50,2015_Nescac_Msd_Results,Connecticut College,"Czelewicz, Kirk",Final,25.8,25.80
2015,50_Breaststroke,Breaststroke,Men,50,2015_Nescac_Msd_Results,Hamilton,"Jones, Alex",Prelim,27.17,27.17
2015,50_Breaststroke,Breaststroke,Men,50,2015_Nescac_Msd_Results,Middlebury,"Koenigsberger, Stephan",Final,25.8,25.80
2015,50_Breaststroke,Breaststroke,Men,50,2015_Nescac_Msd_Results,Trinity,"McConnell, Trip",Prelim,28.18,28.18
2015,50_Breaststroke,Breaststroke,Men,50,2015_Nescac_Msd_Results,Tufts,"Ciliv, Morgan",Final,26.22,26.22
2015,50_Breaststroke,Breaststroke,Men,50,2015_Nescac_Msd_Results,Wesleyan,"Hepner, Billy",Prelim,26.16,26.16
2015,50_Breaststroke,Breaststroke,Men,50,2015_Nescac_Msd_Results,Williams,"Tamposi, Jake",Final,25.42,25.42C
2015,50_Butterfly,Butterfly,Men,50,2015_Nescac_Msd_Results,Amherst,"Hampton, Tyler",Prelim,22.55,22.55
2015,50_Butterfly,Butterfly,Men,50,2015_Nescac_Msd_Results,Bates,"Gagne, Matthew",Final,22.35,22.35
2015,50_Butterfly,Butterfly,Men,50,2015_Nescac_Msd_Results,Bowdoin,"House, Logan",Final,23.14,23.14
2015,50_Butterfly,Butterfly,Men,50,2015_Nescac_Msd_Results,Colby,"Lewtan, Tyler",Final,23.47,23.47
2015,50_Butterfly,Butterfly,Men,50,2015_Nescac_Msd_Results,Connecticut College,"Bowen, Loring",Prelim,22.25,22.25
2015,50_Butterfly,Butterfly,Men,50,2015_Nescac_Msd_Results,Hamilton,"Jeton, Luke",Prelim,24.31,24.31
2015,50_Butterfly,Butterfly,Men,50,2015_Nescac_Msd_Results,Middlebury,"Kuo, Theodore",Final,23.95,23.95
2015,50_Butterfly,Butterfly,Men,50,2015_Nescac_Msd_Results,Trinity,"Kurose, Alex",Prelim,24.98,24.98
2015,50_Butterfly,Butterfly,Men,50,2015_Nescac_Msd_Results,Tufts,"Napolitano, Mike",Final,23.59,23.59
2015,50_Butterfly,Butterfly,Men,50,2015_Nescac_Msd_Results,Wesleyan,"Yan, Erik",Final,23.08,23.08
2015,50_Butterfly,Butterfly,Men,50,2015_Nescac_Msd_Results,Williams,"Hammond, John",Prelim,23.26,23.26
2015,50_Freestyle,Freestyle,Men,50,2015_Nescac_Msd_Results,Amherst,"Sholtis, Connor",Final,20.63,20.63
2015,50_Freestyle,Freestyle,Men,50,2015_Nescac_Msd_Results,Bates,"Rines, Joshua",Prelim,21.16,21.16
2015,50_Freestyle,Freestyle,Men,50,2015_Nescac_Msd_Results,Bowdoin,"Shi, William",Prelim,21.19,21.19
2015,50_Freestyle,Freestyle,Men,50,2015_Nescac_Msd_Results,Colby,"Galea, Vince",Prelim,20.94,20.94
2015,50_Freestyle,Freestyle,Men,50,2015_Nescac_Msd_Results,Connecticut College,"Fothergill, Michael",Prelim,20.76,20.76
2015,50_Freestyle,Freestyle,Men,50,2015_Nescac_Msd_Results,Hamilton,"Becker, Scott",Prelim,22.33,22.33
2015,50_Freestyle,Freestyle,Men,50,2015_Nescac_Msd_Results,Middlebury,"Lagasse, Paul",Prelim,21.25,21.25
2015,50_Freestyle,Freestyle,Men,50,2015_Nescac_Msd_Results,Trinity,"Mitchell-Adams, Hunter",Prelim,22.9,22.90
2015,50_Freestyle,Freestyle,Men,50,2015_Nescac_Msd_Results,Tufts,"Skoufalos, Panos",Final,21.49,21.49
2015,50_Freestyle,Freestyle,Men,50,2015_Nescac_Msd_Results,Wesleyan,"Ho, Wesley",Prelim,22.01,22.01
2015,50_Freestyle,Freestyle,Men,50,2015_Nescac_Msd_Results,Williams,"McCarter, Alex",Final,20.74,20.74
2016,100_Backstroke,Backstroke,Men,100,2016_Nescac_Msd_Results,Amherst,"Kowalski, Rishi",Prelim,51.01,51.01
2016,100_Backstroke,Backstroke,Men,100,2016_Nescac_Msd_Results,Bates,"Ewing, Riley",Final,49.95,49.95
2016,100_Backstroke,Backstroke,Men,100,2016_Nescac_Msd_Results,Bowdoin,"Hutchinson, Will",Final,53.2,53.20
2016,100_Backstroke,Backstroke,Men,100,2016_Nescac_Msd_Results,Colby,"Blackburn, John",Prelim,54.42,54.42
2016,100_Backstroke,Backstroke,Men,100,2016_Nescac_Msd_Results,Connecticut College,"Fothergill, Michael",Final,49.63,49.63
2016,100_Backstroke,Backstroke,Men,100,2016_Nescac_Msd_Results,Hamilton,"Cooper, Benjamin",Final,53.95,53.95
2016,100_Backstroke,Backstroke,Men,100,2016_Nescac_Msd_Results,Middlebury,"Leech, Brendan",Prelim,52.75,52.75
2016,100_Backstroke,Backstroke,Men,100,2016_Nescac_Msd_Results,Trinity,"Celestin, Nick",Prelim,50.01,50.01
2016,100_Backstroke,Backstroke,Men,100,2016_Nescac_Msd_Results,Tufts,"Winget, Michael",Prelim,49.13,49.13
2016,100_Backstroke,Backstroke,Men,100,2016_Nescac_Msd_Results,Wesleyan,"Tang, Spencer",Prelim,54.79,54.79
2016,100_Backstroke,Backstroke,Men,100,2016_Nescac_Msd_Results,Williams,"Lin, Benjamin",Final,47.93,47.93
2016,100_Breaststroke,Breaststroke,Men,100,2016_Nescac_Msd_Results,Amherst,"Spiro, Elijah",Final,56.06,56.06
2016,100_Breaststroke,Breaststroke,Men,100,2016_Nescac_Msd_Results,Bates,"Walpole, Daniel",Final,57.31,57.31
2016,100_Breaststroke,Breaststroke,Men,100,2016_Nescac_Msd_Results,Bowdoin,"Netto, Mike",Final,56.49,56.49
2016,100_Breaststroke,Breaststroke,Men,100,2016_Nescac_Msd_Results,Colby,"Garfield, Carter",Prelim,59.33,59.33
2016,100_Breaststroke,Breaststroke,Men,100,2016_Nescac_Msd_Results,Connecticut College,"Sibley, Joel",Final,57.24,57.24
2016,100_Breaststroke,Breaststroke,Men,100,2016_Nescac_Msd_Results,Hamilton,"Bennett, Jesse",Prelim,60.25,1:00.25
2016,100_Breaststroke,Breaststroke,Men,100,2016_Nescac_Msd_Results,Middlebury,"Koenigsberger, Stephan",Prelim,56.03,56.03
2016,100_Breaststroke,Breaststroke,Men,100,2016_Nescac_Msd_Results,Trinity,"McConnell, Trip",Prelim,59.85,59.85
2016,100_Breaststroke,Breaststroke,Men,100,2016_Nescac_Msd_Results,Tufts,"Ciliv, Morgan",Final,57.35,57.35
2016,100_Breaststroke,Breaststroke,Men,100,2016_Nescac_Msd_Results,Wesleyan,"Bazile, Jacques",Prelim,62.99,1:02.99
2016,100_Breaststroke,Breaststroke,Men,100,2016_Nescac_Msd_Results,Williams,"Tamposi, Jake",Final,55.5,55.50
2016,100_Butterfly,Butterfly,Men,100,2016_Nescac_Msd_Results,Amherst,"Spurrell, Sam",Prelim,49.42,49.42
2016,100_Butterfly,Butterfly,Men,100,2016_Nescac_Msd_Results,Bates,"Puckace, Matt",Prelim,52.69,52.69
2016,100_Butterfly,Butterfly,Men,100,2016_Nescac_Msd_Results,Bowdoin,"House, Logan",Prelim,50.79,50.79
2016,100_Butterfly,Butterfly,Men,100,2016_Nescac_Msd_Results,Colby,"Blake, Gavin",Final,53.02,53.02
2016,100_Butterfly,Butterfly,Men,100,2016_Nescac_Msd_Results,Connecticut College,"Tilneac, George",Prelim,49.26,49.26
2016,100_Butterfly,Butterfly,Men,100,2016_Nescac_Msd_Results,Hamilton,"Jones, Alex",Prelim,52.04,52.04
2016,100_Butterfly,Butterfly,Men,100,2016_Nescac_Msd_Results,Middlebury,"Smith, Alex",Prelim,51.75,51.75
2016,100_Butterfly,Butterfly,Men,100,2016_Nescac_Msd_Results,Trinity,"Celestin, Nick",Prelim,50.54,50.54
2016,100_Butterfly,Butterfly,Men,100,2016_Nescac_Msd_Results,Tufts,"Bowen, Kingsley",Prelim,48.92,48.92
2016,100_Butterfly,Butterfly,Men,100,2016_Nescac_Msd_Results,Wesleyan,"Pourmaleki, Ali",Final,50.28,50.28
2016,100_Butterfly,Butterfly,Men,100,2016_Nescac_Msd_Results,Williams,"Kostolansky, Timothy",Prelim,49.3,49.30
2016,100_Freestyle,Freestyle,Men,100,2016_Nescac_Msd_Results,Amherst,"Dreisbach, Alex",Prelim,45.56,45.56
2016,100_Freestyle,Freestyle,Men,100,2016_Nescac_Msd_Results,Bates,"Pender, Theodore",Final,45.35,45.35
2016,100_Freestyle,Freestyle,Men,100,2016_Nescac_Msd_Results,Bowdoin,"Sarier, Karl",Final,45.48,45.48
2016,100_Freestyle,Freestyle,Men,100,2016_Nescac_Msd_Results,Colby,"Blackburn, John",Prelim,48.42,48.42
2016,100_Freestyle,Freestyle,Men,100,2016_Nescac_Msd_Results,Connecticut College,"Brosnihan, Niko",Final,47.11,47.11
2016,100_Freestyle,Freestyle,Men,100,2016_Nescac_Msd_Results,Hamilton,"McBratney, John",Prelim,47.45,47.45
2016,100_Freestyle,Freestyle,Men,100,2016_Nescac_Msd_Results,Middlebury,"Lagasse, Paul",Final,47.41,47.41
2016,100_Freestyle,Freestyle,Men,100,2016_Nescac_Msd_Results,Trinity,"Long, Evan",Final,47.27,47.27
2016,100_Freestyle,Freestyle,Men,100,2016_Nescac_Msd_Results,Tufts,"Lau, Lorenzo",Prelim,46.51,46.51
2016,100_Freestyle,Freestyle,Men,100,2016_Nescac_Msd_Results,Wesleyan,"Kapphahn, Alex",Prelim,47.54,47.54
2016,100_Freestyle,Freestyle,Men,100,2016_Nescac_Msd_Results,Williams,"Finnegan, Jamie",Final,45.27,45.27
2016,200_Backstroke,Backstroke,Men,200,2016_Nescac_Msd_Results,Amherst,"Heise, Matt",Prelim,109.17,1:49.17
2016,200_Backstroke,Backstroke,Men,200,2016_Nescac_Msd_Results,Bates,"Ewing, Riley",Prelim,110.00999999999999,1:50.01
2016,200_Backstroke,Backstroke,Men,200,2016_Nescac_Msd_Results,Bowdoin,"Anderson, Lloyd",Prelim,119.53,1:59.53
2016,200_Backstroke,Backstroke,Men,200,2016_Nescac_Msd_Results,Connecticut College,"Eigner, Andrew",Final,111.57,1:51.57
2016,200_Backstroke,Backstroke,Men,200,2016_Nescac_Msd_Results,Hamilton,"Cooper, Benjamin",Final,115.75999999999999,1:55.76
2016,200_Backstroke,Backstroke,Men,200,2016_Nescac_Msd_Results,Middlebury,"Smith, Alex",Prelim,114.61,1:54.61
2016,200_Backstroke,Backstroke,Men,200,2016_Nescac_Msd_Results,Trinity,"Wolfson, Alex",Prelim,113.58,1:53.58
2016,200_Backstroke,Backstroke,Men,200,2016_Nescac_Msd_Results,Tufts,"Winget, Michael",Final,107.3,1:47.30
2016,200_Backstroke,Backstroke,Men,200,2016_Nescac_Msd_Results,Williams,"Lin, Benjamin",Prelim,107.27000000000001,1:47.27
2016,200_Breaststroke,Breaststroke,Men,200,2016_Nescac_Msd_Results,Amherst,"Han, Greg",Final,124.01,2:04.01
2016,200_Breaststroke,Breaststroke,Men,200,2016_Nescac_Msd_Results,Bates,"Walpole, Daniel",Prelim,124.03,2:04.03
2016,200_Breaststroke,Breaststroke,Men,200,2016_Nescac_Msd_Results,Bowdoin,"Netto, Mike",Prelim,123.67,2:03.67
2016,200_Breaststroke,Breaststroke,Men,200,2016_Nescac_Msd_Results,Colby,"Garfield, Carter",Prelim,131.24,2:11.24
2016,200_Breaststroke,Breaststroke,Men,200,2016_Nescac_Msd_Results,Connecticut College,"Freiberg, Drake",Prelim,125.16,2:05.16
2016,200_Breaststroke,Breaststroke,Men,200,2016_Nescac_Msd_Results,Hamilton,"Miller, Tripp",Prelim,130.88,2:10.88
2016,200_Breaststroke,Breaststroke,Men,200,2016_Nescac_Msd_Results,Middlebury,"Koenigsberger, Stephan",Prelim,125.97,2:05.97
2016,200_Breaststroke,Breaststroke,Men,200,2016_Nescac_Msd_Results,Trinity,"McConnell, Trip",Prelim,138.48,2:18.48
2016,200_Breaststroke,Breaststroke,Men,200,2016_Nescac_Msd_Results,Tufts,"Ciliv, Morgan",Final,124.91,2:04.91
2016,200_Breaststroke,Breaststroke,Men,200,2016_Nescac_Msd_Results,Wesleyan,"Carfi, Zach",Prelim,139.79,2:19.79
2016,200_Breaststroke,Breaststroke,Men,200,2016_Nescac_Msd_Results,Williams,"Ferguson, Jack",Final,125.34,2:05.34
2016,200_Butterfly,Butterfly,Men,200,2016_Nescac_Msd_Results,Amherst,"Anderson, Jeff",Final,109.68,1:49.68
2016,200_Butterfly,Butterfly,Men,200,2016_Nescac_Msd_Results,Bates,"Puckace, Matt",Final,116.31,1:56.31
2016,200_Butterfly,Butterfly,Men,200,2016_Nescac_Msd_Results,Bowdoin,"Garner, Nathan",Final,115.71000000000001,1:55.71
2016,200_Butterfly,Butterfly,Men,200,2016_Nescac_Msd_Results,Colby,"Blake, Gavin",Prelim,124.28,2:04.28
2016,200_Butterfly,Butterfly,Men,200,2016_Nescac_Msd_Results,Connecticut College,"Tilneac, George",Final,110.06,1:50.06
2016,200_Butterfly,Butterfly,Men,200,2016_Nescac_Msd_Results,Hamilton,"Jones, Alex",Prelim,120.6,2:00.60
2016,200_Butterfly,Butterfly,Men,200,2016_Nescac_Msd_Results,Middlebury,"Rosenthal, Andrew",Final,116.03999999999999,1:56.04
2016,200_Butterfly,Butterfly,Men,200,2016_Nescac_Msd_Results,Trinity,"Hyduke, Gordon",Prelim,122.98,2:02.98
2016,200_Butterfly,Butterfly,Men,200,2016_Nescac_Msd_Results,Tufts,"Debenedetto, Anthony",Prelim,109.77000000000001,1:49.77
2016,200_Butterfly,Butterfly,Men,200,2016_Nescac_Msd_Results,Wesleyan,"Pourmaleki, Ali",Final,110.55,1:50.55
2016,200_Butterfly,Butterfly,Men,200,2016_Nescac_Msd_Results,Williams,"Rowledge, Bobby",Prelim,111.16,1:51.16
2016,200_Freestyle,Freestyle,Men,200,2016_Nescac_Msd_Results,Amherst,"Seltzer, Charlie",Final,101.82,1:41.82
2016,200_Freestyle,Freestyle,Men,200,2016_Nescac_Msd_Results,Bates,"Pender, Theodore",Final,100.4,1:40.40
2016,200_Freestyle,Freestyle,Men,200,2016_Nescac_Msd_Results,Bowdoin,"Sarier, Karl",Final,99.7,1:39.70
2016,200_Freestyle,Freestyle,Men,200,2016_Nescac_Msd_Results,Colby,"Jacobsen, Hugh",Prelim,107.62,1:47.62
2016,200_Freestyle,Freestyle,Men,200,2016_Nescac_Msd_Results,Connecticut College,"Edwards, Thomas",Final,102.96000000000001,1:42.96
2016,200_Freestyle,Freestyle,Men,200,2016_Nescac_Msd_Results,Hamilton,"McBratney, John",Prelim,103.96000000000001,1:43.96
2016,200_Freestyle,Freestyle,Men,200,2016_Nescac_Msd_Results,Middlebury,"Lagasse, Paul",Final,105.35,1:45.35
2016,200_Freestyle,Freestyle,Men,200,2016_Nescac_Msd_Results,Trinity,"Curtin, Doug",Prelim,108.28,1:48.28
2016,200_Freestyle,Freestyle,Men,200,2016_Nescac_Msd_Results,Tufts,"Cagley, Noah",Final,101.5,1:41.50
2016,200_Freestyle,Freestyle,Men,200,2016_Nescac_Msd_Results,Wesleyan,"Kapphahn, Alex",Final,104.31,1:44.31
2016,200_Freestyle,Freestyle,Men,200,2016_Nescac_Msd_Results,Williams,"Maher, Curtis",Final,101.39,1:41.39
2016,200_IM,IM,Men,200,2016_Nescac_Msd_Results,Amherst,"Anderson, Jeff",Prelim,112.33,1:52.33
2016,200_IM,IM,Men,200,2016_Nescac_Msd_Results,Bates,"Ewing, Riley",Prelim,112.85,1:52.85
2016,200_IM,IM,Men,200,2016_Nescac_Msd_Results,Bowdoin,"Sarier, Karl",Final,111.32,1:51.32
2016,200_IM,IM,Men,200,2016_Nescac_Msd_Results,Colby,"Garfield, Carter",Final,116.03,1:56.03
2016,200_IM,IM,Men,200,2016_Nescac_Msd_Results,Connecticut College,"Tilneac, George",Final,111.39,1:51.39
2016,200_IM,IM,Men,200,2016_Nescac_Msd_Results,Hamilton,"McBratney, John",Final,115.95,1:55.95
2016,200_IM,IM,Men,200,2016_Nescac_Msd_Results,Middlebury,"McCormick, Connor",Final,115.53,1:55.53
2016,200_IM,IM,Men,200,2016_Nescac_Msd_Results,Trinity,"Gibney, Carl",Prelim,118.61,1:58.61
2016,200_IM,IM,Men,200,2016_Nescac_Msd_Results,Tufts,"Wallace, Zachary",Prelim,113.13,1:53.13
2016,200_IM,IM,Men,200,2016_Nescac_Msd_Results,Wesleyan,"Ortegon, Karl",Prelim,125.5,2:05.50
2016,200_IM,IM,Men,200,2016_Nescac_Msd_Results,Williams,"Hogan, Colin",Prelim,110.57,1:50.57
2016,400_IM,IM,Men,400,2016_Nescac_Msd_Results,Amherst,"Anderson, Jeff",Prelim,237.78,3:57.78
2016,400_IM,IM,Men,400,2016_Nescac_Msd_Results,Bates,"Beland, Drew",Prelim,249.4,4:09.40
2016,400_IM,IM,Men,400,2016_Nescac_Msd_Results,Bowdoin,"Pastoriza, Stephen",Prelim,244.04,4:04.04
2016,400_IM,IM,Men,400,2016_Nescac_Msd_Results,Colby,"Wong, Kyle",Prelim,260.52,4:20.52
2016,400_IM,IM,Men,400,2016_Nescac_Msd_Results,Connecticut College,"Pite, Alan",Final,237.82,3:57.82
2016,400_IM,IM,Men,400,2016_Nescac_Msd_Results,Hamilton,"Hearne, Frankie",Prelim,259.72,4:19.72
2016,400_IM,IM,Men,400,2016_Nescac_Msd_Results,Middlebury,"McCormick, Connor",Final,249.4,4:09.40
2016,400_IM,IM,Men,400,2016_Nescac_Msd_Results,Trinity,"Gibney, Carl",Prelim,257.23,4:17.23
2016,400_IM,IM,Men,400,2016_Nescac_Msd_Results,Tufts,"Wallace, Zachary",Prelim,243.13,4:03.13
2016,400_IM,IM,Men,400,2016_Nescac_Msd_Results,Wesleyan,"Distler, Max",Prelim,259.4,4:19.40
2016,400_IM,IM,Men,400,2016_Nescac_Msd_Results,Williams,"Hogan, Colin",Final,240.06,4:00.06
2016,500_Freestyle,Freestyle,Men,500,2016_Nescac_Msd_Results,Amherst,"Haley, Connor",Final,273.75,4:33.75
2016,500_Freestyle,Freestyle,Men,500,2016_Nescac_Msd_Results,Bates,"Depew, Jonathan",Final,279.86,4:39.86
2016,500_Freestyle,Freestyle,Men,500,2016_Nescac_Msd_Results,Bowdoin,"Williams, Daniel",Final,282.77,4:42.77
2016,500_Freestyle,Freestyle,Men,500,2016_Nescac_Msd_Results,Colby,"Paluso, Joe",Final,281.86,4:41.86
2016,500_Freestyle,Freestyle,Men,500,2016_Nescac_Msd_Results,Connecticut College,"Pite, Alan",Prelim,274.45,4:34.45
2016,500_Freestyle,Freestyle,Men,500,2016_Nescac_Msd_Results,Hamilton,"Cassidy, Ryan",Final,282.23,4:42.23
2016,500_Freestyle,Freestyle,Men,500,2016_Nescac_Msd_Results,Middlebury,"McGean, Michael",Prelim,277.56,4:37.56
2016,500_Freestyle,Freestyle,Men,500,2016_Nescac_Msd_Results,Trinity,"Kostic, Nikola",Prelim,302.97,5:02.97
2016,500_Freestyle,Freestyle,Men,500,2016_Nescac_Msd_Results,Tufts,"Cagley, Noah",Prelim,277.48,4:37.48
2016,500_Freestyle,Freestyle,Men,500,2016_Nescac_Msd_Results,Wesleyan,"Patapis, Peter",Final,285.65,4:45.65
2016,500_Freestyle,Freestyle,Men,500,2016_Nescac_Msd_Results,Williams,"Needham, Dan",Prelim,276.77,4:36.77
2016,50_Backstroke,Backstroke,Men,50,2016_Nescac_Msd_Results,Amherst,"Kowalski, Rishi",Prelim,23.84,23.84
2016,50_Backstroke,Backstroke,Men,50,2016_Nescac_Msd_Results,Bates,"Sommer, Ben",Final,23.35,23.35
2016,50_Backstroke,Backstroke,Men,50,2016_Nescac_Msd_Results,Bowdoin,"Brower, McClure",Prelim,25.91,25.91
2016,50_Backstroke,Backstroke,Men,50,2016_Nescac_Msd_Results,Colby,"Blackburn, John",Prelim,24.96,24.96
2016,50_Backstroke,Backstroke,Men,50,2016_Nescac_Msd_Results,Connecticut College,"Fothergill, Michael",Prelim,22.65,22.65
2016,50_Backstroke,Backstroke,Men,50,2016_Nescac_Msd_Results,Hamilton,"Cooper, Benjamin",Prelim,25.52,25.52
2016,50_Backstroke,Backstroke,Men,50,2016_Nescac_Msd_Results,Middlebury,"Leech, Brendan",Prelim,24.21,24.21
2016,50_Backstroke,Backstroke,Men,50,2016_Nescac_Msd_Results,Trinity,"Celestin, Nick",Final,22.88,22.88
2016,50_Backstroke,Backstroke,Men,50,2016_Nescac_Msd_Results,Tufts,"Winget, Michael",Prelim,22.9,22.90
2016,50_Backstroke,Backstroke,Men,50,2016_Nescac_Msd_Results,Wesleyan,"Kapphahn, Alex",Final,24.27,24.27
2016,50_Backstroke,Backstroke,Men,50,2016_Nescac_Msd_Results,Williams,"Lin, Benjamin",Prelim,21.84,21.84
2016,50_Breaststroke,Breaststroke,Men,50,2016_Nescac_Msd_Results,Amherst,"Spiro, Elijah",Final,25.38,25.38
2016,50_Breaststroke,Breaststroke,Men,50,2016_Nescac_Msd_Results,Bates,"Bedard, Alex",Prelim,26.09,26.09
2016,50_Breaststroke,Breaststroke,Men,50,2016_Nescac_Msd_Results,Bowdoin,"Netto, Mike",Final,25.75,25.75
2016,50_Breaststroke,Breaststroke,Men,50,2016_Nescac_Msd_Results,Colby,"Devine, John",Prelim,27.29,27.29
2016,50_Breaststroke,Breaststroke,Men,50,2016_Nescac_Msd_Results,Connecticut College,"Sibley, Joel",Prelim,26.02,26.02
2016,50_Breaststroke,Breaststroke,Men,50,2016_Nescac_Msd_Results,Hamilton,"Bennett, Jesse",Prelim,27.12,27.12
2016,50_Breaststroke,Breaststroke,Men,50,2016_Nescac_Msd_Results,Middlebury,"Koenigsberger, Stephan",Final,26.12,26.12
2016,50_Breaststroke,Breaststroke,Men,50,2016_Nescac_Msd_Results,Trinity,"McConnell, Trip",Prelim,27.82,27.82
2016,50_Breaststroke,Breaststroke,Men,50,2016_Nescac_Msd_Results,Tufts,"Ciliv, Morgan",Final,26.37,26.37
2016,50_Breaststroke,Breaststroke,Men,50,2016_Nescac_Msd_Results,Wesleyan,"Bazile, Jacques",Prelim,27.06,27.06
2016,50_Breaststroke,Breaststroke,Men,50,2016_Nescac_Msd_Results,Williams,"Tamposi, Jake",Prelim,24.88,24.88
2016,50_Butterfly,Butterfly,Men,50,2016_Nescac_Msd_Results,Amherst,"Patterson, Reed",Prelim,22.2,22.20
2016,50_Butterfly,Butterfly,Men,50,2016_Nescac_Msd_Results,Bates,"Puckace, Matt",Prelim,24.1,24.10
2016,50_Butterfly,Butterfly,Men,50,2016_Nescac_Msd_Results,Bowdoin,"Garner, Nathan",Final,23.04,23.04
2016,50_Butterfly,Butterfly,Men,50,2016_Nescac_Msd_Results,Colby,"Blake, Gavin",Prelim,23.92,23.92
2016,50_Butterfly,Butterfly,Men,50,2016_Nescac_Msd_Results,Connecticut College,"Stephens, Weston",Final,22.99,22.99
2016,50_Butterfly,Butterfly,Men,50,2016_Nescac_Msd_Results,Hamilton,"Jones, Alex",Final,23.42,23.42
2016,50_Butterfly,Butterfly,Men,50,2016_Nescac_Msd_Results,Middlebury,"Cheuk, Bryan",Prelim,23.42,23.42
2016,50_Butterfly,Butterfly,Men,50,2016_Nescac_Msd_Results,Trinity,"Hyduke, Gordon",Prelim,24.12,24.12
2016,50_Butterfly,Butterfly,Men,50,2016_Nescac_Msd_Results,Tufts,"Bowen, Kingsley",Final,22.58,22.58
2016,50_Butterfly,Butterfly,Men,50,2016_Nescac_Msd_Results,Wesleyan,"Wimer, Maximilian",Prelim,24.44,24.44
2016,50_Butterfly,Butterfly,Men,50,2016_Nescac_Msd_Results,Williams,"Kostolansky, Timothy",Prelim,21.72,21.72
2016,50_Freestyle,Freestyle,Men,50,2016_Nescac_Msd_Results,Amherst,"Dreisbach, Alex",Prelim,20.91,20.91
2016,50_Freestyle,Freestyle,Men,50,2016_Nescac_Msd_Results,Bates,"Pender, Theodore",Final,20.73,20.73
2016,50_Freestyle,Freestyle,Men,50,2016_Nescac_Msd_Results,Bowdoin,"Lagasse, John",Prelim,21.56,21.56
2016,50_Freestyle,Freestyle,Men,50,2016_Nescac_Msd_Results,Colby,"Tower, Jacob",Final,21.54,21.54
2016,50_Freestyle,Freestyle,Men,50,2016_Nescac_Msd_Results,Connecticut College,"Fothergill, Michael",Prelim,20.72,20.72
2016,50_Freestyle,Freestyle,Men,50,2016_Nescac_Msd_Results,Hamilton,"Becker, Scott",Prelim,22.07,22.07
2016,50_Freestyle,Freestyle,Men,50,2016_Nescac_Msd_Results,Middlebury,"Lagasse, Paul",Prelim,21.48,21.48
2016,50_Freestyle,Freestyle,Men,50,2016_Nescac_Msd_Results,Trinity,"Long, Evan",Prelim,21.92,21.92
2016,50_Freestyle,Freestyle,Men,50,2016_Nescac_Msd_Results,Tufts,"Brienza, Michael",Prelim,21.49,21.49
2016,50_Freestyle,Freestyle,Men,50,2016_Nescac_Msd_Results,Wesleyan,"Hamlish, Noah",Prelim,22.75,22.75
2016,50_Freestyle,Freestyle,Men,50,2016_Nescac_Msd_Results,Williams,"Finnegan, Jamie",Prelim,20.9,20.90
2017,100_Backstroke,Backstroke,Men,100,2017_Nescac_Msd_Results,Amherst,"Smith, Craig",Final,51.14,51.14
2017,100_Backstroke,Backstroke,Men,100,2017_Nescac_Msd_Results,Bates,"Ewing, Riley",Prelim,49.84,49.84
2017,100_Backstroke,Backstroke,Men,100,2017_Nescac_Msd_Results,Bowdoin,"Hutchinson, Will",Prelim,52.9,52.90
2017,100_Backstroke,Backstroke,Men,100,2017_Nescac_Msd_Results,Colby,"Geiersbach, Xander",Prelim,50.98,50.98
2017,100_Backstroke,Backstroke,Men,100,2017_Nescac_Msd_Results,Connecticut College,"Fothergill, Michael",Final,49.47,49.47
2017,100_Backstroke,Backstroke,Men,100,2017_Nescac_Msd_Results,Hamilton,"Cooper, Benjamin",Final,54.01,54.01
2017,100_Backstroke,Backstroke,Men,100,2017_Nescac_Msd_Results,Middlebury,"Leech, Brendan",Prelim,52.69,52.69
2017,100_Backstroke,Backstroke,Men,100,2017_Nescac_Msd_Results,Trinity,"Kalmiskii, Greg",Prelim,50.73,50.73
2017,100_Backstroke,Backstroke,Men,100,2017_Nescac_Msd_Results,Tufts,"Brienza, Michael",Prelim,52.05,52.05
2017,100_Backstroke,Backstroke,Men,100,2017_Nescac_Msd_Results,Wesleyan,"Tang, Spencer",Prelim,52.4,52.40
2017,100_Backstroke,Backstroke,Men,100,2017_Nescac_Msd_Results,Williams,"Kostolansky, Timothy",Prelim,50.06,50.06
2017,100_Breaststroke,Breaststroke,Men,100,2017_Nescac_Msd_Results,Amherst,"Spiro, Elijah",Final,55.23,55.23
2017,100_Breaststroke,Breaststroke,Men,100,2017_Nescac_Msd_Results,Bates,"Walpole, Daniel",Prelim,56.69,56.69
2017,100_Breaststroke,Breaststroke,Men,100,2017_Nescac_Msd_Results,Bowdoin,"Netto, Mike",Final,56.46,56.46
2017,100_Breaststroke,Breaststroke,Men,100,2017_Nescac_Msd_Results,Colby,"Garfield, Carter",Final,56.76,56.76
2017,100_Breaststroke,Breaststroke,Men,100,2017_Nescac_Msd_Results,Connecticut College,"Freiberg, Drake",Prelim,57.46,57.46
2017,100_Breaststroke,Breaststroke,Men,100,2017_Nescac_Msd_Results,Hamilton,"Bennett, Jesse",Prelim,59.89,59.89
2017,100_Breaststroke,Breaststroke,Men,100,2017_Nescac_Msd_Results,Middlebury,"Grant, Andy",Final,57.24,57.24
2017,100_Breaststroke,Breaststroke,Men,100,2017_Nescac_Msd_Results,Trinity,"Hunter, Ethan",Final,57.96,57.96
2017,100_Breaststroke,Breaststroke,Men,100,2017_Nescac_Msd_Results,Tufts,"Shi, Eric",Final,57.69,57.69
2017,100_Breaststroke,Breaststroke,Men,100,2017_Nescac_Msd_Results,Wesleyan,"Huh, Alan",Prelim,63.31,1:03.31
2017,100_Breaststroke,Breaststroke,Men,100,2017_Nescac_Msd_Results,Williams,"Melnick, Jack",Final,56.61,56.61
2017,100_Butterfly,Butterfly,Men,100,2017_Nescac_Msd_Results,Amherst,"Koravos, Jack",Final,48.89,48.89
2017,100_Butterfly,Butterfly,Men,100,2017_Nescac_Msd_Results,Bates,"Puckace, Matt",Prelim,52.53,52.53
2017,100_Butterfly,Butterfly,Men,100,2017_Nescac_Msd_Results,Bowdoin,"Abaldo, Julian",Final,50.42,50.42
2017,100_Butterfly,Butterfly,Men,100,2017_Nescac_Msd_Results,Colby,"Jones, Matt",Final,51.41,51.41
2017,100_Butterfly,Butterfly,Men,100,2017_Nescac_Msd_Results,Connecticut College,"Tilneac, George",Final,48.86,48.86
2017,100_Butterfly,Butterfly,Men,100,2017_Nescac_Msd_Results,Hamilton,"Jeton, Luke",Prelim,52.62,52.62
2017,100_Butterfly,Butterfly,Men,100,2017_Nescac_Msd_Results,Middlebury,"Dowling, Jack",Prelim,51.46,51.46
2017,100_Butterfly,Butterfly,Men,100,2017_Nescac_Msd_Results,Trinity,"Long, Evan",Final,51.29,51.29
2017,100_Butterfly,Butterfly,Men,100,2017_Nescac_Msd_Results,Tufts,"Bowen, Kingsley",Final,49.06,49.06
2017,100_Butterfly,Butterfly,Men,100,2017_Nescac_Msd_Results,Wesleyan,"Pourmaleki, Ali",Final,50.61,50.61
2017,100_Butterfly,Butterfly,Men,100,2017_Nescac_Msd_Results,Williams,"Lin, Benjamin",Final,47.76,47.76!
2017,100_Freestyle,Freestyle,Men,100,2017_Nescac_Msd_Results,Amherst,"Koravos, Jack",Prelim,45.68,45.68
2017,100_Freestyle,Freestyle,Men,100,2017_Nescac_Msd_Results,Bates,"Pender, Theodore",Final,44.83,44.83
2017,100_Freestyle,Freestyle,Men,100,2017_Nescac_Msd_Results,Bowdoin,"Sarier, Karl",Final,44.88,44.88
2017,100_Freestyle,Freestyle,Men,100,2017_Nescac_Msd_Results,Colby,"Blackburn, John",Prelim,46.7,46.70
2017,100_Freestyle,Freestyle,Men,100,2017_Nescac_Msd_Results,Connecticut College,"Fothergill, Michael",Prelim,45.62,45.62
2017,100_Freestyle,Freestyle,Men,100,2017_Nescac_Msd_Results,Hamilton,"Becker, Scott",Prelim,47.7,47.70
2017,100_Freestyle,Freestyle,Men,100,2017_Nescac_Msd_Results,Middlebury,"Antonisse, Noel",Prelim,48.05,48.05
2017,100_Freestyle,Freestyle,Men,100,2017_Nescac_Msd_Results,Trinity,"Egan, Liam",Prelim,46.08,46.08
2017,100_Freestyle,Freestyle,Men,100,2017_Nescac_Msd_Results,Tufts,"Gu, Roger",Prelim,45.27,45.27
2017,100_Freestyle,Freestyle,Men,100,2017_Nescac_Msd_Results,Wesleyan,"Tucker, Quinn",Prelim,47.97,47.97
2017,100_Freestyle,Freestyle,Men,100,2017_Nescac_Msd_Results,Williams,"Maher, Curtis",Final,45.6,45.60
2017,200_Backstroke,Backstroke,Men,200,2017_Nescac_Msd_Results,Amherst,"Smith, Craig",Final,109.95,1:49.95
2017,200_Backstroke,Backstroke,Men,200,2017_Nescac_Msd_Results,Bates,"Ewing, Riley",Prelim,107.94,1:47.94
2017,200_Backstroke,Backstroke,Men,200,2017_Nescac_Msd_Results,Bowdoin,"Chertavian, Cameron",Final,115.62,1:55.62
2017,200_Backstroke,Backstroke,Men,200,2017_Nescac_Msd_Results,Colby,"Geiersbach, Xander",Prelim,113.08,1:53.08
2017,200_Backstroke,Backstroke,Men,200,2017_Nescac_Msd_Results,Connecticut College,"Bowen, Loring",Prelim,109.7,1:49.70
2017,200_Backstroke,Backstroke,Men,200,2017_Nescac_Msd_Results,Hamilton,"Cooper, Benjamin",Prelim,114.25999999999999,1:54.26
2017,200_Backstroke,Backstroke,Men,200,2017_Nescac_Msd_Results,Middlebury,"Smith, Alex",Final,114.62,1:54.62
2017,200_Backstroke,Backstroke,Men,200,2017_Nescac_Msd_Results,Trinity,"Wolfson, Alex",Prelim,113.6,1:53.60
2017,200_Backstroke,Backstroke,Men,200,2017_Nescac_Msd_Results,Tufts,"Bowen, Kingsley",Final,106.63,1:46.63
2017,200_Backstroke,Backstroke,Men,200,2017_Nescac_Msd_Results,Wesleyan,"Tang, Spencer",Prelim,115.6,1:55.60
2017,200_Backstroke,Backstroke,Men,200,2017_Nescac_Msd_Results,Williams,"Lin, Benjamin",Final,105.88,1:45.88
2017,200_Breaststroke,Breaststroke,Men,200,2017_Nescac_Msd_Results,Amherst,"Mebust, Sean",Final,120.36,2:00.36
2017,200_Breaststroke,Breaststroke,Men,200,2017_Nescac_Msd_Results,Bates,"Walpole, Daniel",Final,123.59,2:03.59
2017,200_Breaststroke,Breaststroke,Men,200,2017_Nescac_Msd_Results,Bowdoin,"Pastoriza, Stephen",Final,125.03,2:05.03
2017,200_Breaststroke,Breaststroke,Men,200,2017_Nescac_Msd_Results,Colby,"Jacobsen, Hugh",Prelim,132.31,2:12.31
2017,200_Breaststroke,Breaststroke,Men,200,2017_Nescac_Msd_Results,Connecticut College,"Pite, Alan",Final,123.96,2:03.96
2017,200_Breaststroke,Breaststroke,Men,200,2017_Nescac_Msd_Results,Hamilton,"Bennett, Jesse",Final,130.26,2:10.26
2017,200_Breaststroke,Breaststroke,Men,200,2017_Nescac_Msd_Results,Middlebury,"Pla, Stefan",Prelim,126.03,2:06.03
2017,200_Breaststroke,Breaststroke,Men,200,2017_Nescac_Msd_Results,Trinity,"Hunter, Ethan",Prelim,132.8,2:12.80
2017,200_Breaststroke,Breaststroke,Men,200,2017_Nescac_Msd_Results,Tufts,"Burnam, Alexander",Final,127.16,2:07.16
2017,200_Breaststroke,Breaststroke,Men,200,2017_Nescac_Msd_Results,Wesleyan,"Huh, Alan",Prelim,140.14,2:20.14
2017,200_Breaststroke,Breaststroke,Men,200,2017_Nescac_Msd_Results,Williams,"Melnick, Jack",Final,124.42,2:04.42
2017,200_Butterfly,Butterfly,Men,200,2017_Nescac_Msd_Results,Amherst,"Spurrell, Sam",Prelim,110.68,1:50.68
2017,200_Butterfly,Butterfly,Men,200,2017_Nescac_Msd_Results,Bates,"Lis, Chase",Prelim,115.71000000000001,1:55.71
2017,200_Butterfly,Butterfly,Men,200,2017_Nescac_Msd_Results,Bowdoin,"Andre, Jean-Baptiste",Final,113.99000000000001,1:53.99
2017,200_Butterfly,Butterfly,Men,200,2017_Nescac_Msd_Results,Colby,"Kim, Harris",Final,120.59,2:00.59
2017,200_Butterfly,Butterfly,Men,200,2017_Nescac_Msd_Results,Connecticut College,"Tilneac, George",Final,110.27000000000001,1:50.27
2017,200_Butterfly,Butterfly,Men,200,2017_Nescac_Msd_Results,Hamilton,"Jeton, Luke",Prelim,119.03,1:59.03
2017,200_Butterfly,Butterfly,Men,200,2017_Nescac_Msd_Results,Middlebury,"Dowling, Jack",Prelim,112.55,1:52.55
2017,200_Butterfly,Butterfly,Men,200,2017_Nescac_Msd_Results,Trinity,"Hyduke, Gordon",Final,119.43,1:59.43
2017,200_Butterfly,Butterfly,Men,200,2017_Nescac_Msd_Results,Tufts,"McElduff, James",Final,109.39,1:49.39
2017,200_Butterfly,Butterfly,Men,200,2017_Nescac_Msd_Results,Wesleyan,"Pourmaleki, Ali",Final,110.06,1:50.06
2017,200_Butterfly,Butterfly,Men,200,2017_Nescac_Msd_Results,Williams,"Delcompare, Lucca",Prelim,111.21000000000001,1:51.21
2017,200_Freestyle,Freestyle,Men,200,2017_Nescac_Msd_Results,Amherst,"Wong, Eric",Final,101.11,1:41.11
2017,200_Freestyle,Freestyle,Men,200,2017_Nescac_Msd_Results,Bates,"Pender, Theodore",Final,100.81,1:40.81
2017,200_Freestyle,Freestyle,Men,200,2017_Nescac_Msd_Results,Bowdoin,"Sarier, Karl",Final,98.34,1:38.34
2017,200_Freestyle,Freestyle,Men,200,2017_Nescac_Msd_Results,Colby,"Blackburn, John",Prelim,105.91,1:45.91
2017,200_Freestyle,Freestyle,Men,200,2017_Nescac_Msd_Results,Connecticut College,"Edwards, Thomas",Final,103.89,1:43.89
2017,200_Freestyle,Freestyle,Men,200,2017_Nescac_Msd_Results,Hamilton,"Tatro, Case",Prelim,105.64,1:45.64
2017,200_Freestyle,Freestyle,Men,200,2017_Nescac_Msd_Results,Middlebury,"McCormick, Connor",Prelim,104.50999999999999,1:44.51
2017,200_Freestyle,Freestyle,Men,200,2017_Nescac_Msd_Results,Trinity,"Egan, Liam",Final,99.69,1:39.69
2017,200_Freestyle,Freestyle,Men,200,2017_Nescac_Msd_Results,Tufts,"Cagley, Noah",Final,101.49000000000001,1:41.49
2017,200_Freestyle,Freestyle,Men,200,2017_Nescac_Msd_Results,Wesleyan,"Tucker, Quinn",Final,104.38,1:44.38
2017,200_Freestyle,Freestyle,Men,200,2017_Nescac_Msd_Results,Williams,"Johnson, Grant",Final,100.69,1:40.69
2017,200_IM,IM,Men,200,2017_Nescac_Msd_Results,Amherst,"Seltzer, Charlie",Prelim,113.46000000000001,1:53.46
2017,200_IM,IM,Men,200,2017_Nescac_Msd_Results,Bowdoin,"Sarier, Karl",Final,109.72999999999999,1:49.73!
2017,200_IM,IM,Men,200,2017_Nescac_Msd_Results,Colby,"Garfield, Carter",Final,114.28,1:54.28
2017,200_IM,IM,Men,200,2017_Nescac_Msd_Results,Connecticut College,"Pite, Alan",Final,111.08,1:51.08
2017,200_IM,IM,Men,200,2017_Nescac_Msd_Results,Hamilton,"Tatro, Evan",Prelim,116.42,1:56.42
2017,200_IM,IM,Men,200,2017_Nescac_Msd_Results,Middlebury,"McCormick, Connor",Prelim,115.99000000000001,1:55.99
2017,200_IM,IM,Men,200,2017_Nescac_Msd_Results,Tufts,"Wallace, Zachary",Final,110.67,1:50.67
2017,200_IM,IM,Men,200,2017_Nescac_Msd_Results,Wesleyan,"Distler, Max",Prelim,122.27,2:02.27
2017,200_IM,IM,Men,200,2017_Nescac_Msd_Results,Williams,"Hogan, Colin",Final,110.08,1:50.08
2017,400_IM,IM,Men,400,2017_Nescac_Msd_Results,Amherst,"Han, Greg",Final,246.05,4:06.05
2017,400_IM,IM,Men,400,2017_Nescac_Msd_Results,Bates,"Beland, Drew",Final,254.03,4:14.03
2017,400_IM,IM,Men,400,2017_Nescac_Msd_Results,Bowdoin,"Pastoriza, Stephen",Final,243.38,4:03.38
2017,400_IM,IM,Men,400,2017_Nescac_Msd_Results,Connecticut College,"Pite, Alan",Final,236.61,3:56.61
2017,400_IM,IM,Men,400,2017_Nescac_Msd_Results,Hamilton,"Hearne, Frankie",Prelim,263.45,4:23.45
2017,400_IM,IM,Men,400,2017_Nescac_Msd_Results,Middlebury,"Quinn, Charles",Final,251.6,4:11.60
2017,400_IM,IM,Men,400,2017_Nescac_Msd_Results,Trinity,"Kapanadze, George",Prelim,247.42,4:07.42
2017,400_IM,IM,Men,400,2017_Nescac_Msd_Results,Tufts,"McElduff, James",Final,237.95,3:57.95
2017,400_IM,IM,Men,400,2017_Nescac_Msd_Results,Wesleyan,"Carfi, Zach",Prelim,267.33,4:27.33
2017,400_IM,IM,Men,400,2017_Nescac_Msd_Results,Williams,"Hogan, Colin",Final,241.6,4:01.60
2017,500_Freestyle,Freestyle,Men,500,2017_Nescac_Msd_Results,Amherst,"Wong, Eric",Final,273.15,4:33.15
2017,500_Freestyle,Freestyle,Men,500,2017_Nescac_Msd_Results,Bates,"Ignatov, Alexander",Prelim,276.45,4:36.45
2017,500_Freestyle,Freestyle,Men,500,2017_Nescac_Msd_Results,Bowdoin,"Siwady, Gabriel",Final,285.04,4:45.04
2017,500_Freestyle,Freestyle,Men,500,2017_Nescac_Msd_Results,Colby,"Cipollini, Cip",Prelim,295.76,4:55.76
2017,500_Freestyle,Freestyle,Men,500,2017_Nescac_Msd_Results,Connecticut College,"Molina, Mace",Prelim,275.31,4:35.31
2017,500_Freestyle,Freestyle,Men,500,2017_Nescac_Msd_Results,Hamilton,"Cassidy, Ryan",Prelim,282.04,4:42.04
2017,500_Freestyle,Freestyle,Men,500,2017_Nescac_Msd_Results,Middlebury,"McGean, Michael",Prelim,273.71,4:33.71
2017,500_Freestyle,Freestyle,Men,500,2017_Nescac_Msd_Results,Tufts,"Cagley, Noah",Prelim,277.74,4:37.74
2017,500_Freestyle,Freestyle,Men,500,2017_Nescac_Msd_Results,Wesleyan,"Pourmaleki, Ali",Final,279.69,4:39.69
2017,500_Freestyle,Freestyle,Men,500,2017_Nescac_Msd_Results,Williams,"Trunsky, Andrew",Prelim,276.08,4:36.08
2017,50_Backstroke,Backstroke,Men,50,2017_Nescac_Msd_Results,Amherst,"Smith, Craig",Prelim,23.85,23.85
2017,50_Backstroke,Backstroke,Men,50,2017_Nescac_Msd_Results,Bates,"Ewing, Riley",Final,22.85,22.85
2017,50_Backstroke,Backstroke,Men,50,2017_Nescac_Msd_Results,Bowdoin,"Garner, Nathan",Prelim,24.54,24.54
2017,50_Backstroke,Backstroke,Men,50,2017_Nescac_Msd_Results,Colby,"Geiersbach, Xander",Final,24.01,24.01
2017,50_Backstroke,Backstroke,Men,50,2017_Nescac_Msd_Results,Connecticut College,"Bowen, Loring",Prelim,22.92,22.92
2017,50_Backstroke,Backstroke,Men,50,2017_Nescac_Msd_Results,Hamilton,"Anderson, Thomas",Prelim,25.35,25.35
2017,50_Backstroke,Backstroke,Men,50,2017_Nescac_Msd_Results,Middlebury,"Antonisse, Noel",Prelim,24.04,24.04
2017,50_Backstroke,Backstroke,Men,50,2017_Nescac_Msd_Results,Trinity,"Wolfson, Alex",Prelim,23.74,23.74
2017,50_Backstroke,Backstroke,Men,50,2017_Nescac_Msd_Results,Tufts,"Bowen, Kingsley",Prelim,22.8,22.80
2017,50_Backstroke,Backstroke,Men,50,2017_Nescac_Msd_Results,Wesleyan,"Kapphahn, Alex",Final,24.03,24.03
2017,50_Backstroke,Backstroke,Men,50,2017_Nescac_Msd_Results,Williams,"Lin, Benjamin",Final,21.91,21.91P
2017,50_Breaststroke,Breaststroke,Men,50,2017_Nescac_Msd_Results,Amherst,"Spiro, Elijah",Final,24.95,24.95P
2017,50_Breaststroke,Breaststroke,Men,50,2017_Nescac_Msd_Results,Bates,"Walpole, Daniel",Prelim,25.69,25.69
2017,50_Breaststroke,Breaststroke,Men,50,2017_Nescac_Msd_Results,Bowdoin,"Netto, Mike",Final,25.43,25.43
2017,50_Breaststroke,Breaststroke,Men,50,2017_Nescac_Msd_Results,Colby,"Garfield, Carter",Final,26.12,26.12
2017,50_Breaststroke,Breaststroke,Men,50,2017_Nescac_Msd_Results,Connecticut College,"Easton, John",Prelim,27.21,27.21
2017,50_Breaststroke,Breaststroke,Men,50,2017_Nescac_Msd_Results,Hamilton,"Bennett, Jesse",Prelim,26.83,26.83
2017,50_Breaststroke,Breaststroke,Men,50,2017_Nescac_Msd_Results,Middlebury,"Pla, Stefan",Prelim,26.28,26.28
2017,50_Breaststroke,Breaststroke,Men,50,2017_Nescac_Msd_Results,Trinity,"Hunter, Ethan",Final,26.66,26.66
2017,50_Breaststroke,Breaststroke,Men,50,2017_Nescac_Msd_Results,Tufts,"Shi, Eric",Final,26.28,26.28
2017,50_Breaststroke,Breaststroke,Men,50,2017_Nescac_Msd_Results,Wesleyan,"Huh, Alan",Prelim,28.84,28.84
2017,50_Breaststroke,Breaststroke,Men,50,2017_Nescac_Msd_Results,Williams,"Melnick, Jack",Final,25.6,25.60
2017,50_Butterfly,Butterfly,Men,50,2017_Nescac_Msd_Results,Amherst,"Patterson, Reed",Prelim,22.52,22.52
2017,50_Butterfly,Butterfly,Men,50,2017_Nescac_Msd_Results,Bates,"Puckace, Matt",Prelim,23.95,23.95
2017,50_Butterfly,Butterfly,Men,50,2017_Nescac_Msd_Results,Bowdoin,"Abaldo, Julian",Prelim,22.69,22.69
2017,50_Butterfly,Butterfly,Men,50,2017_Nescac_Msd_Results,Colby,"Jones, Matt",Final,23.5,23.50
2017,50_Butterfly,Butterfly,Men,50,2017_Nescac_Msd_Results,Connecticut College,"Tilneac, George",Final,22.18,22.18
2017,50_Butterfly,Butterfly,Men,50,2017_Nescac_Msd_Results,Hamilton,"Cornaglia, Ben",Prelim,25.22,25.22
2017,50_Butterfly,Butterfly,Men,50,2017_Nescac_Msd_Results,Middlebury,"Pannos, Will",Final,23.46,23.46
2017,50_Butterfly,Butterfly,Men,50,2017_Nescac_Msd_Results,Trinity,"Egan, Liam",Final,23.03,23.03
2017,50_Butterfly,Butterfly,Men,50,2017_Nescac_Msd_Results,Tufts,"Camerano, Costantino",Final,22.52,22.52
2017,50_Butterfly,Butterfly,Men,50,2017_Nescac_Msd_Results,Wesleyan,"Kapphahn, Alex",Final,23.01,23.01
2017,50_Butterfly,Butterfly,Men,50,2017_Nescac_Msd_Results,Williams,"Kostolansky, Timothy",Final,22.06,22.06
2017,50_Freestyle,Freestyle,Men,50,2017_Nescac_Msd_Results,Amherst,"Koravos, Jack",Prelim,20.54,20.54
2017,50_Freestyle,Freestyle,Men,50,2017_Nescac_Msd_Results,Bates,"Pender, Theodore",Prelim,20.71,20.71
2017,50_Freestyle,Freestyle,Men,50,2017_Nescac_Msd_Results,Bowdoin,"Abaldo, Julian",Prelim,21.03,21.03
2017,50_Freestyle,Freestyle,Men,50,2017_Nescac_Msd_Results,Colby,"Blackburn, John",Prelim,21.34,21.34
2017,50_Freestyle,Freestyle,Men,50,2017_Nescac_Msd_Results,Connecticut College,"Fothergill, Michael",Final,20.48,20.48
2017,50_Freestyle,Freestyle,Men,50,2017_Nescac_Msd_Results,Hamilton,"Becker, Scott",Prelim,21.91,21.91
2017,50_Freestyle,Freestyle,Men,50,2017_Nescac_Msd_Results,Middlebury,"Antonisse, Noel",Prelim,21.66,21.66
2017,50_Freestyle,Freestyle,Men,50,2017_Nescac_Msd_Results,Trinity,"Long, Evan",Prelim,21.38,21.38
2017,50_Freestyle,Freestyle,Men,50,2017_Nescac_Msd_Results,Tufts,"Gu, Roger",Prelim,20.83,20.83
2017,50_Freestyle,Freestyle,Men,50,2017_Nescac_Msd_Results,Wesleyan,"Tucker, Quinn",Prelim,21.92,21.92
2017,50_Freestyle,Freestyle,Men,50,2017_Nescac_Msd_Results,Williams,"Freeman, John",Final,20.77,20.77
2018,100_Backstroke,Backstroke,Men,100,2018_Nescac_Msd_Results,Amherst,"Smith, Craig",Final,49.99,49.99
2018,100_Backstroke,Backstroke,Men,100,2018_Nescac_Msd_Results,Bates,"Ewing, Riley",Final,49.97,49.97
2018,100_Backstroke,Backstroke,Men,100,2018_Nescac_Msd_Results,Bowdoin,"Hutchinson, Will",Prelim,52.01,52.01
2018,100_Backstroke,Backstroke,Men,100,2018_Nescac_Msd_Results,Colby,"Geiersbach, Xander",Final,51.6,51.60
2018,100_Backstroke,Backstroke,Men,100,2018_Nescac_Msd_Results,Connecticut College,"Louison, Brandon",Prelim,52.1,52.10
2018,100_Backstroke,Backstroke,Men,100,2018_Nescac_Msd_Results,Hamilton,"Tatro, Evan",Prelim,52.66,52.66
2018,100_Backstroke,Backstroke,Men,100,2018_Nescac_Msd_Results,Middlebury,"Santoro, Kevin",Final,51.52,51.52
2018,100_Backstroke,Backstroke,Men,100,2018_Nescac_Msd_Results,Trinity,"Roth, Charlie",Final,52.69,52.69
2018,100_Backstroke,Backstroke,Men,100,2018_Nescac_Msd_Results,Tufts,"Bowen, Kingsley",Final,48.22,48.22
2018,100_Backstroke,Backstroke,Men,100,2018_Nescac_Msd_Results,Wesleyan,"Tang, Spencer",Final,51.86,51.86
2018,100_Backstroke,Backstroke,Men,100,2018_Nescac_Msd_Results,Williams,"Kostolansky, Timothy",Final,48.71,48.71
2018,100_Breaststroke,Breaststroke,Men,100,2018_Nescac_Msd_Results,Amherst,"Spiro, Elijah",Final,55.38,55.38
2018,100_Breaststroke,Breaststroke,Men,100,2018_Nescac_Msd_Results,Bates,"Bedard, Alex",Prelim,56.44,56.44
2018,100_Breaststroke,Breaststroke,Men,100,2018_Nescac_Msd_Results,Bowdoin,"Tirone, Michael",Final,56.98,56.98
2018,100_Breaststroke,Breaststroke,Men,100,2018_Nescac_Msd_Results,Colby,"Garfield, Carter",Final,57.7,57.70
2018,100_Breaststroke,Breaststroke,Men,100,2018_Nescac_Msd_Results,Connecticut College,"Garbee, Stefan",Final,56.97,56.97
2018,100_Breaststroke,Breaststroke,Men,100,2018_Nescac_Msd_Results,Hamilton,"Miller, Tripp",Final,56.78,56.78
2018,100_Breaststroke,Breaststroke,Men,100,2018_Nescac_Msd_Results,Middlebury,"McCormick, Connor",Final,57.29,57.29
2018,100_Breaststroke,Breaststroke,Men,100,2018_Nescac_Msd_Results,Trinity,"Dolan, John",Prelim,59.65,59.65
2018,100_Breaststroke,Breaststroke,Men,100,2018_Nescac_Msd_Results,Tufts,"Manfre, Matthew",Prelim,57.36,57.36
2018,100_Breaststroke,Breaststroke,Men,100,2018_Nescac_Msd_Results,Wesleyan,"Huh, Alan",Prelim,63.16,1:03.16
2018,100_Breaststroke,Breaststroke,Men,100,2018_Nescac_Msd_Results,Williams,"Melnick, Jack",Final,56.61,56.61
2018,100_Butterfly,Butterfly,Men,100,2018_Nescac_Msd_Results,Amherst,"Koravos, Jack",Final,48.77,48.77
2018,100_Butterfly,Butterfly,Men,100,2018_Nescac_Msd_Results,Bates,"Pender, Theodore",Final,49.65,49.65
2018,100_Butterfly,Butterfly,Men,100,2018_Nescac_Msd_Results,Bowdoin,"Abaldo, Julian",Final,49.76,49.76
2018,100_Butterfly,Butterfly,Men,100,2018_Nescac_Msd_Results,Colby,"Jones, Matt",Prelim,50.96,50.96
2018,100_Butterfly,Butterfly,Men,100,2018_Nescac_Msd_Results,Connecticut College,"Ifill, Kaison",Final,48.73,48.73
2018,100_Butterfly,Butterfly,Men,100,2018_Nescac_Msd_Results,Hamilton,"Tatro, Evan",Final,51.68,51.68
2018,100_Butterfly,Butterfly,Men,100,2018_Nescac_Msd_Results,Middlebury,"Pannos, Will",Final,50.17,50.17
2018,100_Butterfly,Butterfly,Men,100,2018_Nescac_Msd_Results,Trinity,"Hyduke, Gordon",Prelim,52.35,52.35
2018,100_Butterfly,Butterfly,Men,100,2018_Nescac_Msd_Results,Tufts,"Batt,",Prelim,50.44,50.44
2018,100_Butterfly,Butterfly,Men,100,2018_Nescac_Msd_Results,Wesleyan,"Pourmaleki, Ali",Final,50.12,50.12
2018,100_Butterfly,Butterfly,Men,100,2018_Nescac_Msd_Results,Williams,"Pearcy, David",Prelim,48.98,48.98
2018,100_Freestyle,Freestyle,Men,100,2018_Nescac_Msd_Results,Amherst,"Wong, Eric",Final,46.19,46.19
2018,100_Freestyle,Freestyle,Men,100,2018_Nescac_Msd_Results,Bates,"Pender, Theodore",Final,45.15,45.15
2018,100_Freestyle,Freestyle,Men,100,2018_Nescac_Msd_Results,Bowdoin,"Sarier, Karl",Final,44.47,44.47
2018,100_Freestyle,Freestyle,Men,100,2018_Nescac_Msd_Results,Colby,"Wong, Kyle",Prelim,47.16,47.16
2018,100_Freestyle,Freestyle,Men,100,2018_Nescac_Msd_Results,Connecticut College,"Tilneac, George",Prelim,45.68,45.68
2018,100_Freestyle,Freestyle,Men,100,2018_Nescac_Msd_Results,Hamilton,"Tatro, Case",Prelim,48.72,48.72
2018,100_Freestyle,Freestyle,Men,100,2018_Nescac_Msd_Results,Middlebury,"Jalbert, Corey",Prelim,47.76,47.76
2018,100_Freestyle,Freestyle,Men,100,2018_Nescac_Msd_Results,Trinity,"Pavlovic, Radojica",Final,46.04,46.04
2018,100_Freestyle,Freestyle,Men,100,2018_Nescac_Msd_Results,Tufts,"Gu, Roger",Prelim,44.31,44.31
2018,100_Freestyle,Freestyle,Men,100,2018_Nescac_Msd_Results,Wesleyan,"Tucker, Quinn",Prelim,48.0,48.00
2018,100_Freestyle,Freestyle,Men,100,2018_Nescac_Msd_Results,Williams,"Cassidy, Michael",Final,46.0,46.00
2018,200_Backstroke,Backstroke,Men,200,2018_Nescac_Msd_Results,Amherst,"Smith, Craig",Final,108.34,1:48.34
2018,200_Backstroke,Backstroke,Men,200,2018_Nescac_Msd_Results,Bates,"Ewing, Riley",Prelim,108.06,1:48.06
2018,200_Backstroke,Backstroke,Men,200,2018_Nescac_Msd_Results,Bowdoin,"Dickson, Killian",Prelim,117.2,1:57.20
2018,200_Backstroke,Backstroke,Men,200,2018_Nescac_Msd_Results,Colby,"Geiersbach, Xander",Prelim,112.28999999999999,1:52.29
2018,200_Backstroke,Backstroke,Men,200,2018_Nescac_Msd_Results,Connecticut College,"Louison, Brandon",Final,113.96000000000001,1:53.96
2018,200_Backstroke,Backstroke,Men,200,2018_Nescac_Msd_Results,Hamilton,"Cooper, Benjamin",Prelim,113.83,1:53.83
2018,200_Backstroke,Backstroke,Men,200,2018_Nescac_Msd_Results,Middlebury,"Santoro, Kevin",Prelim,109.52000000000001,1:49.52
2018,200_Backstroke,Backstroke,Men,200,2018_Nescac_Msd_Results,Trinity,"Kapanadze, Aleksander",Prelim,112.15,1:52.15
2018,200_Backstroke,Backstroke,Men,200,2018_Nescac_Msd_Results,Tufts,"Bowen, Kingsley",Final,106.88,1:46.88
2018,200_Backstroke,Backstroke,Men,200,2018_Nescac_Msd_Results,Wesleyan,"Tang, Spencer",Prelim,114.93,1:54.93
2018,200_Backstroke,Backstroke,Men,200,2018_Nescac_Msd_Results,Williams,"Marquardt, Henry",Prelim,110.13,1:50.13
2018,200_Breaststroke,Breaststroke,Men,200,2018_Nescac_Msd_Results,Amherst,"Mebust, Sean",Prelim,120.09,2:00.09
2018,200_Breaststroke,Breaststroke,Men,200,2018_Nescac_Msd_Results,Bates,"Bedard, Alex",Final,124.48,2:04.48
2018,200_Breaststroke,Breaststroke,Men,200,2018_Nescac_Msd_Results,Bowdoin,"Pastoriza, Stephen",Final,123.27,2:03.27
2018,200_Breaststroke,Breaststroke,Men,200,2018_Nescac_Msd_Results,Colby,"Jacobsen, Hugh",Final,126.86,2:06.86
2018,200_Breaststroke,Breaststroke,Men,200,2018_Nescac_Msd_Results,Connecticut College,"Freiberg, Drake",Prelim,123.96,2:03.96
2018,200_Breaststroke,Breaststroke,Men,200,2018_Nescac_Msd_Results,Hamilton,"Miller, Tripp",Final,122.63,2:02.63
2018,200_Breaststroke,Breaststroke,Men,200,2018_Nescac_Msd_Results,Middlebury,"McCormick, Connor",Final,125.11,2:05.11
2018,200_Breaststroke,Breaststroke,Men,200,2018_Nescac_Msd_Results,Trinity,"Kapanadze, George",Final,130.33,2:10.33
2018,200_Breaststroke,Breaststroke,Men,200,2018_Nescac_Msd_Results,Tufts,"Manfre, Matthew",Prelim,126.02,2:06.02
2018,200_Breaststroke,Breaststroke,Men,200,2018_Nescac_Msd_Results,Wesleyan,"Huh, Alan",Prelim,138.57999999999998,2:18.58
2018,200_Breaststroke,Breaststroke,Men,200,2018_Nescac_Msd_Results,Williams,"Melnick, Jack",Prelim,125.61,2:05.61
2018,200_Butterfly,Butterfly,Men,200,2018_Nescac_Msd_Results,Amherst,"Spurrell, Sam",Final,111.71000000000001,1:51.71
2018,200_Butterfly,Butterfly,Men,200,2018_Nescac_Msd_Results,Bates,"Puckace, Matt",Prelim,115.3,1:55.30
2018,200_Butterfly,Butterfly,Men,200,2018_Nescac_Msd_Results,Bowdoin,"Andre, Jean-Baptiste",Final,112.8,1:52.80
2018,200_Butterfly,Butterfly,Men,200,2018_Nescac_Msd_Results,Colby,"Schimanski, Noah",Prelim,114.3,1:54.30
2018,200_Butterfly,Butterfly,Men,200,2018_Nescac_Msd_Results,Connecticut College,"Garbee, Stefan",Final,112.36,1:52.36
2018,200_Butterfly,Butterfly,Men,200,2018_Nescac_Msd_Results,Hamilton,"Fanburg, Austin",Prelim,132.83,2:12.83
2018,200_Butterfly,Butterfly,Men,200,2018_Nescac_Msd_Results,Middlebury,"Einhorn, Zack",Prelim,113.82,1:53.82
2018,200_Butterfly,Butterfly,Men,200,2018_Nescac_Msd_Results,Trinity,"Kalmiskii, Greg",Prelim,112.72999999999999,1:52.73
2018,200_Butterfly,Butterfly,Men,200,2018_Nescac_Msd_Results,Tufts,"McElduff, James",Final,109.31,1:49.31
2018,200_Butterfly,Butterfly,Men,200,2018_Nescac_Msd_Results,Wesleyan,"Pourmaleki, Ali",Final,110.37,1:50.37
2018,200_Butterfly,Butterfly,Men,200,2018_Nescac_Msd_Results,Williams,"Delcompare, Lucca",Final,108.68,1:48.68
2018,200_Freestyle,Freestyle,Men,200,2018_Nescac_Msd_Results,Amherst,"Seltzer, Charlie",Final,100.42,1:40.42
2018,200_Freestyle,Freestyle,Men,200,2018_Nescac_Msd_Results,Bates,"Fuller, Tanner",Final,100.59,1:40.59
2018,200_Freestyle,Freestyle,Men,200,2018_Nescac_Msd_Results,Bowdoin,"Sarier, Karl",Final,97.89,1:37.89
2018,200_Freestyle,Freestyle,Men,200,2018_Nescac_Msd_Results,Colby,"Fritz, Wyatt",Prelim,104.22999999999999,1:44.23
2018,200_Freestyle,Freestyle,Men,200,2018_Nescac_Msd_Results,Connecticut College,"Adl, Charlie",Prelim,100.7,1:40.70
2018,200_Freestyle,Freestyle,Men,200,2018_Nescac_Msd_Results,Hamilton,"Tatro, Case",Prelim,106.67,1:46.67
2018,200_Freestyle,Freestyle,Men,200,2018_Nescac_Msd_Results,Middlebury,"Einhorn, Zack",Prelim,103.69,1:43.69
2018,200_Freestyle,Freestyle,Men,200,2018_Nescac_Msd_Results,Trinity,"Kostic, Nikola",Prelim,105.57,1:45.57
2018,200_Freestyle,Freestyle,Men,200,2018_Nescac_Msd_Results,Tufts,"Tatro, Tyler",Final,100.15,1:40.15
2018,200_Freestyle,Freestyle,Men,200,2018_Nescac_Msd_Results,Wesleyan,"Wimer, Max",Prelim,107.9,1:47.90
2018,200_Freestyle,Freestyle,Men,200,2018_Nescac_Msd_Results,Williams,"Lovette, Jamie",Prelim,98.46000000000001,1:38.46
2018,200_IM,IM,Men,200,2018_Nescac_Msd_Results,Amherst,"Wang, Brandon",Final,115.12,1:55.12
2018,200_IM,IM,Men,200,2018_Nescac_Msd_Results,Bates,"Antonellis, Nick",Final,115.36,1:55.36
2018,200_IM,IM,Men,200,2018_Nescac_Msd_Results,Bowdoin,"Sarier, Karl",Final,110.07,1:50.07
2018,200_IM,IM,Men,200,2018_Nescac_Msd_Results,Colby,"Jacobsen, Hugh",Prelim,114.83,1:54.83
2018,200_IM,IM,Men,200,2018_Nescac_Msd_Results,Connecticut College,"Garbee, Stefan",Final,113.61,1:53.61
2018,200_IM,IM,Men,200,2018_Nescac_Msd_Results,Middlebury,"McCormick, Connor",Prelim,114.47999999999999,1:54.48
2018,200_IM,IM,Men,200,2018_Nescac_Msd_Results,Trinity,"Kapanadze, Aleksander",Final,113.32,1:53.32
2018,200_IM,IM,Men,200,2018_Nescac_Msd_Results,Tufts,"Wallace, Zachary",Final,110.72,1:50.72
2018,200_IM,IM,Men,200,2018_Nescac_Msd_Results,Wesleyan,"Wong, Phillip",Prelim,118.03,1:58.03
2018,200_IM,IM,Men,200,2018_Nescac_Msd_Results,Williams,"Delcompare, Lucca",Prelim,111.63,1:51.63
2018,400_IM,IM,Men,400,2018_Nescac_Msd_Results,Amherst,"Wang, Brandon",Prelim,247.32,4:07.32
2018,400_IM,IM,Men,400,2018_Nescac_Msd_Results,Bates,"Ignatov, Alexander",Final,245.68,4:05.68
2018,400_IM,IM,Men,400,2018_Nescac_Msd_Results,Bowdoin,"Pastoriza, Stephen",Prelim,242.79,4:02.79
2018,400_IM,IM,Men,400,2018_Nescac_Msd_Results,Colby,"Macphee, Jack",Prelim,253.76,4:13.76
2018,400_IM,IM,Men,400,2018_Nescac_Msd_Results,Connecticut College,"Pite, Alan",Final,245.05,4:05.05
2018,400_IM,IM,Men,400,2018_Nescac_Msd_Results,Hamilton,"Klein, Chris",Prelim,272.5,4:32.50
2018,400_IM,IM,Men,400,2018_Nescac_Msd_Results,Middlebury,"Quinn, Charles",Final,250.05,4:10.05
2018,400_IM,IM,Men,400,2018_Nescac_Msd_Results,Trinity,"Kapanadze, Aleksander",Final,241.35,4:01.35
2018,400_IM,IM,Men,400,2018_Nescac_Msd_Results,Tufts,"McElduff, James",Final,236.65,3:56.65
2018,400_IM,IM,Men,400,2018_Nescac_Msd_Results,Wesleyan,"Lindheim-Marx, Eric",Prelim,253.1,4:13.10
2018,400_IM,IM,Men,400,2018_Nescac_Msd_Results,Williams,"Karofsky, Jackson",Final,238.66,3:58.66
2018,500_Freestyle,Freestyle,Men,500,2018_Nescac_Msd_Results,Amherst,"Seltzer, Charlie",Final,274.08,4:34.08
2018,500_Freestyle,Freestyle,Men,500,2018_Nescac_Msd_Results,Bates,"Nussbaum, Benjamin",Final,278.22,4:38.22
2018,500_Freestyle,Freestyle,Men,500,2018_Nescac_Msd_Results,Bowdoin,"Williams, Daniel",Prelim,278.26,4:38.26
2018,500_Freestyle,Freestyle,Men,500,2018_Nescac_Msd_Results,Colby,"Bedell, Ryan",Prelim,274.59000000000003,4:34.59
2018,500_Freestyle,Freestyle,Men,500,2018_Nescac_Msd_Results,Connecticut College,"Adl, Charlie",Final,274.8,4:34.80
2018,500_Freestyle,Freestyle,Men,500,2018_Nescac_Msd_Results,Hamilton,"Pearson, Trevor",Prelim,284.5,4:44.50
2018,500_Freestyle,Freestyle,Men,500,2018_Nescac_Msd_Results,Middlebury,"Wilson, Alec",Final,280.52,4:40.52
2018,500_Freestyle,Freestyle,Men,500,2018_Nescac_Msd_Results,Trinity,"Kostic, Nikola",Prelim,283.71,4:43.71
2018,500_Freestyle,Freestyle,Men,500,2018_Nescac_Msd_Results,Tufts,"Tatro, Tyler",Final,271.79,4:31.79
2018,500_Freestyle,Freestyle,Men,500,2018_Nescac_Msd_Results,Wesleyan,"Winn, Aidan",Prelim,284.56,4:44.56
2018,500_Freestyle,Freestyle,Men,500,2018_Nescac_Msd_Results,Williams,"Lovette, Jamie",Final,269.6,4:29.60
2018,50_Backstroke,Backstroke,Men,50,2018_Nescac_Msd_Results,Amherst,"Smith, Craig",Final,23.26,23.26
2018,50_Backstroke,Backstroke,Men,50,2018_Nescac_Msd_Results,Bates,"Ewing, Riley",Prelim,23.08,23.08
2018,50_Backstroke,Backstroke,Men,50,2018_Nescac_Msd_Results,Bowdoin,"Brower, McClure",Prelim,25.48,25.48
2018,50_Backstroke,Backstroke,Men,50,2018_Nescac_Msd_Results,Colby,"Geiersbach, Xander",Prelim,24.3,24.30
2018,50_Backstroke,Backstroke,Men,50,2018_Nescac_Msd_Results,Connecticut College,"Klepacki, Marc",Prelim,24.36,24.36
2018,50_Backstroke,Backstroke,Men,50,2018_Nescac_Msd_Results,Hamilton,"Anderson, Thomas",Prelim,25.79,25.79
2018,50_Backstroke,Backstroke,Men,50,2018_Nescac_Msd_Results,Middlebury,"Leech, Brendan",Final,24.34,24.34
2018,50_Backstroke,Backstroke,Men,50,2018_Nescac_Msd_Results,Trinity,"Roth, Charlie",Prelim,24.37,24.37
2018,50_Backstroke,Backstroke,Men,50,2018_Nescac_Msd_Results,Tufts,"Bowen, Kingsley",Final,22.24,22.24
2018,50_Backstroke,Backstroke,Men,50,2018_Nescac_Msd_Results,Wesleyan,"Tang, Spencer",Prelim,24.42,24.42
2018,50_Backstroke,Backstroke,Men,50,2018_Nescac_Msd_Results,Williams,"Kostolansky, Timothy",Final,22.5,22.50
2018,50_Breaststroke,Breaststroke,Men,50,2018_Nescac_Msd_Results,Amherst,"Spiro, Elijah",Final,25.07,25.07
2018,50_Breaststroke,Breaststroke,Men,50,2018_Nescac_Msd_Results,Bates,"Bedard, Alex",Prelim,25.78,25.78
2018,50_Breaststroke,Breaststroke,Men,50,2018_Nescac_Msd_Results,Bowdoin,"Netto, Mike",Final,26.12,26.12
2018,50_Breaststroke,Breaststroke,Men,50,2018_Nescac_Msd_Results,Colby,"Garfield, Carter",Prelim,26.4,26.40
2018,50_Breaststroke,Breaststroke,Men,50,2018_Nescac_Msd_Results,Connecticut College,"Easton, John",Prelim,27.53,27.53
2018,50_Breaststroke,Breaststroke,Men,50,2018_Nescac_Msd_Results,Hamilton,"Bennett, Jesse",Final,26.86,26.86
2018,50_Breaststroke,Breaststroke,Men,50,2018_Nescac_Msd_Results,Middlebury,"Pla, Stefan",Prelim,26.56,26.56
2018,50_Breaststroke,Breaststroke,Men,50,2018_Nescac_Msd_Results,Trinity,"Hunter, Ethan",Final,26.63,26.63
2018,50_Breaststroke,Breaststroke,Men,50,2018_Nescac_Msd_Results,Tufts,"Manfre, Matthew",Final,25.97,25.97
2018,50_Breaststroke,Breaststroke,Men,50,2018_Nescac_Msd_Results,Wesleyan,"Huh, Alan",Prelim,28.88,28.88
2018,50_Breaststroke,Breaststroke,Men,50,2018_Nescac_Msd_Results,Williams,"Melnick, Jack",Final,25.71,25.71
2018,50_Butterfly,Butterfly,Men,50,2018_Nescac_Msd_Results,Amherst,"Janezich, John",Prelim,22.83,22.83
2018,50_Butterfly,Butterfly,Men,50,2018_Nescac_Msd_Results,Bates,"Pender, Theodore",Final,22.12,22.12
2018,50_Butterfly,Butterfly,Men,50,2018_Nescac_Msd_Results,Bowdoin,"Abaldo, Julian",Prelim,22.54,22.54
2018,50_Butterfly,Butterfly,Men,50,2018_Nescac_Msd_Results,Colby,"Jones, Matt",Prelim,23.14,23.14
2018,50_Butterfly,Butterfly,Men,50,2018_Nescac_Msd_Results,Connecticut College,"Stephens, Weston",Prelim,22.2,22.20
2018,50_Butterfly,Butterfly,Men,50,2018_Nescac_Msd_Results,Hamilton,"Fanburg, Austin",Prelim,26.53,26.53
2018,50_Butterfly,Butterfly,Men,50,2018_Nescac_Msd_Results,Middlebury,"Pannos, Will",Final,23.18,23.18
2018,50_Butterfly,Butterfly,Men,50,2018_Nescac_Msd_Results,Trinity,"Jamilkowski, Blake",Prelim,23.17,23.17
2018,50_Butterfly,Butterfly,Men,50,2018_Nescac_Msd_Results,Tufts,"Camerano, Costantino",Final,22.64,22.64
2018,50_Butterfly,Butterfly,Men,50,2018_Nescac_Msd_Results,Wesleyan,"Kapphahn, Alex",Prelim,22.95,22.95
2018,50_Butterfly,Butterfly,Men,50,2018_Nescac_Msd_Results,Williams,"Kostolansky, Timothy",Final,21.7,21.70
2018,50_Freestyle,Freestyle,Men,50,2018_Nescac_Msd_Results,Amherst,"Koravos, Jack",Prelim,20.82,20.82
2018,50_Freestyle,Freestyle,Men,50,2018_Nescac_Msd_Results,Bates,"Fuller, Tanner",Final,21.36,21.36
2018,50_Freestyle,Freestyle,Men,50,2018_Nescac_Msd_Results,Bowdoin,"Hutchinson, Will",Final,20.77,20.77
2018,50_Freestyle,Freestyle,Men,50,2018_Nescac_Msd_Results,Colby,"Tower, Jacob",Prelim,21.4,21.40
2018,50_Freestyle,Freestyle,Men,50,2018_Nescac_Msd_Results,Connecticut College,"Freiberg, Drake",Final,20.51,20.51
2018,50_Freestyle,Freestyle,Men,50,2018_Nescac_Msd_Results,Hamilton,"Scognamillo, Valentin",Prelim,23.84,23.84
2018,50_Freestyle,Freestyle,Men,50,2018_Nescac_Msd_Results,Middlebury,"Pannos, Will",Final,21.58,21.58
2018,50_Freestyle,Freestyle,Men,50,2018_Nescac_Msd_Results,Trinity,"Pavlovic, Radojica",Prelim,20.72,20.72
2018,50_Freestyle,Freestyle,Men,50,2018_Nescac_Msd_Results,Tufts,"Gu, Roger",Final,19.95,19.95
2018,50_Freestyle,Freestyle,Men,50,2018_Nescac_Msd_Results,Wesleyan,"Kapphahn, Alex",Prelim,21.57,21.57
2018,50_Freestyle,Freestyle,Men,50,2018_Nescac_Msd_Results,Williams,"Maher, Curtis",Final,20.93,20.93
2019,100_Backstroke,Backstroke,Men,100,2019_Nescac_Msd_Results,Amherst,"Smith, Craig",Prelim,49.68,49.68
2019,100_Backstroke,Backstroke,Men,100,2019_Nescac_Msd_Results,Bates,"Waterland, Daniel",Final,51.84,51.84
2019,100_Backstroke,Backstroke,Men,100,2019_Nescac_Msd_Results,Bowdoin,"Mebust, Ted",Prelim,49.8,49.80
2019,100_Backstroke,Backstroke,Men,100,2019_Nescac_Msd_Results,Colby,"Geiersbach, Xander",Prelim,50.99,50.99
2019,100_Backstroke,Backstroke,Men,100,2019_Nescac_Msd_Results,Connecticut College,"Keenan, Casey",Prelim,51.25,51.25
2019,100_Backstroke,Backstroke,Men,100,2019_Nescac_Msd_Results,Hamilton,"Allen, Jordan",Prelim,55.16,55.16
2019,100_Backstroke,Backstroke,Men,100,2019_Nescac_Msd_Results,Middlebury,"Leech, Brendan",Prelim,51.29,51.29
2019,100_Backstroke,Backstroke,Men,100,2019_Nescac_Msd_Results,Trinity,"Long, Kyle",Prelim,56.5,56.50
2019,100_Backstroke,Backstroke,Men,100,2019_Nescac_Msd_Results,Tufts,"Bowen, Kingsley",Final,48.42,48.42P
2019,100_Backstroke,Backstroke,Men,100,2019_Nescac_Msd_Results,Wesleyan,"Kiris, Eren",Prelim,57.52,57.52
2019,100_Backstroke,Backstroke,Men,100,2019_Nescac_Msd_Results,Williams,"Whitcomb, Nick",Prelim,49.93,49.93
2019,100_Breaststroke,Breaststroke,Men,100,2019_Nescac_Msd_Results,Amherst,"Mebust, Sean",Prelim,55.75,55.75
2019,100_Breaststroke,Breaststroke,Men,100,2019_Nescac_Msd_Results,Bates,"Charest, Matthew",Prelim,56.68,56.68
2019,100_Breaststroke,Breaststroke,Men,100,2019_Nescac_Msd_Results,Bowdoin,"Tirone, Michael",Final,57.46,57.46
2019,100_Breaststroke,Breaststroke,Men,100,2019_Nescac_Msd_Results,Colby,"Garfield, Carter",Final,56.79,56.79
2019,100_Breaststroke,Breaststroke,Men,100,2019_Nescac_Msd_Results,Connecticut College,"Hunter, Dash",Final,58.83,58.83
2019,100_Breaststroke,Breaststroke,Men,100,2019_Nescac_Msd_Results,Hamilton,"Wilkins, Nick",Final,57.89,57.89
2019,100_Breaststroke,Breaststroke,Men,100,2019_Nescac_Msd_Results,Middlebury,"Fleisher, Jacob",Prelim,58.73,58.73
2019,100_Breaststroke,Breaststroke,Men,100,2019_Nescac_Msd_Results,Trinity,"Jamilkowski, Blake",Prelim,60.5,1:00.50
2019,100_Breaststroke,Breaststroke,Men,100,2019_Nescac_Msd_Results,Tufts,"Jarusinchai, Tar",Final,56.7,56.70
2019,100_Breaststroke,Breaststroke,Men,100,2019_Nescac_Msd_Results,Wesleyan,"Huh, Alan",Prelim,61.89,1:01.89
2019,100_Breaststroke,Breaststroke,Men,100,2019_Nescac_Msd_Results,Williams,"Melnick, Jack",Final,55.64,55.64
2019,100_Butterfly,Butterfly,Men,100,2019_Nescac_Msd_Results,Amherst,"Koravos, Jack",Prelim,49.07,49.07
2019,100_Butterfly,Butterfly,Men,100,2019_Nescac_Msd_Results,Bates,"Puckace, Matt",Prelim,52.11,52.11
2019,100_Butterfly,Butterfly,Men,100,2019_Nescac_Msd_Results,Bowdoin,"Abaldo, Julian",Final,50.11,50.11
2019,100_Butterfly,Butterfly,Men,100,2019_Nescac_Msd_Results,Colby,"Jones, Matt",Final,51.14,51.14
2019,100_Butterfly,Butterfly,Men,100,2019_Nescac_Msd_Results,Connecticut College,"Klepacki, Marc",Final,50.81,50.81
2019,100_Butterfly,Butterfly,Men,100,2019_Nescac_Msd_Results,Hamilton,"Clark, Alexander",Prelim,53.13,53.13
2019,100_Butterfly,Butterfly,Men,100,2019_Nescac_Msd_Results,Middlebury,"Pannos, Will",Final,50.32,50.32
2019,100_Butterfly,Butterfly,Men,100,2019_Nescac_Msd_Results,Trinity,"Rupp, Marco",Prelim,51.75,51.75
2019,100_Butterfly,Butterfly,Men,100,2019_Nescac_Msd_Results,Tufts,"Camerano, Costantino",Prelim,49.28,49.28
2019,100_Butterfly,Butterfly,Men,100,2019_Nescac_Msd_Results,Wesleyan,"Moran, Nick",Prelim,52.84,52.84
2019,100_Butterfly,Butterfly,Men,100,2019_Nescac_Msd_Results,Williams,"Pearcy, David",Final,48.95,48.95P
2019,100_Freestyle,Freestyle,Men,100,2019_Nescac_Msd_Results,Amherst,"Romeyn, Scott",Final,44.34,44.34
2019,100_Freestyle,Freestyle,Men,100,2019_Nescac_Msd_Results,Bates,"Fuller, Tanner",Final,46.33,46.33
2019,100_Freestyle,Freestyle,Men,100,2019_Nescac_Msd_Results,Bowdoin,"Sarier, Karl",Final,44.63,44.63
2019,100_Freestyle,Freestyle,Men,100,2019_Nescac_Msd_Results,Colby,"Connors, John",Prelim,46.82,46.82
2019,100_Freestyle,Freestyle,Men,100,2019_Nescac_Msd_Results,Connecticut College,"Watler, Jaleel",Prelim,46.89,46.89
2019,100_Freestyle,Freestyle,Men,100,2019_Nescac_Msd_Results,Hamilton,"Clark, Alexander",Prelim,48.48,48.48
2019,100_Freestyle,Freestyle,Men,100,2019_Nescac_Msd_Results,Middlebury,"Jalbert, Corey",Prelim,46.93,46.93
2019,100_Freestyle,Freestyle,Men,100,2019_Nescac_Msd_Results,Trinity,"Pavlovic, Radojica",Prelim,46.26,46.26
2019,100_Freestyle,Freestyle,Men,100,2019_Nescac_Msd_Results,Tufts,"Gu, Roger",Final,43.78,43.78M
2019,100_Freestyle,Freestyle,Men,100,2019_Nescac_Msd_Results,Wesleyan,"Kaufmann, Garrett",Prelim,49.87,49.87
2019,100_Freestyle,Freestyle,Men,100,2019_Nescac_Msd_Results,Williams,"Maher, Curtis",Prelim,45.76,45.76
2019,200_Backstroke,Backstroke,Men,200,2019_Nescac_Msd_Results,Amherst,"Smith, Craig",Prelim,107.24000000000001,1:47.24
2019,200_Backstroke,Backstroke,Men,200,2019_Nescac_Msd_Results,Bates,"Waterland, Daniel",Prelim,113.03,1:53.03
2019,200_Backstroke,Backstroke,Men,200,2019_Nescac_Msd_Results,Bowdoin,"Yang, Justin",Final,110.12,1:50.12
2019,200_Backstroke,Backstroke,Men,200,2019_Nescac_Msd_Results,Colby,"Geiersbach, Xander",Prelim,109.28999999999999,1:49.29
2019,200_Backstroke,Backstroke,Men,200,2019_Nescac_Msd_Results,Connecticut College,"Keenan, Casey",Prelim,110.95,1:50.95
2019,200_Backstroke,Backstroke,Men,200,2019_Nescac_Msd_Results,Hamilton,"Allen, Jordan",Prelim,120.45,2:00.45
2019,200_Backstroke,Backstroke,Men,200,2019_Nescac_Msd_Results,Middlebury,"Santoro, Kevin",Prelim,113.21000000000001,1:53.21
2019,200_Backstroke,Backstroke,Men,200,2019_Nescac_Msd_Results,Tufts,"Bowen, Kingsley",Final,106.47999999999999,1:46.48P
2019,200_Backstroke,Backstroke,Men,200,2019_Nescac_Msd_Results,Wesleyan,"Wimer, Max",Prelim,130.38,2:10.38
2019,200_Backstroke,Backstroke,Men,200,2019_Nescac_Msd_Results,Williams,"Leclerc, Paul",Prelim,108.72999999999999,1:48.73
2019,200_Breaststroke,Breaststroke,Men,200,2019_Nescac_Msd_Results,Amherst,"Mebust, Sean",Prelim,119.5,1:59.50
2019,200_Breaststroke,Breaststroke,Men,200,2019_Nescac_Msd_Results,Bates,"Bedard, Alex",Final,125.42,2:05.42
2019,200_Breaststroke,Breaststroke,Men,200,2019_Nescac_Msd_Results,Bowdoin,"Pastoriza, Stephen",Final,122.94,2:02.94
2019,200_Breaststroke,Breaststroke,Men,200,2019_Nescac_Msd_Results,Colby,"Bergman, Zachary",Prelim,126.89,2:06.89
2019,200_Breaststroke,Breaststroke,Men,200,2019_Nescac_Msd_Results,Connecticut College,"Easton, John",Prelim,128.74,2:08.74
2019,200_Breaststroke,Breaststroke,Men,200,2019_Nescac_Msd_Results,Hamilton,"Wilkins, Nick",Prelim,127.93,2:07.93
2019,200_Breaststroke,Breaststroke,Men,200,2019_Nescac_Msd_Results,Middlebury,"Fleisher, Jacob",Prelim,128.56,2:08.56
2019,200_Breaststroke,Breaststroke,Men,200,2019_Nescac_Msd_Results,Trinity,"Costello,",Prelim,136.98,2:16.98
2019,200_Breaststroke,Breaststroke,Men,200,2019_Nescac_Msd_Results,Tufts,"Gregorace, Michael",Final,127.14,2:07.14
2019,200_Breaststroke,Breaststroke,Men,200,2019_Nescac_Msd_Results,Wesleyan,"Huh, Alan",Prelim,136.53,2:16.53
2019,200_Breaststroke,Breaststroke,Men,200,2019_Nescac_Msd_Results,Williams,"Melnick, Jack",Final,124.11,2:04.11
2019,200_Butterfly,Butterfly,Men,200,2019_Nescac_Msd_Results,Amherst,"Arifovic, Adi",Final,113.78999999999999,1:53.79
2019,200_Butterfly,Butterfly,Men,200,2019_Nescac_Msd_Results,Bates,"Hall, Andrew",Prelim,113.4,1:53.40
2019,200_Butterfly,Butterfly,Men,200,2019_Nescac_Msd_Results,Bowdoin,"Macdonald, Drew",Prelim,114.03999999999999,1:54.04
2019,200_Butterfly,Butterfly,Men,200,2019_Nescac_Msd_Results,Colby,"Choi, Darrel",Prelim,113.93,1:53.93
2019,200_Butterfly,Butterfly,Men,200,2019_Nescac_Msd_Results,Connecticut College,"Garbee, Stefan",Final,111.67,1:51.67
2019,200_Butterfly,Butterfly,Men,200,2019_Nescac_Msd_Results,Hamilton,"Cornaglia, Ben",Prelim,129.67,2:09.67
2019,200_Butterfly,Butterfly,Men,200,2019_Nescac_Msd_Results,Middlebury,"Dowling, Jack",Final,114.28999999999999,1:54.29
2019,200_Butterfly,Butterfly,Men,200,2019_Nescac_Msd_Results,Trinity,"Hyduke, Gordon",Prelim,118.66,1:58.66
2019,200_Butterfly,Butterfly,Men,200,2019_Nescac_Msd_Results,Tufts,"Stout, Dawson",Final,111.50999999999999,1:51.51
2019,200_Butterfly,Butterfly,Men,200,2019_Nescac_Msd_Results,Wesleyan,"Haegelin, Jeff",Final,117.65,1:57.65
2019,200_Butterfly,Butterfly,Men,200,2019_Nescac_Msd_Results,Williams,"Delcompare, Lucca",Prelim,107.83,1:47.83
2019,200_Freestyle,Freestyle,Men,200,2019_Nescac_Msd_Results,Amherst,"Seltzer, Charlie",Final,99.41,1:39.41
2019,200_Freestyle,Freestyle,Men,200,2019_Nescac_Msd_Results,Bates,"Fuller, Tanner",Final,100.93,1:40.93
2019,200_Freestyle,Freestyle,Men,200,2019_Nescac_Msd_Results,Bowdoin,"Sarier, Karl",Final,99.75,1:39.75
2019,200_Freestyle,Freestyle,Men,200,2019_Nescac_Msd_Results,Colby,"Connors, John",Prelim,102.22999999999999,1:42.23
2019,200_Freestyle,Freestyle,Men,200,2019_Nescac_Msd_Results,Connecticut College,"Adl, Charlie",Prelim,100.96000000000001,1:40.96
2019,200_Freestyle,Freestyle,Men,200,2019_Nescac_Msd_Results,Hamilton,"Peebles, Michael",Prelim,108.50999999999999,1:48.51
2019,200_Freestyle,Freestyle,Men,200,2019_Nescac_Msd_Results,Middlebury,"Eihausen, Max",Final,104.91,1:44.91
2019,200_Freestyle,Freestyle,Men,200,2019_Nescac_Msd_Results,Trinity,"Pavlovic, Radojica",Prelim,104.34,1:44.34
2019,200_Freestyle,Freestyle,Men,200,2019_Nescac_Msd_Results,Tufts,"Gu, Roger",Final,99.75,1:39.75
2019,200_Freestyle,Freestyle,Men,200,2019_Nescac_Msd_Results,Wesleyan,"Wimer, Max",Prelim,109.19,1:49.19
2019,200_Freestyle,Freestyle,Men,200,2019_Nescac_Msd_Results,Williams,"Lovette, James",Final,97.82,1:37.82M
2019,200_IM,IM,Men,200,2019_Nescac_Msd_Results,Amherst,"Wang, Brandon",Final,114.53999999999999,1:54.54
2019,200_IM,IM,Men,200,2019_Nescac_Msd_Results,Bates,"Cory, Pieter",Prelim,112.47999999999999,1:52.48
2019,200_IM,IM,Men,200,2019_Nescac_Msd_Results,Bowdoin,"Sarier, Karl",Final,111.3,1:51.30
2019,200_IM,IM,Men,200,2019_Nescac_Msd_Results,Colby,"Garfield, Carter",Final,113.47999999999999,1:53.48
2019,200_IM,IM,Men,200,2019_Nescac_Msd_Results,Connecticut College,"Eigner, Andrew",Prelim,113.84,1:53.84
2019,200_IM,IM,Men,200,2019_Nescac_Msd_Results,Hamilton,"Wilkins, Nick",Prelim,113.88,1:53.88
2019,200_IM,IM,Men,200,2019_Nescac_Msd_Results,Middlebury,"Quinn, Charles",Final,115.45,1:55.45
2019,200_IM,IM,Men,200,2019_Nescac_Msd_Results,Trinity,"Klotz, Kevin",Prelim,124.83,2:04.83
2019,200_IM,IM,Men,200,2019_Nescac_Msd_Results,Tufts,"Jarusinchai, Tar",Final,111.09,1:51.09
2019,200_IM,IM,Men,200,2019_Nescac_Msd_Results,Williams,"Delcompare, Lucca",Prelim,110.97999999999999,1:50.98
2019,400_IM,IM,Men,400,2019_Nescac_Msd_Results,Amherst,"Wang, Brandon",Final,243.56,4:03.56
2019,400_IM,IM,Men,400,2019_Nescac_Msd_Results,Bates,"Hall, Andrew",Final,242.75,4:02.75
2019,400_IM,IM,Men,400,2019_Nescac_Msd_Results,Bowdoin,"Pastoriza, Stephen",Final,243.8,4:03.80
2019,400_IM,IM,Men,400,2019_Nescac_Msd_Results,Colby,"Macphee, Jack",Prelim,249.41,4:09.41
2019,400_IM,IM,Men,400,2019_Nescac_Msd_Results,Connecticut College,"Merrill, Colin",Final,239.84,3:59.84
2019,400_IM,IM,Men,400,2019_Nescac_Msd_Results,Hamilton,"Brindisi, Will",Final,256.91,4:16.91
2019,400_IM,IM,Men,400,2019_Nescac_Msd_Results,Middlebury,"Smith, Andrew",Final,251.86,4:11.86
2019,400_IM,IM,Men,400,2019_Nescac_Msd_Results,Trinity,"Schaum, Ryan",Prelim,248.67,4:08.67
2019,400_IM,IM,Men,400,2019_Nescac_Msd_Results,Tufts,"Kim, Joseph",Final,240.24,4:00.24
2019,400_IM,IM,Men,400,2019_Nescac_Msd_Results,Williams,"Karofsky, Jackson",Final,233.64,3:53.64
2019,500_Freestyle,Freestyle,Men,500,2019_Nescac_Msd_Results,Amherst,"Wong, Eric",Final,273.27,4:33.27
2019,500_Freestyle,Freestyle,Men,500,2019_Nescac_Msd_Results,Bates,"Ignatov, Alexander",Prelim,279.74,4:39.74
2019,500_Freestyle,Freestyle,Men,500,2019_Nescac_Msd_Results,Bowdoin,"Komishane, Coleman",Final,277.93,4:37.93
2019,500_Freestyle,Freestyle,Men,500,2019_Nescac_Msd_Results,Colby,"Bedell, Ryan",Final,272.22,4:32.22
2019,500_Freestyle,Freestyle,Men,500,2019_Nescac_Msd_Results,Connecticut College,"Nussbaum, Jared",Final,271.12,4:31.12
2019,500_Freestyle,Freestyle,Men,500,2019_Nescac_Msd_Results,Hamilton,"Brindisi, Will",Prelim,292.5,4:52.50
2019,500_Freestyle,Freestyle,Men,500,2019_Nescac_Msd_Results,Middlebury,"Wilson, Alec",Final,278.35,4:38.35
2019,500_Freestyle,Freestyle,Men,500,2019_Nescac_Msd_Results,Trinity,"Schaum, Ryan",Prelim,282.15,4:42.15
2019,500_Freestyle,Freestyle,Men,500,2019_Nescac_Msd_Results,Tufts,"Tatro, Tyler",Final,272.86,4:32.86
2019,500_Freestyle,Freestyle,Men,500,2019_Nescac_Msd_Results,Wesleyan,"Christopher, Jared",Prelim,297.87,4:57.87
2019,500_Freestyle,Freestyle,Men,500,2019_Nescac_Msd_Results,Williams,"Lovette, James",Final,267.49,4:27.49
2019,50_Backstroke,Backstroke,Men,50,2019_Nescac_Msd_Results,Amherst,"Li, Kou",Final,23.02,23.02
2019,50_Backstroke,Backstroke,Men,50,2019_Nescac_Msd_Results,Bates,"Tuttle, Calvin",Final,24.02,24.02
2019,50_Backstroke,Backstroke,Men,50,2019_Nescac_Msd_Results,Bowdoin,"Mebust, Ted",Final,22.59,22.59
2019,50_Backstroke,Backstroke,Men,50,2019_Nescac_Msd_Results,Colby,"Geiersbach, Xander",Final,23.51,23.51
2019,50_Backstroke,Backstroke,Men,50,2019_Nescac_Msd_Results,Connecticut College,"Keenan, Casey",Prelim,23.89,23.89
2019,50_Backstroke,Backstroke,Men,50,2019_Nescac_Msd_Results,Hamilton,"Allen, Jordan",Prelim,26.09,26.09
2019,50_Backstroke,Backstroke,Men,50,2019_Nescac_Msd_Results,Middlebury,"Leech, Brendan",Prelim,23.48,23.48
2019,50_Backstroke,Backstroke,Men,50,2019_Nescac_Msd_Results,Trinity,"Sweeney, Chuck",Prelim,27.49,27.49
2019,50_Backstroke,Backstroke,Men,50,2019_Nescac_Msd_Results,Tufts,"Bowen, Kingsley",Final,22.48,22.48
2019,50_Backstroke,Backstroke,Men,50,2019_Nescac_Msd_Results,Wesleyan,"Kaufmann, Garrett",Prelim,25.84,25.84
2019,50_Backstroke,Backstroke,Men,50,2019_Nescac_Msd_Results,Williams,"Whitcomb, Nick",Final,22.91,22.91
2019,50_Breaststroke,Breaststroke,Men,50,2019_Nescac_Msd_Results,Amherst,"Mebust, Sean",Final,25.54,25.54
2019,50_Breaststroke,Breaststroke,Men,50,2019_Nescac_Msd_Results,Bates,"Charest, Matthew",Prelim,25.69,25.69
2019,50_Breaststroke,Breaststroke,Men,50,2019_Nescac_Msd_Results,Bowdoin,"Tirone, Michael",Prelim,26.02,26.02
2019,50_Breaststroke,Breaststroke,Men,50,2019_Nescac_Msd_Results,Colby,"Garfield, Carter",Final,25.97,25.97
2019,50_Breaststroke,Breaststroke,Men,50,2019_Nescac_Msd_Results,Connecticut College,"Hunter, Dash",Prelim,26.98,26.98
2019,50_Breaststroke,Breaststroke,Men,50,2019_Nescac_Msd_Results,Hamilton,"Bennett, Jesse",Prelim,26.9,26.90
2019,50_Breaststroke,Breaststroke,Men,50,2019_Nescac_Msd_Results,Middlebury,"Fleisher, Jacob",Final,26.72,26.72
2019,50_Breaststroke,Breaststroke,Men,50,2019_Nescac_Msd_Results,Trinity,"Costello,",Prelim,28.44,28.44
2019,50_Breaststroke,Breaststroke,Men,50,2019_Nescac_Msd_Results,Tufts,"Manfre, Matthew",Final,25.86,25.86
2019,50_Breaststroke,Breaststroke,Men,50,2019_Nescac_Msd_Results,Wesleyan,"Huh, Alan",Prelim,28.31,28.31
2019,50_Breaststroke,Breaststroke,Men,50,2019_Nescac_Msd_Results,Williams,"Melnick, Jack",Final,25.58,25.58
2019,50_Butterfly,Butterfly,Men,50,2019_Nescac_Msd_Results,Amherst,"Koravos, Jack",Final,22.05,22.05P
2019,50_Butterfly,Butterfly,Men,50,2019_Nescac_Msd_Results,Bates,"Younger, Max",Final,23.61,23.61
2019,50_Butterfly,Butterfly,Men,50,2019_Nescac_Msd_Results,Bowdoin,"Baltaytis, Jacob",Final,22.88,22.88
2019,50_Butterfly,Butterfly,Men,50,2019_Nescac_Msd_Results,Colby,"Jones, Matt",Prelim,23.0,23.00
2019,50_Butterfly,Butterfly,Men,50,2019_Nescac_Msd_Results,Connecticut College,"Klepacki, Marc",Final,22.78,22.78
2019,50_Butterfly,Butterfly,Men,50,2019_Nescac_Msd_Results,Hamilton,"Cornaglia, Ben",Prelim,24.99,24.99
2019,50_Butterfly,Butterfly,Men,50,2019_Nescac_Msd_Results,Middlebury,"Pannos, Will",Final,22.94,22.94
2019,50_Butterfly,Butterfly,Men,50,2019_Nescac_Msd_Results,Trinity,"Jamilkowski, Blake",Final,22.82,22.82
2019,50_Butterfly,Butterfly,Men,50,2019_Nescac_Msd_Results,Tufts,"Camerano, Costantino",Final,22.12,22.12
2019,50_Butterfly,Butterfly,Men,50,2019_Nescac_Msd_Results,Wesleyan,"Moran, Nick",Prelim,23.7,23.70
2019,50_Butterfly,Butterfly,Men,50,2019_Nescac_Msd_Results,Williams,"Hart, Zeb",Final,22.24,22.24
2019,50_Freestyle,Freestyle,Men,50,2019_Nescac_Msd_Results,Amherst,"Romeyn, Scott",Final,20.26,20.26
2019,50_Freestyle,Freestyle,Men,50,2019_Nescac_Msd_Results,Bates,"Younger, Max",Final,21.48,21.48
2019,50_Freestyle,Freestyle,Men,50,2019_Nescac_Msd_Results,Bowdoin,"O'Neal, Michael",Final,21.41,21.41
2019,50_Freestyle,Freestyle,Men,50,2019_Nescac_Msd_Results,Colby,"Connors, John",Final,21.16,21.16
2019,50_Freestyle,Freestyle,Men,50,2019_Nescac_Msd_Results,Connecticut College,"Klepacki, Marc",Final,21.42,21.42
2019,50_Freestyle,Freestyle,Men,50,2019_Nescac_Msd_Results,Hamilton,"Mariani, Sandro",Prelim,21.99,21.99
2019,50_Freestyle,Freestyle,Men,50,2019_Nescac_Msd_Results,Middlebury,"Pannos, Will",Final,21.1,21.10
2019,50_Freestyle,Freestyle,Men,50,2019_Nescac_Msd_Results,Trinity,"Pavlovic, Radojica",Final,21.09,21.09
2019,50_Freestyle,Freestyle,Men,50,2019_Nescac_Msd_Results,Tufts,"Gu, Roger",Final,19.89,19.89M
2019,50_Freestyle,Freestyle,Men,50,2019_Nescac_Msd_Results,Wesleyan,"DeMann, Julian",Prelim,24.1,24.10
2019,50_Freestyle,Freestyle,Men,50,2019_Nescac_Msd_Results,Williams,"Maher, Curtis",Prelim,20.61,20.61
2020,100_Backstroke,Backstroke,Men,100,2020_Nescac_Msd_Results,Amherst,"Smith, Craig",Prelim,49.82,49.82
2020,100_Backstroke,Backstroke,Men,100,2020_Nescac_Msd_Results,Bates,"Berry, Nathan",Final,48.99,48.99
2020,100_Backstroke,Backstroke,Men,100,2020_Nescac_Msd_Results,Bowdoin,"Mebust, Ted",Prelim,49.78,49.78
2020,100_Backstroke,Backstroke,Men,100,2020_Nescac_Msd_Results,Colby,"Bitting, Caleb",Prelim,50.63,50.63
2020,100_Backstroke,Backstroke,Men,100,2020_Nescac_Msd_Results,Connecticut College,"Lockwood, Mitch",Prelim,50.86,50.86
2020,100_Backstroke,Backstroke,Men,100,2020_Nescac_Msd_Results,Hamilton,"Tatro, Evan",Prelim,53.11,53.11
2020,100_Backstroke,Backstroke,Men,100,2020_Nescac_Msd_Results,Middlebury,"Merz, Ben",Prelim,52.17,52.17
2020,100_Backstroke,Backstroke,Men,100,2020_Nescac_Msd_Results,Trinity,"Colleran, Liam",Prelim,50.35,50.35
2020,100_Backstroke,Backstroke,Men,100,2020_Nescac_Msd_Results,Tufts,"Tingen, Nate",Prelim,49.13,49.13
2020,100_Backstroke,Backstroke,Men,100,2020_Nescac_Msd_Results,Wesleyan,"Ettinger, Richard",Prelim,51.99,51.99
2020,100_Backstroke,Backstroke,Men,100,2020_Nescac_Msd_Results,Williams,"Whitcomb, Nick",Prelim,48.44,48.44
2020,100_Breaststroke,Breaststroke,Men,100,2020_Nescac_Msd_Results,Amherst,"Mebust, Sean",Prelim,55.0,55.00
2020,100_Breaststroke,Breaststroke,Men,100,2020_Nescac_Msd_Results,Bates,"Charest, Matthew",Final,56.98,56.98
2020,100_Breaststroke,Breaststroke,Men,100,2020_Nescac_Msd_Results,Bowdoin,"Burns, Alex",Prelim,63.26,1:03.26
2020,100_Breaststroke,Breaststroke,Men,100,2020_Nescac_Msd_Results,Colby,"Bergman, Zachary",Final,56.84,56.84
2020,100_Breaststroke,Breaststroke,Men,100,2020_Nescac_Msd_Results,Connecticut College,"Garbee, Stefan",Final,58.13,58.13
2020,100_Breaststroke,Breaststroke,Men,100,2020_Nescac_Msd_Results,Hamilton,"Vicioso, Emilio",Final,57.46,57.46
2020,100_Breaststroke,Breaststroke,Men,100,2020_Nescac_Msd_Results,Middlebury,"Fleisher, Jake",Prelim,59.15,59.15
2020,100_Breaststroke,Breaststroke,Men,100,2020_Nescac_Msd_Results,Trinity,"Woods, Quin",Prelim,60.32,1:00.32
2020,100_Breaststroke,Breaststroke,Men,100,2020_Nescac_Msd_Results,Tufts,"Manfre, Matthew",Prelim,56.33,56.33
2020,100_Breaststroke,Breaststroke,Men,100,2020_Nescac_Msd_Results,Wesleyan,"Kim, Jeremy",Prelim,61.43,1:01.43
2020,100_Breaststroke,Breaststroke,Men,100,2020_Nescac_Msd_Results,Williams,"Sullivan, Liam",Prelim,54.36,54.36
2020,100_Butterfly,Butterfly,Men,100,2020_Nescac_Msd_Results,Amherst,"Koravos, Jack",Final,49.25,49.25
2020,100_Butterfly,Butterfly,Men,100,2020_Nescac_Msd_Results,Bates,"Depew, Tristan",Final,50.44,50.44
2020,100_Butterfly,Butterfly,Men,100,2020_Nescac_Msd_Results,Bowdoin,"Baltaytis, Jacob",Final,50.47,50.47
2020,100_Butterfly,Butterfly,Men,100,2020_Nescac_Msd_Results,Colby,"Jones, Matt",Final,50.62,50.62
2020,100_Butterfly,Butterfly,Men,100,2020_Nescac_Msd_Results,Connecticut College,"Stern, Marc",Final,50.62,50.62
2020,100_Butterfly,Butterfly,Men,100,2020_Nescac_Msd_Results,Hamilton,"Tatro, Evan",Prelim,51.83,51.83
2020,100_Butterfly,Butterfly,Men,100,2020_Nescac_Msd_Results,Middlebury,"Pannos, Will",Final,50.38,50.38
2020,100_Butterfly,Butterfly,Men,100,2020_Nescac_Msd_Results,Trinity,"Jamilkowski, Blake",Final,51.7,51.70
2020,100_Butterfly,Butterfly,Men,100,2020_Nescac_Msd_Results,Tufts,"Camerano, Costa",Final,49.23,49.23
2020,100_Butterfly,Butterfly,Men,100,2020_Nescac_Msd_Results,Wesleyan,"Tran, Eric",Prelim,51.55,51.55
2020,100_Butterfly,Butterfly,Men,100,2020_Nescac_Msd_Results,Williams,"Pearcy, David",Prelim,48.3,48.30
2020,100_Freestyle,Freestyle,Men,100,2020_Nescac_Msd_Results,Amherst,"Romeyn, Scott",Final,44.43,44.43
2020,100_Freestyle,Freestyle,Men,100,2020_Nescac_Msd_Results,Bates,"Berry, Nathan",Prelim,45.77,45.77
2020,100_Freestyle,Freestyle,Men,100,2020_Nescac_Msd_Results,Bowdoin,"O'Connor, Ethan",Prelim,47.22,47.22
2020,100_Freestyle,Freestyle,Men,100,2020_Nescac_Msd_Results,Colby,"Connors, John",Prelim,46.21,46.21
2020,100_Freestyle,Freestyle,Men,100,2020_Nescac_Msd_Results,Connecticut College,"Adl, Charlie",Final,45.87,45.87
2020,100_Freestyle,Freestyle,Men,100,2020_Nescac_Msd_Results,Hamilton,"Mariani, Sandro",Prelim,48.63,48.63
2020,100_Freestyle,Freestyle,Men,100,2020_Nescac_Msd_Results,Middlebury,"Jalbert, Corey",Prelim,46.84,46.84
2020,100_Freestyle,Freestyle,Men,100,2020_Nescac_Msd_Results,Trinity,"Pavlovic, Radojica",Prelim,45.91,45.91
2020,100_Freestyle,Freestyle,Men,100,2020_Nescac_Msd_Results,Tufts,"Gu, Roger",Final,43.87,43.87
2020,100_Freestyle,Freestyle,Men,100,2020_Nescac_Msd_Results,Wesleyan,"Hood, Aidan",Prelim,48.18,48.18
2020,100_Freestyle,Freestyle,Men,100,2020_Nescac_Msd_Results,Williams,"Lovette, Jamie",Prelim,44.66,44.66
2020,200_Backstroke,Backstroke,Men,200,2020_Nescac_Msd_Results,Amherst,"Smith, Craig",Prelim,106.88,1:46.88
2020,200_Backstroke,Backstroke,Men,200,2020_Nescac_Msd_Results,Bates,"Waterland, Daniel",Prelim,113.25999999999999,1:53.26
2020,200_Backstroke,Backstroke,Men,200,2020_Nescac_Msd_Results,Bowdoin,"Mayers, Leighton",Final,113.82,1:53.82
2020,200_Backstroke,Backstroke,Men,200,2020_Nescac_Msd_Results,Colby,"Bitting, Caleb",Final,110.5,1:50.50
2020,200_Backstroke,Backstroke,Men,200,2020_Nescac_Msd_Results,Connecticut College,"Lockwood, Mitch",Prelim,110.77000000000001,1:50.77
2020,200_Backstroke,Backstroke,Men,200,2020_Nescac_Msd_Results,Hamilton,"Tennant, Oliver",Prelim,119.41,1:59.41
2020,200_Backstroke,Backstroke,Men,200,2020_Nescac_Msd_Results,Middlebury,"Santoro, Kevin",Prelim,112.99000000000001,1:52.99
2020,200_Backstroke,Backstroke,Men,200,2020_Nescac_Msd_Results,Trinity,"Colleran, Liam",Final,112.55,1:52.55
2020,200_Backstroke,Backstroke,Men,200,2020_Nescac_Msd_Results,Tufts,"Tingen, Nate",Prelim,107.62,1:47.62
2020,200_Backstroke,Backstroke,Men,200,2020_Nescac_Msd_Results,Wesleyan,"Ettinger, Richard",Prelim,115.07,1:55.07
2020,200_Backstroke,Backstroke,Men,200,2020_Nescac_Msd_Results,Williams,"Leclerc, Paul",Prelim,108.6,1:48.60
2020,200_Breaststroke,Breaststroke,Men,200,2020_Nescac_Msd_Results,Amherst,"Mebust, Sean",Final,119.53999999999999,1:59.54
2020,200_Breaststroke,Breaststroke,Men,200,2020_Nescac_Msd_Results,Bates,"Hall, Andrew",Final,124.65,2:04.65
2020,200_Breaststroke,Breaststroke,Men,200,2020_Nescac_Msd_Results,Bowdoin,"Kangas, Atticus",Prelim,136.78,2:16.78
2020,200_Breaststroke,Breaststroke,Men,200,2020_Nescac_Msd_Results,Colby,"Bergman, Zachary",Prelim,128.19,2:08.19
2020,200_Breaststroke,Breaststroke,Men,200,2020_Nescac_Msd_Results,Connecticut College,"Steininger,",Prelim,129.05,2:09.05
2020,200_Breaststroke,Breaststroke,Men,200,2020_Nescac_Msd_Results,Hamilton,"Wilkins, Nick",Final,126.8,2:06.80
2020,200_Breaststroke,Breaststroke,Men,200,2020_Nescac_Msd_Results,Middlebury,"Fleisher, Jake",Final,129.08,2:09.08
2020,200_Breaststroke,Breaststroke,Men,200,2020_Nescac_Msd_Results,Trinity,"Woods, Quin",Prelim,130.43,2:10.43
2020,200_Breaststroke,Breaststroke,Men,200,2020_Nescac_Msd_Results,Tufts,"Jarusinchai, Tar",Final,123.15,2:03.15
2020,200_Breaststroke,Breaststroke,Men,200,2020_Nescac_Msd_Results,Wesleyan,"Johnson, Mason",Prelim,132.63,2:12.63
2020,200_Breaststroke,Breaststroke,Men,200,2020_Nescac_Msd_Results,Williams,"Grover, Jacob",Final,118.07,1:58.07
2020,200_Butterfly,Butterfly,Men,200,2020_Nescac_Msd_Results,Amherst,"Lee, Austin",Prelim,115.2,1:55.20
2020,200_Butterfly,Butterfly,Men,200,2020_Nescac_Msd_Results,Bates,"Depew, Tristan",Final,114.22,1:54.22
2020,200_Butterfly,Butterfly,Men,200,2020_Nescac_Msd_Results,Bowdoin,"Calder, Danny",Final,114.25999999999999,1:54.26
2020,200_Butterfly,Butterfly,Men,200,2020_Nescac_Msd_Results,Colby,"Marlott, Isaac",Final,114.42,1:54.42
2020,200_Butterfly,Butterfly,Men,200,2020_Nescac_Msd_Results,Connecticut College,"Stern, Marc",Final,113.66,1:53.66
2020,200_Butterfly,Butterfly,Men,200,2020_Nescac_Msd_Results,Hamilton,"Carr, Cameron",Prelim,134.6,2:14.60
2020,200_Butterfly,Butterfly,Men,200,2020_Nescac_Msd_Results,Middlebury,"Einhorn, Zack",Final,115.44,1:55.44
2020,200_Butterfly,Butterfly,Men,200,2020_Nescac_Msd_Results,Trinity,"Schaum, Ryan",Prelim,118.59,1:58.59
2020,200_Butterfly,Butterfly,Men,200,2020_Nescac_Msd_Results,Tufts,"Cai, Sebastian",Prelim,111.28,1:51.28
2020,200_Butterfly,Butterfly,Men,200,2020_Nescac_Msd_Results,Wesleyan,"Tran, Eric",Final,111.87,1:51.87
2020,200_Butterfly,Butterfly,Men,200,2020_Nescac_Msd_Results,Williams,"Delcompare, Lucca",Prelim,108.17,1:48.17
2020,200_Freestyle,Freestyle,Men,200,2020_Nescac_Msd_Results,Amherst,"Li, Kou",Prelim,100.46000000000001,1:40.46
2020,200_Freestyle,Freestyle,Men,200,2020_Nescac_Msd_Results,Bates,"Fuller, Tanner",Final,101.77000000000001,1:41.77
2020,200_Freestyle,Freestyle,Men,200,2020_Nescac_Msd_Results,Bowdoin,"Macdonald, Drew",Final,102.38,1:42.38
2020,200_Freestyle,Freestyle,Men,200,2020_Nescac_Msd_Results,Colby,"Connors, John",Prelim,103.17,1:43.17
2020,200_Freestyle,Freestyle,Men,200,2020_Nescac_Msd_Results,Connecticut College,"Adl, Charlie",Prelim,99.28,1:39.28
2020,200_Freestyle,Freestyle,Men,200,2020_Nescac_Msd_Results,Hamilton,"Frey, Drew",Prelim,108.4,1:48.40
2020,200_Freestyle,Freestyle,Men,200,2020_Nescac_Msd_Results,Middlebury,"McKenrick, Aidan",Prelim,106.45,1:46.45
2020,200_Freestyle,Freestyle,Men,200,2020_Nescac_Msd_Results,Trinity,"Wadleigh, Karl",Prelim,102.18,1:42.18
2020,200_Freestyle,Freestyle,Men,200,2020_Nescac_Msd_Results,Tufts,"Gu, Roger",Prelim,99.86,1:39.86
2020,200_Freestyle,Freestyle,Men,200,2020_Nescac_Msd_Results,Wesleyan,"Schwartz, Andrew",Prelim,112.86,1:52.86
2020,200_Freestyle,Freestyle,Men,200,2020_Nescac_Msd_Results,Williams,"Lovette, Jamie",Prelim,97.83,1:37.83
2020,200_IM,IM,Men,200,2020_Nescac_Msd_Results,Amherst,"Scannell, Malcolm",Final,114.09,1:54.09
2020,200_IM,IM,Men,200,2020_Nescac_Msd_Results,Bates,"Hall, Andrew",Final,112.59,1:52.59
2020,200_IM,IM,Men,200,2020_Nescac_Msd_Results,Bowdoin,"Yang, Justin",Final,112.71000000000001,1:52.71
2020,200_IM,IM,Men,200,2020_Nescac_Msd_Results,Colby,"Macphee, Jack",Final,115.8,1:55.80
2020,200_IM,IM,Men,200,2020_Nescac_Msd_Results,Connecticut College,"Hunter, Dash",Prelim,116.53999999999999,1:56.54
2020,200_IM,IM,Men,200,2020_Nescac_Msd_Results,Hamilton,"Wilkins, Nick",Final,114.36,1:54.36
2020,200_IM,IM,Men,200,2020_Nescac_Msd_Results,Middlebury,"Pelletier, Sam",Final,117.11,1:57.11
2020,200_IM,IM,Men,200,2020_Nescac_Msd_Results,Trinity,"Trocchi, Tyler",Prelim,119.31,1:59.31
2020,200_IM,IM,Men,200,2020_Nescac_Msd_Results,Tufts,"Jarusinchai, Tar",Prelim,110.33,1:50.33
2020,200_IM,IM,Men,200,2020_Nescac_Msd_Results,Wesleyan,"Ettinger, Richard",Final,115.28999999999999,1:55.29
2020,200_IM,IM,Men,200,2020_Nescac_Msd_Results,Williams,"Grover, Jacob",Final,110.65,1:50.65
2020,400_IM,IM,Men,400,2020_Nescac_Msd_Results,Amherst,"Baird, Peter",Prelim,243.8,4:03.80
2020,400_IM,IM,Men,400,2020_Nescac_Msd_Results,Bates,"Hall, Andrew",Final,241.1,4:01.10
2020,400_IM,IM,Men,400,2020_Nescac_Msd_Results,Bowdoin,"Yang, Justin",Prelim,243.54,4:03.54
2020,400_IM,IM,Men,400,2020_Nescac_Msd_Results,Colby,"Macphee, Jack",Prelim,249.34,4:09.34
2020,400_IM,IM,Men,400,2020_Nescac_Msd_Results,Connecticut College,"Merrill, Colin",Final,243.4,4:03.40
2020,400_IM,IM,Men,400,2020_Nescac_Msd_Results,Hamilton,"Hays, Nate",Final,251.49,4:11.49
2020,400_IM,IM,Men,400,2020_Nescac_Msd_Results,Trinity,"Trocchi, Tyler",Prelim,256.62,4:16.62
2020,400_IM,IM,Men,400,2020_Nescac_Msd_Results,Tufts,"Gregorace, Michael",Prelim,243.57,4:03.57
2020,400_IM,IM,Men,400,2020_Nescac_Msd_Results,Wesleyan,"Brun, Alex",Prelim,253.38,4:13.38
2020,400_IM,IM,Men,400,2020_Nescac_Msd_Results,Williams,"Tan, Sean",Prelim,240.26,4:00.26
2020,500_Freestyle,Freestyle,Men,500,2020_Nescac_Msd_Results,Amherst,"Arifovic, Adi",Final,277.71,4:37.71
2020,500_Freestyle,Freestyle,Men,500,2020_Nescac_Msd_Results,Bates,"Ignatov, Alexander",Prelim,286.1,4:46.10
2020,500_Freestyle,Freestyle,Men,500,2020_Nescac_Msd_Results,Bowdoin,"Macdonald, Drew",Final,281.74,4:41.74
2020,500_Freestyle,Freestyle,Men,500,2020_Nescac_Msd_Results,Colby,"Bedell, Ryan",Prelim,272.73,4:32.73
2020,500_Freestyle,Freestyle,Men,500,2020_Nescac_Msd_Results,Connecticut College,"Adl, Charlie",Prelim,272.02,4:32.02
2020,500_Freestyle,Freestyle,Men,500,2020_Nescac_Msd_Results,Hamilton,"Peebles, Michael",Prelim,305.39,5:05.39
2020,500_Freestyle,Freestyle,Men,500,2020_Nescac_Msd_Results,Middlebury,"Wilson, Alec",Prelim,279.93,4:39.93
2020,500_Freestyle,Freestyle,Men,500,2020_Nescac_Msd_Results,Trinity,"Wadleigh, Karl",Prelim,290.27,4:50.27
2020,500_Freestyle,Freestyle,Men,500,2020_Nescac_Msd_Results,Tufts,"Lalime, John",Final,273.46,4:33.46
2020,500_Freestyle,Freestyle,Men,500,2020_Nescac_Msd_Results,Wesleyan,"Polaner, Mason",Final,282.79,4:42.79
2020,500_Freestyle,Freestyle,Men,500,2020_Nescac_Msd_Results,Williams,"Lovette, Jamie",Final,269.27,4:29.27
2020,50_Backstroke,Backstroke,Men,50,2020_Nescac_Msd_Results,Amherst,"Li, Kou",Final,22.99,22.99
2020,50_Backstroke,Backstroke,Men,50,2020_Nescac_Msd_Results,Bates,"Tuttle, Calvin",Final,24.01,24.01
2020,50_Backstroke,Backstroke,Men,50,2020_Nescac_Msd_Results,Bowdoin,"Mebust, Ted",Final,22.63,22.63
2020,50_Backstroke,Backstroke,Men,50,2020_Nescac_Msd_Results,Colby,"Geiersbach, Xander",Final,23.54,23.54
2020,50_Backstroke,Backstroke,Men,50,2020_Nescac_Msd_Results,Connecticut College,"Lockwood, Mitch",Prelim,23.56,23.56
2020,50_Backstroke,Backstroke,Men,50,2020_Nescac_Msd_Results,Hamilton,"Tennant, Oliver",Prelim,26.61,26.61
2020,50_Backstroke,Backstroke,Men,50,2020_Nescac_Msd_Results,Middlebury,"Merz, Ben",Prelim,24.11,24.11
2020,50_Backstroke,Backstroke,Men,50,2020_Nescac_Msd_Results,Trinity,"Colleran, Liam",Prelim,23.46,23.46
2020,50_Backstroke,Backstroke,Men,50,2020_Nescac_Msd_Results,Tufts,"Tingen, Nate",Final,22.85,22.85
2020,50_Backstroke,Backstroke,Men,50,2020_Nescac_Msd_Results,Wesleyan,"Kaufmann, Garrett",Prelim,26.62,26.62
2020,50_Backstroke,Backstroke,Men,50,2020_Nescac_Msd_Results,Williams,"Whitcomb, Nick",Prelim,22.56,22.56
2020,50_Breaststroke,Breaststroke,Men,50,2020_Nescac_Msd_Results,Amherst,"Mebust, Sean",Prelim,24.95,24.95
2020,50_Breaststroke,Breaststroke,Men,50,2020_Nescac_Msd_Results,Bates,"Charest, Matthew",Final,26.01,26.01
2020,50_Breaststroke,Breaststroke,Men,50,2020_Nescac_Msd_Results,Bowdoin,"Burns, Alex",Prelim,29.15,29.15
2020,50_Breaststroke,Breaststroke,Men,50,2020_Nescac_Msd_Results,Colby,"Bergman, Zachary",Final,26.13,26.13
2020,50_Breaststroke,Breaststroke,Men,50,2020_Nescac_Msd_Results,Connecticut College,"Steininger,",Prelim,26.38,26.38
2020,50_Breaststroke,Breaststroke,Men,50,2020_Nescac_Msd_Results,Hamilton,"Vicioso, Emilio",Prelim,26.67,26.67
2020,50_Breaststroke,Breaststroke,Men,50,2020_Nescac_Msd_Results,Middlebury,"Chang, Bryan",Final,26.44,26.44
2020,50_Breaststroke,Breaststroke,Men,50,2020_Nescac_Msd_Results,Trinity,"Jamilkowski, Blake",Prelim,26.69,26.69
2020,50_Breaststroke,Breaststroke,Men,50,2020_Nescac_Msd_Results,Tufts,"Manfre, Matthew",Final,25.34,25.34
2020,50_Breaststroke,Breaststroke,Men,50,2020_Nescac_Msd_Results,Wesleyan,"Kim, Jeremy",Prelim,28.04,28.04
2020,50_Breaststroke,Breaststroke,Men,50,2020_Nescac_Msd_Results,Williams,"Sullivan, Liam",Prelim,24.92,24.92
2020,50_Butterfly,Butterfly,Men,50,2020_Nescac_Msd_Results,Amherst,"Koravos, Jack",Prelim,22.31,22.31
2020,50_Butterfly,Butterfly,Men,50,2020_Nescac_Msd_Results,Bates,"Depew, Tristan",Final,23.09,23.09
2020,50_Butterfly,Butterfly,Men,50,2020_Nescac_Msd_Results,Bowdoin,"Abaldo, Julian",Prelim,22.84,22.84
2020,50_Butterfly,Butterfly,Men,50,2020_Nescac_Msd_Results,Colby,"Jones, Matt",Prelim,23.04,23.04
2020,50_Butterfly,Butterfly,Men,50,2020_Nescac_Msd_Results,Connecticut College,"Geisler, Sean",Prelim,23.25,23.25
2020,50_Butterfly,Butterfly,Men,50,2020_Nescac_Msd_Results,Hamilton,"Tatro, Evan",Prelim,23.15,23.15
2020,50_Butterfly,Butterfly,Men,50,2020_Nescac_Msd_Results,Middlebury,"Pannos, Will",Prelim,22.91,22.91
2020,50_Butterfly,Butterfly,Men,50,2020_Nescac_Msd_Results,Trinity,"Jamilkowski, Blake",Prelim,23.46,23.46
2020,50_Butterfly,Butterfly,Men,50,2020_Nescac_Msd_Results,Tufts,"Camerano, Costa",Prelim,22.33,22.33
2020,50_Butterfly,Butterfly,Men,50,2020_Nescac_Msd_Results,Wesleyan,"Moran, Nick",Prelim,24.04,24.04
2020,50_Butterfly,Butterfly,Men,50,2020_Nescac_Msd_Results,Williams,"Pearcy, David",Prelim,21.77,21.77
2020,50_Freestyle,Freestyle,Men,50,2020_Nescac_Msd_Results,Amherst,"Romeyn, Scott",Final,20.22,20.22
2020,50_Freestyle,Freestyle,Men,50,2020_Nescac_Msd_Results,Bates,"Berry, Nathan",Final,20.87,20.87
2020,50_Freestyle,Freestyle,Men,50,2020_Nescac_Msd_Results,Bowdoin,"Mebust, Ted",Prelim,20.66,20.66
2020,50_Freestyle,Freestyle,Men,50,2020_Nescac_Msd_Results,Colby,"Kronenwetter, Shaun",Prelim,20.58,20.58
2020,50_Freestyle,Freestyle,Men,50,2020_Nescac_Msd_Results,Connecticut College,"Legros, Julien",Final,21.16,21.16
2020,50_Freestyle,Freestyle,Men,50,2020_Nescac_Msd_Results,Hamilton,"Mariani, Sandro",Final,21.47,21.47
2020,50_Freestyle,Freestyle,Men,50,2020_Nescac_Msd_Results,Middlebury,"Jalbert, Corey",Prelim,21.2,21.20
2020,50_Freestyle,Freestyle,Men,50,2020_Nescac_Msd_Results,Trinity,"Pavlovic, Radojica",Final,21.0,21.00
2020,50_Freestyle,Freestyle,Men,50,2020_Nescac_Msd_Results,Tufts,"Gu, Roger",Prelim,19.78,19.78
2020,50_Freestyle,Freestyle,Men,50,2020_Nescac_Msd_Results,Wesleyan,"Hood, Aidan",Prelim,22.36,22.36
2020,50_Freestyle,Freestyle,Men,50,2020_Nescac_Msd_Results,Williams,"Stanton, Aaron",Prelim,20.74,20.74
2022,100_Backstroke,Backstroke,Men,100,2022_Nescac_Msd_Results,Amherst,"Yuen, Andrew",Prelim,50.8,50.80
2022,100_Backstroke,Backstroke,Men,100,2022_Nescac_Msd_Results,Bates,"Berry, Nathan",Final,48.4,48.40B
2022,100_Backstroke,Backstroke,Men,100,2022_Nescac_Msd_Results,Bowdoin,"Mebust, Ted",Prelim,50.04,50.04
2022,100_Backstroke,Backstroke,Men,100,2022_Nescac_Msd_Results,Colby,"Bitting, Caleb",Prelim,50.54,50.54
2022,100_Backstroke,Backstroke,Men,100,2022_Nescac_Msd_Results,Connecticut College,"Lockwood, Mitch",Prelim,50.17,50.17
2022,100_Backstroke,Backstroke,Men,100,2022_Nescac_Msd_Results,Hamilton,"Howell, Ben",Prelim,53.68,53.68
2022,100_Backstroke,Backstroke,Men,100,2022_Nescac_Msd_Results,Middlebury,"Undercofler, Jack",Prelim,50.95,50.95
2022,100_Backstroke,Backstroke,Men,100,2022_Nescac_Msd_Results,Trinity,"Colleran, Liam",Final,49.47,49.47B
2022,100_Backstroke,Backstroke,Men,100,2022_Nescac_Msd_Results,Tufts,"Tingen, Nate",Prelim,48.88,48.88
2022,100_Backstroke,Backstroke,Men,100,2022_Nescac_Msd_Results,Wesleyan,"Adames, Sebastian",Prelim,54.73,54.73
2022,100_Backstroke,Backstroke,Men,100,2022_Nescac_Msd_Results,Williams,"Whitcomb, Nick",Prelim,47.73,47.73
2022,100_Breaststroke,Breaststroke,Men,100,2022_Nescac_Msd_Results,Amherst,"Metelmann, Tor",Final,56.33,56.33
2022,100_Breaststroke,Breaststroke,Men,100,2022_Nescac_Msd_Results,Bates,"Sommer, Nathan",Final,55.58,55.58B
2022,100_Breaststroke,Breaststroke,Men,100,2022_Nescac_Msd_Results,Bowdoin,"Grand'Pierre, Alexandre",Final,53.92,53.92B
2022,100_Breaststroke,Breaststroke,Men,100,2022_Nescac_Msd_Results,Colby,"Wiater, Jerome",Prelim,57.42,57.42
2022,100_Breaststroke,Breaststroke,Men,100,2022_Nescac_Msd_Results,Connecticut College,"Steininger,",Final,56.57,56.57
2022,100_Breaststroke,Breaststroke,Men,100,2022_Nescac_Msd_Results,Hamilton,"Vicioso, Emilio",Final,55.49,55.49B
2022,100_Breaststroke,Breaststroke,Men,100,2022_Nescac_Msd_Results,Middlebury,"Hensel, Matthew",Prelim,58.4,58.40
2022,100_Breaststroke,Breaststroke,Men,100,2022_Nescac_Msd_Results,Trinity,"Woods, Quin",Prelim,58.07,58.07
2022,100_Breaststroke,Breaststroke,Men,100,2022_Nescac_Msd_Results,Tufts,"Isayiw, Luke",Prelim,56.53,56.53
2022,100_Breaststroke,Breaststroke,Men,100,2022_Nescac_Msd_Results,Wesleyan,"Stephenson, Tim",Prelim,60.08,1:00.08
2022,100_Breaststroke,Breaststroke,Men,100,2022_Nescac_Msd_Results,Williams,"Grover, Jacob",Prelim,53.47,53.47
2022,100_Butterfly,Butterfly,Men,100,2022_Nescac_Msd_Results,Amherst,"Woodsum, Ken",Final,49.02,49.02B
2022,100_Butterfly,Butterfly,Men,100,2022_Nescac_Msd_Results,Bates,"Giang, Edmond",Prelim,49.58,49.58
2022,100_Butterfly,Butterfly,Men,100,2022_Nescac_Msd_Results,Bowdoin,"Soeder, John",Final,49.77,49.77
2022,100_Butterfly,Butterfly,Men,100,2022_Nescac_Msd_Results,Colby,"Mortimer, Neil",Final,49.82,49.82
2022,100_Butterfly,Butterfly,Men,100,2022_Nescac_Msd_Results,Connecticut College,"Finkel, Justin",Final,49.77,49.77
2022,100_Butterfly,Butterfly,Men,100,2022_Nescac_Msd_Results,Hamilton,"Jee, Jack",Prelim,50.69,50.69
2022,100_Butterfly,Butterfly,Men,100,2022_Nescac_Msd_Results,Middlebury,"Esposito, Isaac",Prelim,50.8,50.80
2022,100_Butterfly,Butterfly,Men,100,2022_Nescac_Msd_Results,Trinity,"Lundy, Ben",Prelim,50.84,50.84
2022,100_Butterfly,Butterfly,Men,100,2022_Nescac_Msd_Results,Tufts,"Schreier, Ethan",Final,48.28,48.28B
2022,100_Butterfly,Butterfly,Men,100,2022_Nescac_Msd_Results,Wesleyan,"Anderson, Sam",Prelim,51.36,51.36
2022,100_Butterfly,Butterfly,Men,100,2022_Nescac_Msd_Results,Williams,"Pearcy, David",Final,47.16,47.16
2022,100_Freestyle,Freestyle,Men,100,2022_Nescac_Msd_Results,Amherst,"Romeyn, Scott",Prelim,44.36,44.36
2022,100_Freestyle,Freestyle,Men,100,2022_Nescac_Msd_Results,Bates,"Cory, Pieter",Prelim,45.09,45.09
2022,100_Freestyle,Freestyle,Men,100,2022_Nescac_Msd_Results,Bowdoin,"Mebust, Ted",Prelim,45.52,45.52
2022,100_Freestyle,Freestyle,Men,100,2022_Nescac_Msd_Results,Colby,"Connors, John",Prelim,45.68,45.68
2022,100_Freestyle,Freestyle,Men,100,2022_Nescac_Msd_Results,Connecticut College,"Adl, Charlie",Prelim,46.1,46.10
2022,100_Freestyle,Freestyle,Men,100,2022_Nescac_Msd_Results,Hamilton,"Del Rosario, Ethan",Prelim,46.43,46.43
2022,100_Freestyle,Freestyle,Men,100,2022_Nescac_Msd_Results,Middlebury,"McKenrick, Aidan",Prelim,46.36,46.36
2022,100_Freestyle,Freestyle,Men,100,2022_Nescac_Msd_Results,Trinity,"Wadleigh, Karl",Prelim,47.2,47.20
2022,100_Freestyle,Freestyle,Men,100,2022_Nescac_Msd_Results,Tufts,"LaBarge, Peter",Prelim,44.71,44.71
2022,100_Freestyle,Freestyle,Men,100,2022_Nescac_Msd_Results,Wesleyan,"Kantar, David",Prelim,47.75,47.75
2022,100_Freestyle,Freestyle,Men,100,2022_Nescac_Msd_Results,Williams,"Lovette, Jamie",Prelim,44.14,44.14
2022,200_Backstroke,Backstroke,Men,200,2022_Nescac_Msd_Results,Amherst,"Scanlan, Nolan",Prelim,108.12,1:48.12
2022,200_Backstroke,Backstroke,Men,200,2022_Nescac_Msd_Results,Bates,"Tuttle, Calvin",Final,112.65,1:52.65
2022,200_Backstroke,Backstroke,Men,200,2022_Nescac_Msd_Results,Bowdoin,"Yang, Justin",Final,108.4,1:48.40B
2022,200_Backstroke,Backstroke,Men,200,2022_Nescac_Msd_Results,Colby,"Cohen, Spencer",Prelim,110.46000000000001,1:50.46
2022,200_Backstroke,Backstroke,Men,200,2022_Nescac_Msd_Results,Connecticut College,"Lockwood, Mitch",Prelim,108.95,1:48.95
2022,200_Backstroke,Backstroke,Men,200,2022_Nescac_Msd_Results,Hamilton,"Hamann, Max",Prelim,115.94,1:55.94
2022,200_Backstroke,Backstroke,Men,200,2022_Nescac_Msd_Results,Middlebury,"Hughes, Sam",Final,109.47999999999999,1:49.48B
2022,200_Backstroke,Backstroke,Men,200,2022_Nescac_Msd_Results,Trinity,"Colleran, Liam",Prelim,111.68,1:51.68
2022,200_Backstroke,Backstroke,Men,200,2022_Nescac_Msd_Results,Tufts,"Lundgren, Eric",Final,106.52000000000001,1:46.52
2022,200_Backstroke,Backstroke,Men,200,2022_Nescac_Msd_Results,Wesleyan,"Ettinger, Richard",Prelim,114.18,1:54.18
2022,200_Backstroke,Backstroke,Men,200,2022_Nescac_Msd_Results,Williams,"Leclerc, Paul",Prelim,106.81,1:46.81
2022,200_Breaststroke,Breaststroke,Men,200,2022_Nescac_Msd_Results,Amherst,"Metelmann, Tor",Final,121.24,2:01.24B
2022,200_Breaststroke,Breaststroke,Men,200,2022_Nescac_Msd_Results,Bates,"Sommer, Nathan",Prelim,123.43,2:03.43
2022,200_Breaststroke,Breaststroke,Men,200,2022_Nescac_Msd_Results,Bowdoin,"Grand'Pierre, Alexandre",Final,119.27000000000001,1:59.27B
2022,200_Breaststroke,Breaststroke,Men,200,2022_Nescac_Msd_Results,Colby,"Wiater, Jerome",Prelim,131.59,2:11.59
2022,200_Breaststroke,Breaststroke,Men,200,2022_Nescac_Msd_Results,Connecticut College,"Hunter, Dash",Final,126.2,2:06.20
2022,200_Breaststroke,Breaststroke,Men,200,2022_Nescac_Msd_Results,Hamilton,"Wilkins, Nick",Final,125.12,2:05.12
2022,200_Breaststroke,Breaststroke,Men,200,2022_Nescac_Msd_Results,Middlebury,"Hensel, Matthew",Prelim,127.0,2:07.00
2022,200_Breaststroke,Breaststroke,Men,200,2022_Nescac_Msd_Results,Trinity,"Woods, Quin",Prelim,128.67,2:08.67
2022,200_Breaststroke,Breaststroke,Men,200,2022_Nescac_Msd_Results,Tufts,"Johnsen, Darrien",Final,123.24,2:03.24B
2022,200_Breaststroke,Breaststroke,Men,200,2022_Nescac_Msd_Results,Wesleyan,"Stephenson, Tim",Prelim,132.93,2:12.93
2022,200_Breaststroke,Breaststroke,Men,200,2022_Nescac_Msd_Results,Williams,"Grover, Jacob",Prelim,116.57,1:56.57
2022,200_Butterfly,Butterfly,Men,200,2022_Nescac_Msd_Results,Amherst,"Woodsum, Ken",Final,109.08,1:49.08B
2022,200_Butterfly,Butterfly,Men,200,2022_Nescac_Msd_Results,Bates,"Hall, Andrew",Prelim,111.38,1:51.38
2022,200_Butterfly,Butterfly,Men,200,2022_Nescac_Msd_Results,Bowdoin,"Schoenthaler, Brad",Prelim,112.69,1:52.69
2022,200_Butterfly,Butterfly,Men,200,2022_Nescac_Msd_Results,Colby,"Solash, Max",Prelim,118.9,1:58.90
2022,200_Butterfly,Butterfly,Men,200,2022_Nescac_Msd_Results,Connecticut College,"Finkel, Justin",Final,108.43,1:48.43B
2022,200_Butterfly,Butterfly,Men,200,2022_Nescac_Msd_Results,Hamilton,"McGregor, Matt",Prelim,116.09,1:56.09
2022,200_Butterfly,Butterfly,Men,200,2022_Nescac_Msd_Results,Middlebury,"Paul, Jack",Prelim,114.59,1:54.59
2022,200_Butterfly,Butterfly,Men,200,2022_Nescac_Msd_Results,Trinity,"Ciric, Tadija",Final,113.21000000000001,1:53.21
2022,200_Butterfly,Butterfly,Men,200,2022_Nescac_Msd_Results,Tufts,"Chou, Timothy",Final,111.27000000000001,1:51.27
2022,200_Butterfly,Butterfly,Men,200,2022_Nescac_Msd_Results,Wesleyan,"Tran, Eric",Prelim,112.6,1:52.60
2022,200_Butterfly,Butterfly,Men,200,2022_Nescac_Msd_Results,Williams,"Pearcy, David",Final,107.66,1:47.66P
2022,200_Freestyle,Freestyle,Men,200,2022_Nescac_Msd_Results,Amherst,"Knightly, Tyler",Prelim,99.47999999999999,1:39.48
2022,200_Freestyle,Freestyle,Men,200,2022_Nescac_Msd_Results,Bates,"Cory, Pieter",Final,101.66,1:41.66
2022,200_Freestyle,Freestyle,Men,200,2022_Nescac_Msd_Results,Bowdoin,"Komishane, Coleman",Final,101.82,1:41.82
2022,200_Freestyle,Freestyle,Men,200,2022_Nescac_Msd_Results,Colby,"Rehkopf, Carson",Prelim,101.11,1:41.11
2022,200_Freestyle,Freestyle,Men,200,2022_Nescac_Msd_Results,Connecticut College,"Adl, Charlie",Final,99.97999999999999,1:39.98B
2022,200_Freestyle,Freestyle,Men,200,2022_Nescac_Msd_Results,Hamilton,"Engel, Luke",Prelim,103.72,1:43.72
2022,200_Freestyle,Freestyle,Men,200,2022_Nescac_Msd_Results,Middlebury,"Griffis, Riley",Final,99.59,1:39.59B
2022,200_Freestyle,Freestyle,Men,200,2022_Nescac_Msd_Results,Trinity,"Wadleigh, Karl",Prelim,102.74000000000001,1:42.74
2022,200_Freestyle,Freestyle,Men,200,2022_Nescac_Msd_Results,Tufts,"Vollbrechthausen, Victor",Prelim,99.03,1:39.03
2022,200_Freestyle,Freestyle,Men,200,2022_Nescac_Msd_Results,Wesleyan,"Polaner, Mason",Final,100.97999999999999,1:40.98
2022,200_Freestyle,Freestyle,Men,200,2022_Nescac_Msd_Results,Williams,"Lovette, Jamie",Final,95.52000000000001,1:35.52
2022,200_IM,IM,Men,200,2022_Nescac_Msd_Results,Amherst,"Metelmann, Tor",Final,111.92,1:51.92
2022,200_IM,IM,Men,200,2022_Nescac_Msd_Results,Bates,"Hall, Andrew",Prelim,109.2,1:49.20
2022,200_IM,IM,Men,200,2022_Nescac_Msd_Results,Bowdoin,"Yang, Justin",Final,111.27000000000001,1:51.27B
2022,200_IM,IM,Men,200,2022_Nescac_Msd_Results,Colby,"Cohen, Spencer",Prelim,116.02000000000001,1:56.02
2022,200_IM,IM,Men,200,2022_Nescac_Msd_Results,Connecticut College,"Merrill, Colin",Prelim,115.4,1:55.40
2022,200_IM,IM,Men,200,2022_Nescac_Msd_Results,Hamilton,"Jee, Jack",Prelim,112.53999999999999,1:52.54
2022,200_IM,IM,Men,200,2022_Nescac_Msd_Results,Middlebury,"Hughes, Sam",Prelim,113.14,1:53.14
2022,200_IM,IM,Men,200,2022_Nescac_Msd_Results,Tufts,"Uribe, Brian",Final,111.03999999999999,1:51.04B
2022,200_IM,IM,Men,200,2022_Nescac_Msd_Results,Wesleyan,"Ettinger, Richard",Prelim,113.62,1:53.62
2022,200_IM,IM,Men,200,2022_Nescac_Msd_Results,Williams,"Schalet, Oliver",Prelim,108.6,1:48.60
2022,400_IM,IM,Men,400,2022_Nescac_Msd_Results,Amherst,"Baird, Peter",Final,243.12,4:03.12
2022,400_IM,IM,Men,400,2022_Nescac_Msd_Results,Bates,"Hall, Andrew",Final,238.13,3:58.13B
2022,400_IM,IM,Men,400,2022_Nescac_Msd_Results,Bowdoin,"Yang, Justin",Prelim,238.94,3:58.94
2022,400_IM,IM,Men,400,2022_Nescac_Msd_Results,Colby,"Solash, Max",Prelim,256.77,4:16.77
2022,400_IM,IM,Men,400,2022_Nescac_Msd_Results,Connecticut College,"Merrill, Colin",Final,242.54,4:02.54
2022,400_IM,IM,Men,400,2022_Nescac_Msd_Results,Hamilton,"Hays, Nate",Final,247.0,4:07.00
2022,400_IM,IM,Men,400,2022_Nescac_Msd_Results,Trinity,"Brown, Matthew",Prelim,247.24,4:07.24
2022,400_IM,IM,Men,400,2022_Nescac_Msd_Results,Tufts,"Adams, Emmett",Final,243.18,4:03.18
2022,400_IM,IM,Men,400,2022_Nescac_Msd_Results,Wesleyan,"Ettinger, Richard",Prelim,246.81,4:06.81
2022,400_IM,IM,Men,400,2022_Nescac_Msd_Results,Williams,"Karofsky, Jackson",Final,237.66,3:57.66P
2022,500_Freestyle,Freestyle,Men,500,2022_Nescac_Msd_Results,Amherst,"Taylor, Will",Prelim,271.89,4:31.89
2022,500_Freestyle,Freestyle,Men,500,2022_Nescac_Msd_Results,Bates,"Gregory, Mark",Prelim,269.52,4:29.52
2022,500_Freestyle,Freestyle,Men,500,2022_Nescac_Msd_Results,Bowdoin,"McGowan, John",Prelim,274.63,4:34.63
2022,500_Freestyle,Freestyle,Men,500,2022_Nescac_Msd_Results,Colby,"Cordick, Nate",Final,279.61,4:39.61
2022,500_Freestyle,Freestyle,Men,500,2022_Nescac_Msd_Results,Connecticut College,"Laclef, Matthew",Final,271.3,4:31.30B
2022,500_Freestyle,Freestyle,Men,500,2022_Nescac_Msd_Results,Hamilton,"Engel, Luke",Final,279.79,4:39.79
2022,500_Freestyle,Freestyle,Men,500,2022_Nescac_Msd_Results,Middlebury,"Griffis, Riley",Final,271.36,4:31.36B
2022,500_Freestyle,Freestyle,Men,500,2022_Nescac_Msd_Results,Tufts,"Szablewski, Evan",Final,273.92,4:33.92
2022,500_Freestyle,Freestyle,Men,500,2022_Nescac_Msd_Results,Wesleyan,"Polaner, Mason",Prelim,276.76,4:36.76
2022,500_Freestyle,Freestyle,Men,500,2022_Nescac_Msd_Results,Williams,"Lovette, Jamie",Final,266.07,4:26.07P
2022,50_Backstroke,Backstroke,Men,50,2022_Nescac_Msd_Results,Amherst,"Ma, Kevin",Prelim,23.05,23.05
2022,50_Backstroke,Backstroke,Men,50,2022_Nescac_Msd_Results,Bates,"Berry, Nathan",Final,22.02,22.02P
2022,50_Backstroke,Backstroke,Men,50,2022_Nescac_Msd_Results,Bowdoin,"Mebust, Ted",Final,22.81,22.81
2022,50_Backstroke,Backstroke,Men,50,2022_Nescac_Msd_Results,Colby,"Bitting, Caleb",Final,23.59,23.59
2022,50_Backstroke,Backstroke,Men,50,2022_Nescac_Msd_Results,Connecticut College,"Lockwood, Mitch",Prelim,23.44,23.44
2022,50_Backstroke,Backstroke,Men,50,2022_Nescac_Msd_Results,Hamilton,"Del Rosario, Ethan",Prelim,23.83,23.83
2022,50_Backstroke,Backstroke,Men,50,2022_Nescac_Msd_Results,Middlebury,"Undercofler, Jack",Prelim,23.74,23.74
2022,50_Backstroke,Backstroke,Men,50,2022_Nescac_Msd_Results,Trinity,"Colleran, Liam",Final,22.82,22.82
2022,50_Backstroke,Backstroke,Men,50,2022_Nescac_Msd_Results,Tufts,"Tingen, Nate",Final,22.4,22.40
2022,50_Backstroke,Backstroke,Men,50,2022_Nescac_Msd_Results,Wesleyan,"Adames, Sebastian",Prelim,25.23,25.23
2022,50_Backstroke,Backstroke,Men,50,2022_Nescac_Msd_Results,Williams,"Whitcomb, Nick",Final,22.18,22.18
2022,50_Breaststroke,Breaststroke,Men,50,2022_Nescac_Msd_Results,Amherst,"Loveless, Liam",Final,25.87,25.87
2022,50_Breaststroke,Breaststroke,Men,50,2022_Nescac_Msd_Results,Bates,"Sommer, Nathan",Prelim,25.79,25.79
2022,50_Breaststroke,Breaststroke,Men,50,2022_Nescac_Msd_Results,Bowdoin,"Grand'Pierre, Alexandre",Final,25.06,25.06
2022,50_Breaststroke,Breaststroke,Men,50,2022_Nescac_Msd_Results,Colby,"Wiater, Jerome",Prelim,25.91,25.91
2022,50_Breaststroke,Breaststroke,Men,50,2022_Nescac_Msd_Results,Connecticut College,"Steininger,",Prelim,25.79,25.79
2022,50_Breaststroke,Breaststroke,Men,50,2022_Nescac_Msd_Results,Hamilton,"Wilkins, Nick",Prelim,25.73,25.73
2022,50_Breaststroke,Breaststroke,Men,50,2022_Nescac_Msd_Results,Middlebury,"Pedersen, Christopher",Prelim,26.25,26.25
2022,50_Breaststroke,Breaststroke,Men,50,2022_Nescac_Msd_Results,Trinity,"Woods, Quin",Prelim,27.13,27.13
2022,50_Breaststroke,Breaststroke,Men,50,2022_Nescac_Msd_Results,Tufts,"Adams, Emmett",Prelim,25.44,25.44
2022,50_Breaststroke,Breaststroke,Men,50,2022_Nescac_Msd_Results,Wesleyan,"Stephenson, Tim",Prelim,27.76,27.76
2022,50_Breaststroke,Breaststroke,Men,50,2022_Nescac_Msd_Results,Williams,"Stanton, Aaron",Prelim,25.56,25.56
2022,50_Butterfly,Butterfly,Men,50,2022_Nescac_Msd_Results,Amherst,"Moy, Christian",Final,22.53,22.53
2022,50_Butterfly,Butterfly,Men,50,2022_Nescac_Msd_Results,Bates,"Giang, Edmond",Prelim,22.69,22.69
2022,50_Butterfly,Butterfly,Men,50,2022_Nescac_Msd_Results,Bowdoin,"Soeder, John",Final,22.14,22.14
2022,50_Butterfly,Butterfly,Men,50,2022_Nescac_Msd_Results,Colby,"Mortimer, Neil",Prelim,22.22,22.22
2022,50_Butterfly,Butterfly,Men,50,2022_Nescac_Msd_Results,Connecticut College,"Finkel, Justin",Final,22.3,22.30
2022,50_Butterfly,Butterfly,Men,50,2022_Nescac_Msd_Results,Hamilton,"Jee, Jack",Prelim,22.8,22.80
2022,50_Butterfly,Butterfly,Men,50,2022_Nescac_Msd_Results,Middlebury,"Esposito, Isaac",Prelim,22.81,22.81
2022,50_Butterfly,Butterfly,Men,50,2022_Nescac_Msd_Results,Trinity,"Lundy, Ben",Prelim,22.47,22.47
2022,50_Butterfly,Butterfly,Men,50,2022_Nescac_Msd_Results,Tufts,"Balbi, Joshua",Prelim,22.58,22.58
2022,50_Butterfly,Butterfly,Men,50,2022_Nescac_Msd_Results,Wesleyan,"Anderson, Sam",Final,22.82,22.82
2022,50_Butterfly,Butterfly,Men,50,2022_Nescac_Msd_Results,Williams,"Nichol,",Prelim,21.48,21.48
2022,50_Freestyle,Freestyle,Men,50,2022_Nescac_Msd_Results,Amherst,"Romeyn, Scott",Final,20.01,20.01P
2022,50_Freestyle,Freestyle,Men,50,2022_Nescac_Msd_Results,Bates,"Cory, Pieter",Final,20.67,20.67
2022,50_Freestyle,Freestyle,Men,50,2022_Nescac_Msd_Results,Bowdoin,"Ward, Steve",Prelim,21.02,21.02
2022,50_Freestyle,Freestyle,Men,50,2022_Nescac_Msd_Results,Colby,"Connors, John",Prelim,20.26,20.26
2022,50_Freestyle,Freestyle,Men,50,2022_Nescac_Msd_Results,Connecticut College,"Legros, Julien",Final,20.76,20.76
2022,50_Freestyle,Freestyle,Men,50,2022_Nescac_Msd_Results,Hamilton,"Del Rosario, Ethan",Prelim,21.57,21.57
2022,50_Freestyle,Freestyle,Men,50,2022_Nescac_Msd_Results,Middlebury,"McKenrick, Aidan",Prelim,21.15,21.15
2022,50_Freestyle,Freestyle,Men,50,2022_Nescac_Msd_Results,Trinity,"Lundy, Ben",Prelim,21.32,21.32
2022,50_Freestyle,Freestyle,Men,50,2022_Nescac_Msd_Results,Tufts,"LaBarge, Peter",Final,20.18,20.18B
2022,50_Freestyle,Freestyle,Men,50,2022_Nescac_Msd_Results,Wesleyan,"Kantar, David",Prelim,21.8,21.80
2022,50_Freestyle,Freestyle,Men,50,2022_Nescac_Msd_Results,Williams,"Nichol,",Prelim,20.28,20.28
2023,100_Backstroke,Backstroke,Men,100,2023_Nescac_Msd_Results,Amherst,"Olson, Jaden",Final,49.9,49.90
2023,100_Backstroke,Backstroke,Men,100,2023_Nescac_Msd_Results,Bates,"Berry, Nathan",Final,46.82,46.82!
2023,100_Backstroke,Backstroke,Men,100,2023_Nescac_Msd_Results,Bowdoin,"Tran, Jack",Final,49.7,49.70
2023,100_Backstroke,Backstroke,Men,100,2023_Nescac_Msd_Results,Colby,"Kronenwetter, Shaun",Final,50.34,50.34
2023,100_Backstroke,Backstroke,Men,100,2023_Nescac_Msd_Results,Connecticut College,"Morris, Matthew",Final,50.21,50.21
2023,100_Backstroke,Backstroke,Men,100,2023_Nescac_Msd_Results,Hamilton,"Cho, Jun",Prelim,53.94,53.94
2023,100_Backstroke,Backstroke,Men,100,2023_Nescac_Msd_Results,Middlebury,"Hughes, Sam",Final,50.12,50.12
2023,100_Backstroke,Backstroke,Men,100,2023_Nescac_Msd_Results,Trinity,"Colleran, Liam",Prelim,51.43,51.43
2023,100_Backstroke,Backstroke,Men,100,2023_Nescac_Msd_Results,Tufts,"Lundgren, Eric",Final,47.77,47.77B
2023,100_Backstroke,Backstroke,Men,100,2023_Nescac_Msd_Results,Wesleyan,"Adames, Sebastian",Prelim,53.81,53.81
2023,100_Backstroke,Backstroke,Men,100,2023_Nescac_Msd_Results,Williams,"Whitcomb, Nick",Prelim,47.87,47.87
2023,100_Breaststroke,Breaststroke,Men,100,2023_Nescac_Msd_Results,Amherst,"Gerber, Jeff",Final,55.67,55.67B
2023,100_Breaststroke,Breaststroke,Men,100,2023_Nescac_Msd_Results,Bates,"Sommer, Nathan",Final,55.47,55.47B
2023,100_Breaststroke,Breaststroke,Men,100,2023_Nescac_Msd_Results,Bowdoin,"Grand'Pierre, Alexandre",Final,53.66,53.66P
2023,100_Breaststroke,Breaststroke,Men,100,2023_Nescac_Msd_Results,Colby,"Wiater, Jerome",Final,56.18,56.18
2023,100_Breaststroke,Breaststroke,Men,100,2023_Nescac_Msd_Results,Connecticut College,"Geisler, Sean",Prelim,58.53,58.53
2023,100_Breaststroke,Breaststroke,Men,100,2023_Nescac_Msd_Results,Hamilton,"Vicioso, Emilio",Final,54.67,54.67B
2023,100_Breaststroke,Breaststroke,Men,100,2023_Nescac_Msd_Results,Middlebury,"Shen, Paul",Final,56.01,56.01
2023,100_Breaststroke,Breaststroke,Men,100,2023_Nescac_Msd_Results,Trinity,"Woods, Quin",Prelim,58.03,58.03
2023,100_Breaststroke,Breaststroke,Men,100,2023_Nescac_Msd_Results,Tufts,"Adams, Emmett",Prelim,55.61,55.61
2023,100_Breaststroke,Breaststroke,Men,100,2023_Nescac_Msd_Results,Wesleyan,"Roychoudhury, Devayan",Prelim,59.79,59.79
2023,100_Breaststroke,Breaststroke,Men,100,2023_Nescac_Msd_Results,Williams,"Grover, Jacob",Final,54.06,54.06B
2023,100_Butterfly,Butterfly,Men,100,2023_Nescac_Msd_Results,Amherst,"Olson, Jaden",Final,48.84,48.84
2023,100_Butterfly,Butterfly,Men,100,2023_Nescac_Msd_Results,Bates,"Depew, Tristan",Final,49.99,49.99
2023,100_Butterfly,Butterfly,Men,100,2023_Nescac_Msd_Results,Bowdoin,"Edwards, Rhys",Final,49.97,49.97
2023,100_Butterfly,Butterfly,Men,100,2023_Nescac_Msd_Results,Colby,"Mortimer, Neil",Final,47.33,47.33
2023,100_Butterfly,Butterfly,Men,100,2023_Nescac_Msd_Results,Connecticut College,"Bartolomucci, Andrew",Prelim,51.62,51.62
2023,100_Butterfly,Butterfly,Men,100,2023_Nescac_Msd_Results,Hamilton,"Jee, Jack",Prelim,49.96,49.96
2023,100_Butterfly,Butterfly,Men,100,2023_Nescac_Msd_Results,Middlebury,"Undercofler, Jack",Prelim,50.23,50.23
2023,100_Butterfly,Butterfly,Men,100,2023_Nescac_Msd_Results,Trinity,"Lundy, Ben",Prelim,49.39,49.39
2023,100_Butterfly,Butterfly,Men,100,2023_Nescac_Msd_Results,Tufts,"Sikka, Armaan",Final,47.67,47.67
2023,100_Butterfly,Butterfly,Men,100,2023_Nescac_Msd_Results,Wesleyan,"Hong, Harrison",Prelim,50.11,50.11
2023,100_Butterfly,Butterfly,Men,100,2023_Nescac_Msd_Results,Williams,"Nichol,",Final,48.29,48.29
2023,100_Freestyle,Freestyle,Men,100,2023_Nescac_Msd_Results,Amherst,"Olson, Jaden",Prelim,46.14,46.14
2023,100_Freestyle,Freestyle,Men,100,2023_Nescac_Msd_Results,Bates,"Berry, Nathan",Final,44.48,44.48B
2023,100_Freestyle,Freestyle,Men,100,2023_Nescac_Msd_Results,Bowdoin,"Lee, Penn",Prelim,45.69,45.69
2023,100_Freestyle,Freestyle,Men,100,2023_Nescac_Msd_Results,Colby,"Kronenwetter, Shaun",Prelim,44.81,44.81
2023,100_Freestyle,Freestyle,Men,100,2023_Nescac_Msd_Results,Connecticut College,"Legros, Julien",Final,45.75,45.75
2023,100_Freestyle,Freestyle,Men,100,2023_Nescac_Msd_Results,Hamilton,"Howell, Ben",Final,46.31,46.31
2023,100_Freestyle,Freestyle,Men,100,2023_Nescac_Msd_Results,Middlebury,"Griffis, Riley",Final,46.29,46.29
2023,100_Freestyle,Freestyle,Men,100,2023_Nescac_Msd_Results,Trinity,"Lundy, Ben",Prelim,47.12,47.12
2023,100_Freestyle,Freestyle,Men,100,2023_Nescac_Msd_Results,Tufts,"Labarge, Peter",Final,44.52,44.52B
2023,100_Freestyle,Freestyle,Men,100,2023_Nescac_Msd_Results,Wesleyan,"Polaner, Mason",Final,45.74,45.74
2023,100_Freestyle,Freestyle,Men,100,2023_Nescac_Msd_Results,Williams,"Schalet, Oliver",Prelim,44.79,44.79
2023,200_Backstroke,Backstroke,Men,200,2023_Nescac_Msd_Results,Amherst,"Luetke, Jonah",Prelim,108.7,1:48.70
2023,200_Backstroke,Backstroke,Men,200,2023_Nescac_Msd_Results,Bates,"Gold, Lucas",Prelim,113.7,1:53.70
2023,200_Backstroke,Backstroke,Men,200,2023_Nescac_Msd_Results,Bowdoin,"Roehr, Liam",Final,109.61,1:49.61B
2023,200_Backstroke,Backstroke,Men,200,2023_Nescac_Msd_Results,Colby,"Cohen, Spencer",Prelim,109.78,1:49.78
2023,200_Backstroke,Backstroke,Men,200,2023_Nescac_Msd_Results,Connecticut College,"Trzewik-Quinn, Tadjiu",Prelim,109.5,1:49.50
2023,200_Backstroke,Backstroke,Men,200,2023_Nescac_Msd_Results,Hamilton,"Boyd, Jamie",Prelim,117.95,1:57.95
2023,200_Backstroke,Backstroke,Men,200,2023_Nescac_Msd_Results,Middlebury,"Hughes, Sam",Final,108.24000000000001,1:48.24B
2023,200_Backstroke,Backstroke,Men,200,2023_Nescac_Msd_Results,Trinity,"Colleran, Liam",Prelim,115.11,1:55.11
2023,200_Backstroke,Backstroke,Men,200,2023_Nescac_Msd_Results,Tufts,"Lundgren, Eric",Final,104.46000000000001,1:44.46!
2023,200_Backstroke,Backstroke,Men,200,2023_Nescac_Msd_Results,Wesleyan,"Lafferty, Jacob",Prelim,115.50999999999999,1:55.51
2023,200_Backstroke,Backstroke,Men,200,2023_Nescac_Msd_Results,Williams,"Whitcomb, Nick",Prelim,107.45,1:47.45
2023,200_Breaststroke,Breaststroke,Men,200,2023_Nescac_Msd_Results,Amherst,"Metelmann, Tor",Final,120.49,2:00.49B
2023,200_Breaststroke,Breaststroke,Men,200,2023_Nescac_Msd_Results,Bates,"Sommer, Nathan",Prelim,123.05,2:03.05
2023,200_Breaststroke,Breaststroke,Men,200,2023_Nescac_Msd_Results,Bowdoin,"Grand'Pierre, Alexandre",Final,118.88,1:58.88B
2023,200_Breaststroke,Breaststroke,Men,200,2023_Nescac_Msd_Results,Colby,"Maclennan, Alexander",Final,123.09,2:03.09
2023,200_Breaststroke,Breaststroke,Men,200,2023_Nescac_Msd_Results,Connecticut College,"Hunter, Dash",Prelim,129.77,2:09.77
2023,200_Breaststroke,Breaststroke,Men,200,2023_Nescac_Msd_Results,Hamilton,"Ha, Edward",Prelim,125.84,2:05.84
2023,200_Breaststroke,Breaststroke,Men,200,2023_Nescac_Msd_Results,Middlebury,"Shen, Paul",Prelim,122.72,2:02.72
2023,200_Breaststroke,Breaststroke,Men,200,2023_Nescac_Msd_Results,Trinity,"Woods, Quin",Prelim,127.27,2:07.27
2023,200_Breaststroke,Breaststroke,Men,200,2023_Nescac_Msd_Results,Tufts,"Townson, Connor",Final,121.8,2:01.80B
2023,200_Breaststroke,Breaststroke,Men,200,2023_Nescac_Msd_Results,Wesleyan,"Isman, Daniel",Prelim,126.8,2:06.80
2023,200_Breaststroke,Breaststroke,Men,200,2023_Nescac_Msd_Results,Williams,"Grover, Jacob",Final,117.22,1:57.22P
2023,200_Butterfly,Butterfly,Men,200,2023_Nescac_Msd_Results,Amherst,"LeCates, Henry",Prelim,111.53,1:51.53
2023,200_Butterfly,Butterfly,Men,200,2023_Nescac_Msd_Results,Bates,"Giang, Edmond",Prelim,113.93,1:53.93
2023,200_Butterfly,Butterfly,Men,200,2023_Nescac_Msd_Results,Bowdoin,"Schoenthaler, Brad",Final,112.00999999999999,1:52.01
2023,200_Butterfly,Butterfly,Men,200,2023_Nescac_Msd_Results,Colby,"Minickiello, Anthony",Prelim,115.22,1:55.22
2023,200_Butterfly,Butterfly,Men,200,2023_Nescac_Msd_Results,Connecticut College,"Finkel, Justin",Final,105.31,1:45.31!
2023,200_Butterfly,Butterfly,Men,200,2023_Nescac_Msd_Results,Hamilton,"McGregor, Matt",Final,115.13,1:55.13
2023,200_Butterfly,Butterfly,Men,200,2023_Nescac_Msd_Results,Middlebury,"McNamara, Luke",Final,110.97999999999999,1:50.98
2023,200_Butterfly,Butterfly,Men,200,2023_Nescac_Msd_Results,Trinity,"Ciric, Tadija",Final,113.72,1:53.72
2023,200_Butterfly,Butterfly,Men,200,2023_Nescac_Msd_Results,Tufts,"Schreier, Ethan",Prelim,107.43,1:47.43
2023,200_Butterfly,Butterfly,Men,200,2023_Nescac_Msd_Results,Wesleyan,"Tran, Eric",Final,111.35,1:51.35
2023,200_Butterfly,Butterfly,Men,200,2023_Nescac_Msd_Results,Williams,"Tunggal, Nathaniel",Prelim,110.47999999999999,1:50.48
2023,200_Freestyle,Freestyle,Men,200,2023_Nescac_Msd_Results,Amherst,"Knightly, Tyler",Final,99.33,1:39.33B
2023,200_Freestyle,Freestyle,Men,200,2023_Nescac_Msd_Results,Bates,"Cory, Maximillian",Prelim,100.38,1:40.38
2023,200_Freestyle,Freestyle,Men,200,2023_Nescac_Msd_Results,Bowdoin,"McGowan, John",Prelim,100.63,1:40.63
2023,200_Freestyle,Freestyle,Men,200,2023_Nescac_Msd_Results,Colby,"Rehkopf, Carson",Prelim,101.08,1:41.08
2023,200_Freestyle,Freestyle,Men,200,2023_Nescac_Msd_Results,Connecticut College,"Finkel, Justin",Final,97.25999999999999,1:37.26B
2023,200_Freestyle,Freestyle,Men,200,2023_Nescac_Msd_Results,Hamilton,"Engel, Luke",Prelim,103.53,1:43.53
2023,200_Freestyle,Freestyle,Men,200,2023_Nescac_Msd_Results,Middlebury,"Griffis, Riley",Final,98.61,1:38.61B
2023,200_Freestyle,Freestyle,Men,200,2023_Nescac_Msd_Results,Trinity,"Trocchi, Tyler",Prelim,104.72999999999999,1:44.73
2023,200_Freestyle,Freestyle,Men,200,2023_Nescac_Msd_Results,Tufts,"Houlton, Eli",Final,100.39,1:40.39
2023,200_Freestyle,Freestyle,Men,200,2023_Nescac_Msd_Results,Wesleyan,"Polaner, Mason",Prelim,100.47999999999999,1:40.48
2023,200_Freestyle,Freestyle,Men,200,2023_Nescac_Msd_Results,Williams,"Williams, Harrison",Final,100.0,1:40.00
2023,200_IM,IM,Men,200,2023_Nescac_Msd_Results,Amherst,"Metelmann, Tor",Final,110.49000000000001,1:50.49B
2023,200_IM,IM,Men,200,2023_Nescac_Msd_Results,Bates,"Mocarski, Jack",Prelim,116.47999999999999,1:56.48
2023,200_IM,IM,Men,200,2023_Nescac_Msd_Results,Bowdoin,"Zhang, Dylan",Prelim,112.67,1:52.67
2023,200_IM,IM,Men,200,2023_Nescac_Msd_Results,Colby,"Maclennan, Alexander",Final,110.3,1:50.30B
2023,200_IM,IM,Men,200,2023_Nescac_Msd_Results,Connecticut College,"Stern, Marc",Prelim,112.45,1:52.45
2023,200_IM,IM,Men,200,2023_Nescac_Msd_Results,Hamilton,"Jee, Jack",Prelim,114.11,1:54.11
2023,200_IM,IM,Men,200,2023_Nescac_Msd_Results,Middlebury,"Hensel, Matthew",Prelim,114.71000000000001,1:54.71
2023,200_IM,IM,Men,200,2023_Nescac_Msd_Results,Trinity,"Trocchi, Tyler",Prelim,117.88,1:57.88
2023,200_IM,IM,Men,200,2023_Nescac_Msd_Results,Tufts,"Townson, Connor",Final,110.72999999999999,1:50.73B
2023,200_IM,IM,Men,200,2023_Nescac_Msd_Results,Wesleyan,"Ettinger, Richard",Final,113.38,1:53.38
2023,200_IM,IM,Men,200,2023_Nescac_Msd_Results,Williams,"Schalet, Oliver",Final,108.07,1:48.07
2023,400_IM,IM,Men,400,2023_Nescac_Msd_Results,Amherst,"Jang, Michael",Prelim,243.67,4:03.67
2023,400_IM,IM,Men,400,2023_Nescac_Msd_Results,Bates,"Mocarski, Jack",Final,245.08,4:05.08
2023,400_IM,IM,Men,400,2023_Nescac_Msd_Results,Bowdoin,"Peabody, Brim",Final,242.58,4:02.58
2023,400_IM,IM,Men,400,2023_Nescac_Msd_Results,Colby,"Spragg, Benjamin",Final,244.02,4:04.02
2023,400_IM,IM,Men,400,2023_Nescac_Msd_Results,Connecticut College,"Trzewik-Quinn, Tadjiu",Prelim,242.9,4:02.90
2023,400_IM,IM,Men,400,2023_Nescac_Msd_Results,Hamilton,"Hays, Nate",Final,245.69,4:05.69
2023,400_IM,IM,Men,400,2023_Nescac_Msd_Results,Middlebury,"Sonne, Will",Prelim,253.25,4:13.25
2023,400_IM,IM,Men,400,2023_Nescac_Msd_Results,Tufts,"Townson, Connor",Final,237.62,3:57.62B
2023,400_IM,IM,Men,400,2023_Nescac_Msd_Results,Wesleyan,"Tran, Eric",Prelim,245.16,4:05.16
2023,400_IM,IM,Men,400,2023_Nescac_Msd_Results,Williams,"Schalet, Oliver",Final,237.2,3:57.20B
2023,500_Freestyle,Freestyle,Men,500,2023_Nescac_Msd_Results,Amherst,"Knightly, Tyler",Final,272.34000000000003,4:32.34
2023,500_Freestyle,Freestyle,Men,500,2023_Nescac_Msd_Results,Bates,"Gregory, Mark",Prelim,270.73,4:30.73
2023,500_Freestyle,Freestyle,Men,500,2023_Nescac_Msd_Results,Bowdoin,"McGowan, John",Prelim,277.12,4:37.12
2023,500_Freestyle,Freestyle,Men,500,2023_Nescac_Msd_Results,Colby,"Cordick, Nate",Final,279.6,4:39.60
2023,500_Freestyle,Freestyle,Men,500,2023_Nescac_Msd_Results,Connecticut College,"Finkel, Justin",Final,265.9,4:25.90!
2023,500_Freestyle,Freestyle,Men,500,2023_Nescac_Msd_Results,Hamilton,"Engel, Luke",Prelim,282.25,4:42.25
2023,500_Freestyle,Freestyle,Men,500,2023_Nescac_Msd_Results,Middlebury,"Griffis, Riley",Final,268.5,4:28.50B
2023,500_Freestyle,Freestyle,Men,500,2023_Nescac_Msd_Results,Trinity,"Brown, Matthew",Prelim,288.11,4:48.11
2023,500_Freestyle,Freestyle,Men,500,2023_Nescac_Msd_Results,Tufts,"Houlton, Eli",Final,276.25,4:36.25
2023,500_Freestyle,Freestyle,Men,500,2023_Nescac_Msd_Results,Wesleyan,"Polaner, Mason",Prelim,275.0,4:35.00
2023,500_Freestyle,Freestyle,Men,500,2023_Nescac_Msd_Results,Williams,"Anderson, Carter",Final,267.08,4:27.08B
2023,50_Backstroke,Backstroke,Men,50,2023_Nescac_Msd_Results,Amherst,"Yuen, Andrew",Final,23.25,23.25
2023,50_Backstroke,Backstroke,Men,50,2023_Nescac_Msd_Results,Bates,"Beebe, Kyle",Final,24.11,24.11
2023,50_Backstroke,Backstroke,Men,50,2023_Nescac_Msd_Results,Bowdoin,"Tran, Jack",Final,23.22,23.22
2023,50_Backstroke,Backstroke,Men,50,2023_Nescac_Msd_Results,Colby,"Xiong, Brandon",Final,22.79,22.79
2023,50_Backstroke,Backstroke,Men,50,2023_Nescac_Msd_Results,Connecticut College,"Morris, Matthew",Prelim,23.82,23.82
2023,50_Backstroke,Backstroke,Men,50,2023_Nescac_Msd_Results,Hamilton,"Cho, Jun",Prelim,24.58,24.58
2023,50_Backstroke,Backstroke,Men,50,2023_Nescac_Msd_Results,Middlebury,"Undercofler, Jack",Prelim,23.24,23.24
2023,50_Backstroke,Backstroke,Men,50,2023_Nescac_Msd_Results,Trinity,"Colleran, Liam",Final,23.46,23.46
2023,50_Backstroke,Backstroke,Men,50,2023_Nescac_Msd_Results,Tufts,"Lundgren, Eric",Prelim,22.21,22.21
2023,50_Backstroke,Backstroke,Men,50,2023_Nescac_Msd_Results,Wesleyan,"Bretall, Fritz",Prelim,24.32,24.32
2023,50_Backstroke,Backstroke,Men,50,2023_Nescac_Msd_Results,Williams,"Whitcomb, Nick",Final,22.04,22.04
2023,50_Breaststroke,Breaststroke,Men,50,2023_Nescac_Msd_Results,Amherst,"Gerber, Jeff",Final,25.25,25.25
2023,50_Breaststroke,Breaststroke,Men,50,2023_Nescac_Msd_Results,Bates,"Somridhivej, Marrich",Final,25.26,25.26
2023,50_Breaststroke,Breaststroke,Men,50,2023_Nescac_Msd_Results,Bowdoin,"Grand'Pierre, Alexandre",Final,24.74,24.74
2023,50_Breaststroke,Breaststroke,Men,50,2023_Nescac_Msd_Results,Colby,"Brogan, Brian",Final,25.83,25.83
2023,50_Breaststroke,Breaststroke,Men,50,2023_Nescac_Msd_Results,Connecticut College,"Geisler, Sean",Prelim,25.85,25.85
2023,50_Breaststroke,Breaststroke,Men,50,2023_Nescac_Msd_Results,Hamilton,"Vicioso, Emilio",Final,25.06,25.06
2023,50_Breaststroke,Breaststroke,Men,50,2023_Nescac_Msd_Results,Middlebury,"Pedersen, Christopher",Final,25.93,25.93
2023,50_Breaststroke,Breaststroke,Men,50,2023_Nescac_Msd_Results,Trinity,"Woods, Quin",Prelim,26.84,26.84
2023,50_Breaststroke,Breaststroke,Men,50,2023_Nescac_Msd_Results,Tufts,"Adams, Emmett",Prelim,25.32,25.32
2023,50_Breaststroke,Breaststroke,Men,50,2023_Nescac_Msd_Results,Wesleyan,"Roychoudhury, Devayan",Prelim,27.25,27.25
2023,50_Breaststroke,Breaststroke,Men,50,2023_Nescac_Msd_Results,Williams,"Sullivan, Liam",Final,25.23,25.23
2023,50_Butterfly,Butterfly,Men,50,2023_Nescac_Msd_Results,Amherst,"Moy, Christian",Final,22.1,22.10
2023,50_Butterfly,Butterfly,Men,50,2023_Nescac_Msd_Results,Bates,"Depew, Tristan",Final,22.74,22.74
2023,50_Butterfly,Butterfly,Men,50,2023_Nescac_Msd_Results,Bowdoin,"Tran, Jack",Final,21.72,21.72
2023,50_Butterfly,Butterfly,Men,50,2023_Nescac_Msd_Results,Colby,"Mortimer, Neil",Final,20.99,20.99
2023,50_Butterfly,Butterfly,Men,50,2023_Nescac_Msd_Results,Connecticut College,"Esposito, Jacob",Final,23.17,23.17
2023,50_Butterfly,Butterfly,Men,50,2023_Nescac_Msd_Results,Hamilton,"Jee, Jack",Final,22.24,22.24
2023,50_Butterfly,Butterfly,Men,50,2023_Nescac_Msd_Results,Middlebury,"Dou, Andrew",Prelim,23.01,23.01
2023,50_Butterfly,Butterfly,Men,50,2023_Nescac_Msd_Results,Trinity,"Lundy, Ben",Prelim,22.22,22.22
2023,50_Butterfly,Butterfly,Men,50,2023_Nescac_Msd_Results,Tufts,"Sikka, Armaan",Final,22.01,22.01
2023,50_Butterfly,Butterfly,Men,50,2023_Nescac_Msd_Results,Wesleyan,"Hong, Harrison",Final,22.4,22.40
2023,50_Butterfly,Butterfly,Men,50,2023_Nescac_Msd_Results,Williams,"Nichol,",Prelim,21.14,21.14
2023,50_Freestyle,Freestyle,Men,50,2023_Nescac_Msd_Results,Amherst,"Van De Water, Ethan",Final,20.83,20.83
2023,50_Freestyle,Freestyle,Men,50,2023_Nescac_Msd_Results,Bates,"Berry, Nathan",Final,20.0,20.00B
2023,50_Freestyle,Freestyle,Men,50,2023_Nescac_Msd_Results,Bowdoin,"Ward, Steve",Final,20.94,20.94
2023,50_Freestyle,Freestyle,Men,50,2023_Nescac_Msd_Results,Colby,"Mortimer, Neil",Final,20.17,20.17B
2023,50_Freestyle,Freestyle,Men,50,2023_Nescac_Msd_Results,Connecticut College,"Legros, Julien",Final,20.31,20.31B
2023,50_Freestyle,Freestyle,Men,50,2023_Nescac_Msd_Results,Hamilton,"Del Rosario, Ethan",Prelim,20.94,20.94
2023,50_Freestyle,Freestyle,Men,50,2023_Nescac_Msd_Results,Middlebury,"Pedersen, Christopher",Prelim,21.37,21.37
2023,50_Freestyle,Freestyle,Men,50,2023_Nescac_Msd_Results,Trinity,"McDermott, Dillon",Prelim,21.58,21.58
2023,50_Freestyle,Freestyle,Men,50,2023_Nescac_Msd_Results,Tufts,"Labarge, Peter",Final,19.93,19.93B
2023,50_Freestyle,Freestyle,Men,50,2023_Nescac_Msd_Results,Wesleyan,"Kantar, David",Prelim,21.62,21.62
2023,50_Freestyle,Freestyle,Men,50,2023_Nescac_Msd_Results,Williams,"Nichol,",Prelim,19.9,19.90
2024,100_Backstroke,Backstroke,Men,100,2024_Nescac_Msd_Results,Amherst,"Yuen, Andrew",Final,50.82,50.82
2024,100_Backstroke,Backstroke,Men,100,2024_Nescac_Msd_Results,Bates,"Johnson, Tim",Prelim,50.55,50.55
2024,100_Backstroke,Backstroke,Men,100,2024_Nescac_Msd_Results,Bowdoin,"Tran, Jack",Final,49.99,49.99
2024,100_Backstroke,Backstroke,Men,100,2024_Nescac_Msd_Results,Colby,"Xiong, Brandon",Prelim,49.56,49.56
2024,100_Backstroke,Backstroke,Men,100,2024_Nescac_Msd_Results,Connecticut College,"Morris, Matthew",Final,49.5,49.50
2024,100_Backstroke,Backstroke,Men,100,2024_Nescac_Msd_Results,Hamilton,"Jackson, Oliver",Prelim,53.54,53.54
2024,100_Backstroke,Backstroke,Men,100,2024_Nescac_Msd_Results,Middlebury,"Hughes, Sam",Final,49.9,49.90
2024,100_Backstroke,Backstroke,Men,100,2024_Nescac_Msd_Results,Trinity,"Cadogan, Patty",Prelim,54.02,54.02
2024,100_Backstroke,Backstroke,Men,100,2024_Nescac_Msd_Results,Tufts,"Lundgren, Eric",Prelim,48.16,48.16
2024,100_Backstroke,Backstroke,Men,100,2024_Nescac_Msd_Results,Wesleyan,"Pirner, Lucas",Prelim,54.76,54.76
2024,100_Backstroke,Backstroke,Men,100,2024_Nescac_Msd_Results,Williams,"Nichol,",Prelim,47.53,47.53
2024,100_Breaststroke,Breaststroke,Men,100,2024_Nescac_Msd_Results,Amherst,"Gerber, Jeffrey",Prelim,55.12,55.12
2024,100_Breaststroke,Breaststroke,Men,100,2024_Nescac_Msd_Results,Bates,"Somridhivej, Marrich",Final,55.06,55.06B
2024,100_Breaststroke,Breaststroke,Men,100,2024_Nescac_Msd_Results,Bowdoin,"Grand'Pierre, Alexandre",Final,53.52,53.52P
2024,100_Breaststroke,Breaststroke,Men,100,2024_Nescac_Msd_Results,Colby,"Wiater, Jerome",Prelim,55.94,55.94
2024,100_Breaststroke,Breaststroke,Men,100,2024_Nescac_Msd_Results,Connecticut College,"Groleau, Sam",Prelim,59.33,59.33
2024,100_Breaststroke,Breaststroke,Men,100,2024_Nescac_Msd_Results,Hamilton,"Hake, Matt",Prelim,57.16,57.16
2024,100_Breaststroke,Breaststroke,Men,100,2024_Nescac_Msd_Results,Middlebury,"Shen, Paul",Final,55.7,55.70
2024,100_Breaststroke,Breaststroke,Men,100,2024_Nescac_Msd_Results,Trinity,"Kwan, Spence",Prelim,66.41,1:06.41
2024,100_Breaststroke,Breaststroke,Men,100,2024_Nescac_Msd_Results,Tufts,"Adams, Emmett",Prelim,54.62,54.62
2024,100_Breaststroke,Breaststroke,Men,100,2024_Nescac_Msd_Results,Wesleyan,"Mayo, Cooper",Prelim,59.18,59.18
2024,100_Breaststroke,Breaststroke,Men,100,2024_Nescac_Msd_Results,Williams,"Grover, Jacob",Prelim,53.83,53.83
2024,100_Butterfly,Butterfly,Men,100,2024_Nescac_Msd_Results,Amherst,"Olson, Jaden",Final,48.71,48.71B
2024,100_Butterfly,Butterfly,Men,100,2024_Nescac_Msd_Results,Bates,"Cory, Maximillian",Prelim,48.73,48.73
2024,100_Butterfly,Butterfly,Men,100,2024_Nescac_Msd_Results,Bowdoin,"Grand'Pierre, Raphael",Prelim,49.67,49.67
2024,100_Butterfly,Butterfly,Men,100,2024_Nescac_Msd_Results,Colby,"Mortimer, Neil",Prelim,48.0,48.00
2024,100_Butterfly,Butterfly,Men,100,2024_Nescac_Msd_Results,Connecticut College,"Quitkin, Zach",Prelim,51.07,51.07
2024,100_Butterfly,Butterfly,Men,100,2024_Nescac_Msd_Results,Hamilton,"Jee, Jack",Final,50.08,50.08
2024,100_Butterfly,Butterfly,Men,100,2024_Nescac_Msd_Results,Middlebury,"Dou, Andrew",Prelim,50.4,50.40
2024,100_Butterfly,Butterfly,Men,100,2024_Nescac_Msd_Results,Trinity,"McDermott, Dillon",Prelim,51.61,51.61
2024,100_Butterfly,Butterfly,Men,100,2024_Nescac_Msd_Results,Tufts,"Sikka, Armaan",Final,47.84,47.84B
2024,100_Butterfly,Butterfly,Men,100,2024_Nescac_Msd_Results,Wesleyan,"Hong, Harrison",Final,49.1,49.10
2024,100_Butterfly,Butterfly,Men,100,2024_Nescac_Msd_Results,Williams,"Heritage, Barret",Final,48.12,48.12B
2024,100_Freestyle,Freestyle,Men,100,2024_Nescac_Msd_Results,Amherst,"Knightly, Tyler",Prelim,45.66,45.66
2024,100_Freestyle,Freestyle,Men,100,2024_Nescac_Msd_Results,Bates,"Cory, Maximillian",Final,44.07,44.07B
2024,100_Freestyle,Freestyle,Men,100,2024_Nescac_Msd_Results,Bowdoin,"Sher, Micah",Prelim,46.0,46.00
2024,100_Freestyle,Freestyle,Men,100,2024_Nescac_Msd_Results,Colby,"Rehkopf, Carson",Prelim,45.26,45.26
2024,100_Freestyle,Freestyle,Men,100,2024_Nescac_Msd_Results,Connecticut College,"Henry, Patrick",Prelim,47.24,47.24
2024,100_Freestyle,Freestyle,Men,100,2024_Nescac_Msd_Results,Hamilton,"Taft, Nathaniel",Prelim,43.57,43.57
2024,100_Freestyle,Freestyle,Men,100,2024_Nescac_Msd_Results,Middlebury,"Chiappinelli, Jason",Prelim,46.73,46.73
2024,100_Freestyle,Freestyle,Men,100,2024_Nescac_Msd_Results,Trinity,"Brown, Jack",Prelim,51.56,51.56
2024,100_Freestyle,Freestyle,Men,100,2024_Nescac_Msd_Results,Tufts,"LaBarge, Peter",Prelim,44.34,44.34
2024,100_Freestyle,Freestyle,Men,100,2024_Nescac_Msd_Results,Wesleyan,"Polaner,",Prelim,46.52,46.52
2024,100_Freestyle,Freestyle,Men,100,2024_Nescac_Msd_Results,Williams,"Schalet, Oliver",Final,44.51,44.51B
2024,200_Backstroke,Backstroke,Men,200,2024_Nescac_Msd_Results,Amherst,"Scanlan, Nolan",Prelim,109.68,1:49.68
2024,200_Backstroke,Backstroke,Men,200,2024_Nescac_Msd_Results,Bates,"Johnson, Tim",Prelim,108.61,1:48.61
2024,200_Backstroke,Backstroke,Men,200,2024_Nescac_Msd_Results,Bowdoin,"Roehr, Liam",Final,110.6,1:50.60
2024,200_Backstroke,Backstroke,Men,200,2024_Nescac_Msd_Results,Colby,"Cohen, Spencer",Prelim,108.47,1:48.47
2024,200_Backstroke,Backstroke,Men,200,2024_Nescac_Msd_Results,Connecticut College,"Morris, Matthew",Prelim,109.36,1:49.36
2024,200_Backstroke,Backstroke,Men,200,2024_Nescac_Msd_Results,Hamilton,"Jackson, Oliver",Prelim,113.69,1:53.69
2024,200_Backstroke,Backstroke,Men,200,2024_Nescac_Msd_Results,Middlebury,"Hughes, Sam",Final,107.78999999999999,1:47.79B
2024,200_Backstroke,Backstroke,Men,200,2024_Nescac_Msd_Results,Trinity,"Solana, Ernesto",Prelim,122.49,2:02.49
2024,200_Backstroke,Backstroke,Men,200,2024_Nescac_Msd_Results,Tufts,"Lundgren, Eric",Final,105.05,1:45.05P
2024,200_Backstroke,Backstroke,Men,200,2024_Nescac_Msd_Results,Wesleyan,"Pirner, Lucas",Prelim,120.45,2:00.45
2024,200_Backstroke,Backstroke,Men,200,2024_Nescac_Msd_Results,Williams,"Venci, Charlie",Prelim,107.3,1:47.30
2024,200_Breaststroke,Breaststroke,Men,200,2024_Nescac_Msd_Results,Amherst,"Gerber, Jeffrey",Prelim,119.03999999999999,1:59.04
2024,200_Breaststroke,Breaststroke,Men,200,2024_Nescac_Msd_Results,Bates,"Tom, Kailer",Final,124.8,2:04.80
2024,200_Breaststroke,Breaststroke,Men,200,2024_Nescac_Msd_Results,Bowdoin,"Grand'Pierre, Alexandre",Final,118.4,1:58.40B
2024,200_Breaststroke,Breaststroke,Men,200,2024_Nescac_Msd_Results,Colby,"Maclennan, Alexander",Prelim,123.57,2:03.57
2024,200_Breaststroke,Breaststroke,Men,200,2024_Nescac_Msd_Results,Connecticut College,"Groleau, Sam",Prelim,129.94,2:09.94
2024,200_Breaststroke,Breaststroke,Men,200,2024_Nescac_Msd_Results,Hamilton,"Chidley, Ben",Prelim,128.9,2:08.90
2024,200_Breaststroke,Breaststroke,Men,200,2024_Nescac_Msd_Results,Middlebury,"Shen, Paul",Final,124.29,2:04.29
2024,200_Breaststroke,Breaststroke,Men,200,2024_Nescac_Msd_Results,Trinity,"Kwan, Spence",Prelim,148.99,2:28.99
2024,200_Breaststroke,Breaststroke,Men,200,2024_Nescac_Msd_Results,Tufts,"Nussbaum, Jack",Final,119.72,1:59.72B
2024,200_Breaststroke,Breaststroke,Men,200,2024_Nescac_Msd_Results,Wesleyan,"Isman, Daniel",Prelim,127.1,2:07.10
2024,200_Breaststroke,Breaststroke,Men,200,2024_Nescac_Msd_Results,Williams,"Grover, Jacob",Final,118.16,1:58.16B
2024,200_Butterfly,Butterfly,Men,200,2024_Nescac_Msd_Results,Amherst,"Nadel, Fyn",Final,109.25999999999999,1:49.26B
2024,200_Butterfly,Butterfly,Men,200,2024_Nescac_Msd_Results,Bates,"Friedlander, Liam",Final,110.64,1:50.64
2024,200_Butterfly,Butterfly,Men,200,2024_Nescac_Msd_Results,Bowdoin,"Depew, Jaran",Final,109.78999999999999,1:49.79B
2024,200_Butterfly,Butterfly,Men,200,2024_Nescac_Msd_Results,Colby,"Yoham, Skylar",Prelim,110.75999999999999,1:50.76
2024,200_Butterfly,Butterfly,Men,200,2024_Nescac_Msd_Results,Connecticut College,"Finkel, Justin",Final,104.62,1:44.62M
2024,200_Butterfly,Butterfly,Men,200,2024_Nescac_Msd_Results,Hamilton,"Roche, Steven",Final,114.35,1:54.35
2024,200_Butterfly,Butterfly,Men,200,2024_Nescac_Msd_Results,Middlebury,"McNamara, Luke",Final,111.44,1:51.44
2024,200_Butterfly,Butterfly,Men,200,2024_Nescac_Msd_Results,Trinity,"Brown, Matthew",Prelim,114.11,1:54.11
2024,200_Butterfly,Butterfly,Men,200,2024_Nescac_Msd_Results,Tufts,"Schreier, Ethan",Final,107.94,1:47.94B
2024,200_Butterfly,Butterfly,Men,200,2024_Nescac_Msd_Results,Wesleyan,"Hong, Harrison",Final,112.55,1:52.55
2024,200_Butterfly,Butterfly,Men,200,2024_Nescac_Msd_Results,Williams,"Nunez, Ryan",Prelim,107.28999999999999,1:47.29
2024,200_Freestyle,Freestyle,Men,200,2024_Nescac_Msd_Results,Amherst,"Knightly, Tyler",Final,99.44,1:39.44B
2024,200_Freestyle,Freestyle,Men,200,2024_Nescac_Msd_Results,Bates,"Weigel, John",Final,99.39,1:39.39B
2024,200_Freestyle,Freestyle,Men,200,2024_Nescac_Msd_Results,Bowdoin,"Depew, Jaran",Final,101.81,1:41.81
2024,200_Freestyle,Freestyle,Men,200,2024_Nescac_Msd_Results,Colby,"Rehkopf, Carson",Final,100.49000000000001,1:40.49
2024,200_Freestyle,Freestyle,Men,200,2024_Nescac_Msd_Results,Connecticut College,"Finkel, Justin",Final,95.69,1:35.69
2024,200_Freestyle,Freestyle,Men,200,2024_Nescac_Msd_Results,Hamilton,"Taft, Nathaniel",Prelim,96.22,1:36.22
2024,200_Freestyle,Freestyle,Men,200,2024_Nescac_Msd_Results,Middlebury,"Hensel, Matthew",Prelim,102.52000000000001,1:42.52
2024,200_Freestyle,Freestyle,Men,200,2024_Nescac_Msd_Results,Trinity,"Solana, Ernesto",Prelim,107.27000000000001,1:47.27
2024,200_Freestyle,Freestyle,Men,200,2024_Nescac_Msd_Results,Tufts,"LaBarge, Peter",Prelim,100.82,1:40.82
2024,200_Freestyle,Freestyle,Men,200,2024_Nescac_Msd_Results,Wesleyan,"Polaner,",Prelim,102.14,1:42.14
2024,200_Freestyle,Freestyle,Men,200,2024_Nescac_Msd_Results,Williams,"Atherton, Alex",Final,97.71000000000001,1:37.71B
2024,200_IM,IM,Men,200,2024_Nescac_Msd_Results,Amherst,"Metelmann, Tor",Final,110.62,1:50.62B
2024,200_IM,IM,Men,200,2024_Nescac_Msd_Results,Bates,"Johnson, Tim",Prelim,111.09,1:51.09
2024,200_IM,IM,Men,200,2024_Nescac_Msd_Results,Bowdoin,"Zhang, Dylan",Prelim,113.8,1:53.80
2024,200_IM,IM,Men,200,2024_Nescac_Msd_Results,Colby,"Maclennan, Alexander",Prelim,111.68,1:51.68
2024,200_IM,IM,Men,200,2024_Nescac_Msd_Results,Connecticut College,"Karaca, Ryan",Prelim,114.81,1:54.81
2024,200_IM,IM,Men,200,2024_Nescac_Msd_Results,Hamilton,"Roche, Steven",Final,111.46000000000001,1:51.46
2024,200_IM,IM,Men,200,2024_Nescac_Msd_Results,Middlebury,"McNamara, Luke",Final,111.78999999999999,1:51.79
2024,200_IM,IM,Men,200,2024_Nescac_Msd_Results,Trinity,"Brown, Matthew",Prelim,116.12,1:56.12
2024,200_IM,IM,Men,200,2024_Nescac_Msd_Results,Tufts,"Townson, Connor",Final,111.25999999999999,1:51.26
2024,200_IM,IM,Men,200,2024_Nescac_Msd_Results,Wesleyan,"Isman, Daniel",Prelim,118.09,1:58.09
2024,200_IM,IM,Men,200,2024_Nescac_Msd_Results,Williams,"Schalet, Oliver",Final,106.63,1:46.63N
2024,400_IM,IM,Men,400,2024_Nescac_Msd_Results,Amherst,"Jang, Michael",Prelim,244.69,4:04.69
2024,400_IM,IM,Men,400,2024_Nescac_Msd_Results,Bates,"Mocarski, Jack",Prelim,245.66,4:05.66
2024,400_IM,IM,Men,400,2024_Nescac_Msd_Results,Bowdoin,"Peabody, Brim",Final,242.54,4:02.54
2024,400_IM,IM,Men,400,2024_Nescac_Msd_Results,Colby,"Yoham, Skylar",Prelim,244.31,4:04.31
2024,400_IM,IM,Men,400,2024_Nescac_Msd_Results,Connecticut College,"Lyons, Evan",Prelim,240.7,4:00.70
2024,400_IM,IM,Men,400,2024_Nescac_Msd_Results,Hamilton,"Roche, Steven",Final,241.09,4:01.09
2024,400_IM,IM,Men,400,2024_Nescac_Msd_Results,Middlebury,"McNamara, Luke",Prelim,241.39,4:01.39
2024,400_IM,IM,Men,400,2024_Nescac_Msd_Results,Trinity,"Brown, Matthew",Final,246.57,4:06.57
2024,400_IM,IM,Men,400,2024_Nescac_Msd_Results,Tufts,"Townson, Connor",Final,241.1,4:01.10
2024,400_IM,IM,Men,400,2024_Nescac_Msd_Results,Wesleyan,"Isman, Daniel",Prelim,252.68,4:12.68
2024,400_IM,IM,Men,400,2024_Nescac_Msd_Results,Williams,"Schalet, Oliver",Final,231.87,3:51.87N
2024,500_Freestyle,Freestyle,Men,500,2024_Nescac_Msd_Results,Amherst,"Knightly, Tyler",Prelim,274.37,4:34.37
2024,500_Freestyle,Freestyle,Men,500,2024_Nescac_Msd_Results,Bates,"Gregory, Mark",Prelim,267.73,4:27.73
2024,500_Freestyle,Freestyle,Men,500,2024_Nescac_Msd_Results,Bowdoin,"Bianco, Phil",Prelim,277.43,4:37.43
2024,500_Freestyle,Freestyle,Men,500,2024_Nescac_Msd_Results,Colby,"Yoham, Skylar",Prelim,281.29,4:41.29
2024,500_Freestyle,Freestyle,Men,500,2024_Nescac_Msd_Results,Connecticut College,"Finkel, Justin",Final,264.66,4:24.66M
2024,500_Freestyle,Freestyle,Men,500,2024_Nescac_Msd_Results,Hamilton,"Engel, Luke",Prelim,281.42,4:41.42
2024,500_Freestyle,Freestyle,Men,500,2024_Nescac_Msd_Results,Middlebury,"McKenna, Rodin",Prelim,275.32,4:35.32
2024,500_Freestyle,Freestyle,Men,500,2024_Nescac_Msd_Results,Trinity,"Solana, Ernesto",Prelim,293.88,4:53.88
2024,500_Freestyle,Freestyle,Men,500,2024_Nescac_Msd_Results,Tufts,"Shafi, Rafae",Final,265.12,4:25.12B
2024,500_Freestyle,Freestyle,Men,500,2024_Nescac_Msd_Results,Wesleyan,"Polaner,",Final,279.04,4:39.04
2024,500_Freestyle,Freestyle,Men,500,2024_Nescac_Msd_Results,Williams,"Nunez, Ryan",Prelim,267.03,4:27.03
2024,50_Backstroke,Backstroke,Men,50,2024_Nescac_Msd_Results,Amherst,"Yuen, Andrew",Prelim,23.6,23.60
2024,50_Backstroke,Backstroke,Men,50,2024_Nescac_Msd_Results,Bates,"Pierce, Nate",Prelim,23.54,23.54
2024,50_Backstroke,Backstroke,Men,50,2024_Nescac_Msd_Results,Bowdoin,"Tran, Jack",Final,22.55,22.55
2024,50_Backstroke,Backstroke,Men,50,2024_Nescac_Msd_Results,Colby,"Xiong, Brandon",Final,22.45,22.45
2024,50_Backstroke,Backstroke,Men,50,2024_Nescac_Msd_Results,Connecticut College,"Morris, Matthew",Final,23.24,23.24
2024,50_Backstroke,Backstroke,Men,50,2024_Nescac_Msd_Results,Hamilton,"Cho, Jun",Prelim,25.13,25.13
2024,50_Backstroke,Backstroke,Men,50,2024_Nescac_Msd_Results,Middlebury,"Undercofler, Jack",Prelim,23.52,23.52
2024,50_Backstroke,Backstroke,Men,50,2024_Nescac_Msd_Results,Trinity,"Cadogan, Patty",Prelim,25.22,25.22
2024,50_Backstroke,Backstroke,Men,50,2024_Nescac_Msd_Results,Tufts,"Lundgren, Eric",Final,22.54,22.54
2024,50_Backstroke,Backstroke,Men,50,2024_Nescac_Msd_Results,Wesleyan,"Bretall,",Prelim,23.76,23.76
2024,50_Backstroke,Backstroke,Men,50,2024_Nescac_Msd_Results,Williams,"Nichol,",Final,21.3,21.30M
2024,50_Breaststroke,Breaststroke,Men,50,2024_Nescac_Msd_Results,Amherst,"Gerber, Jeffrey",Prelim,25.03,25.03
2024,50_Breaststroke,Breaststroke,Men,50,2024_Nescac_Msd_Results,Bates,"Somridhivej, Marrich",Prelim,25.03,25.03
2024,50_Breaststroke,Breaststroke,Men,50,2024_Nescac_Msd_Results,Bowdoin,"Grand'Pierre, Alexandre",Prelim,24.47,24.47
2024,50_Breaststroke,Breaststroke,Men,50,2024_Nescac_Msd_Results,Colby,"Wiater, Jerome",Final,25.59,25.59
2024,50_Breaststroke,Breaststroke,Men,50,2024_Nescac_Msd_Results,Connecticut College,"Henry, Patrick",Prelim,27.41,27.41
2024,50_Breaststroke,Breaststroke,Men,50,2024_Nescac_Msd_Results,Hamilton,"Hake, Matt",Prelim,25.81,25.81
2024,50_Breaststroke,Breaststroke,Men,50,2024_Nescac_Msd_Results,Middlebury,"Shen, Paul",Final,25.78,25.78
2024,50_Breaststroke,Breaststroke,Men,50,2024_Nescac_Msd_Results,Trinity,"Chang, Atticus",Prelim,27.87,27.87
2024,50_Breaststroke,Breaststroke,Men,50,2024_Nescac_Msd_Results,Tufts,"Adams, Emmett",Prelim,24.94,24.94
2024,50_Breaststroke,Breaststroke,Men,50,2024_Nescac_Msd_Results,Wesleyan,"Chan,",Prelim,26.82,26.82
2024,50_Breaststroke,Breaststroke,Men,50,2024_Nescac_Msd_Results,Williams,"Grover, Michael",Final,24.86,24.86
2024,50_Butterfly,Butterfly,Men,50,2024_Nescac_Msd_Results,Amherst,"Olson, Jaden",Final,22.02,22.02
2024,50_Butterfly,Butterfly,Men,50,2024_Nescac_Msd_Results,Bates,"Faraher, Collin",Prelim,22.61,22.61
2024,50_Butterfly,Butterfly,Men,50,2024_Nescac_Msd_Results,Bowdoin,"Tran, Jack",Final,21.8,21.80
2024,50_Butterfly,Butterfly,Men,50,2024_Nescac_Msd_Results,Colby,"Mortimer, Neil",Final,21.1,21.10P
2024,50_Butterfly,Butterfly,Men,50,2024_Nescac_Msd_Results,Connecticut College,"Frank, Gabe",Final,23.07,23.07
2024,50_Butterfly,Butterfly,Men,50,2024_Nescac_Msd_Results,Hamilton,"Vasquez, Alex",Prelim,22.36,22.36
2024,50_Butterfly,Butterfly,Men,50,2024_Nescac_Msd_Results,Middlebury,"Dou, Andrew",Final,22.59,22.59
2024,50_Butterfly,Butterfly,Men,50,2024_Nescac_Msd_Results,Trinity,"McDermott, Dillon",Prelim,22.86,22.86
2024,50_Butterfly,Butterfly,Men,50,2024_Nescac_Msd_Results,Tufts,"Sikka, Armaan",Final,21.89,21.89
2024,50_Butterfly,Butterfly,Men,50,2024_Nescac_Msd_Results,Wesleyan,"Hong, Harrison",Final,22.26,22.26
2024,50_Butterfly,Butterfly,Men,50,2024_Nescac_Msd_Results,Williams,"Nichol,",Prelim,21.21,21.21
2024,50_Freestyle,Freestyle,Men,50,2024_Nescac_Msd_Results,Amherst,"Van De Water, Ethan",Prelim,20.6,20.60
2024,50_Freestyle,Freestyle,Men,50,2024_Nescac_Msd_Results,Bates,"Cory, Maximillian",Prelim,19.66,19.66
2024,50_Freestyle,Freestyle,Men,50,2024_Nescac_Msd_Results,Bowdoin,"Grand'Pierre, Raphael",Final,20.61,20.61
2024,50_Freestyle,Freestyle,Men,50,2024_Nescac_Msd_Results,Colby,"Mortimer, Neil",Prelim,20.31,20.31
2024,50_Freestyle,Freestyle,Men,50,2024_Nescac_Msd_Results,Connecticut College,"Merrill, Liam",Prelim,24.79,24.79
2024,50_Freestyle,Freestyle,Men,50,2024_Nescac_Msd_Results,Hamilton,"Taft, Nathaniel",Prelim,19.83,19.83
2024,50_Freestyle,Freestyle,Men,50,2024_Nescac_Msd_Results,Middlebury,"Chiappinelli, Jason",Prelim,21.04,21.04
2024,50_Freestyle,Freestyle,Men,50,2024_Nescac_Msd_Results,Trinity,"McDermott, Dillon",Prelim,21.63,21.63
2024,50_Freestyle,Freestyle,Men,50,2024_Nescac_Msd_Results,Tufts,"LaBarge, Peter",Final,20.22,20.22B
2024,50_Freestyle,Freestyle,Men,50,2024_Nescac_Msd_Results,Wesleyan,"Anderson, Sam",Prelim,21.53,21.53
2024,50_Freestyle,Freestyle,Men,50,2024_Nescac_Msd_Results,Williams,"Heritage, Barret",Final,20.45,20.45
2025,100_Backstroke,Backstroke,Men,100,2025_Nescac_Msd_Results,Amherst,"Yuen, Andrew",Final,50.17,50.17
2025,100_Backstroke,Backstroke,Men,100,2025_Nescac_Msd_Results,Bates,"Johnson, Tim",Final,48.67,48.67B
2025,100_Backstroke,Backstroke,Men,100,2025_Nescac_Msd_Results,Bowdoin,"Roehr, Liam",Final,50.0,50.00
2025,100_Backstroke,Backstroke,Men,100,2025_Nescac_Msd_Results,Colby,"Xiong, Brandon",Prelim,50.27,50.27
2025,100_Backstroke,Backstroke,Men,100,2025_Nescac_Msd_Results,Connecticut College,"Morris, Matthew",Prelim,49.41,49.41
2025,100_Backstroke,Backstroke,Men,100,2025_Nescac_Msd_Results,Hamilton,"Chang, Matthew",Prelim,49.9,49.90
2025,100_Backstroke,Backstroke,Men,100,2025_Nescac_Msd_Results,Middlebury,"Hughes, Sam",Final,49.29,49.29
2025,100_Backstroke,Backstroke,Men,100,2025_Nescac_Msd_Results,Trinity,"Rinaldi, Jack",Prelim,53.42,53.42
2025,100_Backstroke,Backstroke,Men,100,2025_Nescac_Msd_Results,Tufts,"Lundgren, Eric",Prelim,47.4,47.40
2025,100_Backstroke,Backstroke,Men,100,2025_Nescac_Msd_Results,Wesleyan,"Trendell, Aidan",Prelim,65.24,1:05.24
2025,100_Backstroke,Backstroke,Men,100,2025_Nescac_Msd_Results,Williams,"Venci, Charlie",Prelim,48.35,48.35
2025,100_Breaststroke,Breaststroke,Men,100,2025_Nescac_Msd_Results,Amherst,"Nadel, Fyn",Final,54.46,54.46B
2025,100_Breaststroke,Breaststroke,Men,100,2025_Nescac_Msd_Results,Bates,"Somridhivej, Marrich",Prelim,54.09,54.09
2025,100_Breaststroke,Breaststroke,Men,100,2025_Nescac_Msd_Results,Bowdoin,"Grand'Pierre, Alexandre",Final,54.73,54.73B
2025,100_Breaststroke,Breaststroke,Men,100,2025_Nescac_Msd_Results,Colby,"Maclennan, Alex",Prelim,56.62,56.62
2025,100_Breaststroke,Breaststroke,Men,100,2025_Nescac_Msd_Results,Connecticut College,"Shea, Carrick",Final,55.03,55.03B
2025,100_Breaststroke,Breaststroke,Men,100,2025_Nescac_Msd_Results,Hamilton,"Hake, Matt",Final,56.18,56.18
2025,100_Breaststroke,Breaststroke,Men,100,2025_Nescac_Msd_Results,Middlebury,"Masiello, John",Prelim,55.22,55.22
2025,100_Breaststroke,Breaststroke,Men,100,2025_Nescac_Msd_Results,Trinity,"Soukoulis,",Prelim,61.14,1:01.14
2025,100_Breaststroke,Breaststroke,Men,100,2025_Nescac_Msd_Results,Tufts,"Adams, Emmett",Final,55.07,55.07B
2025,100_Breaststroke,Breaststroke,Men,100,2025_Nescac_Msd_Results,Wesleyan,"Schrepfer, Brody",Final,55.72,55.72
2025,100_Breaststroke,Breaststroke,Men,100,2025_Nescac_Msd_Results,Williams,"Grover, Michael",Final,54.89,54.89B
2025,100_Butterfly,Butterfly,Men,100,2025_Nescac_Msd_Results,Amherst,"Olson, Jaden",Prelim,47.73,47.73
2025,100_Butterfly,Butterfly,Men,100,2025_Nescac_Msd_Results,Bates,"Cory, Maximillian",Prelim,48.77,48.77
2025,100_Butterfly,Butterfly,Men,100,2025_Nescac_Msd_Results,Bowdoin,"Grand'Pierre, Raphael",Final,48.75,48.75
2025,100_Butterfly,Butterfly,Men,100,2025_Nescac_Msd_Results,Colby,"Morrison, Brandon",Final,49.99,49.99
2025,100_Butterfly,Butterfly,Men,100,2025_Nescac_Msd_Results,Connecticut College,"Finkel, Justin",Final,46.49,46.49
2025,100_Butterfly,Butterfly,Men,100,2025_Nescac_Msd_Results,Hamilton,"Vasquez, Alex",Prelim,50.85,50.85
2025,100_Butterfly,Butterfly,Men,100,2025_Nescac_Msd_Results,Middlebury,"Dou, Andrew",Prelim,50.31,50.31
2025,100_Butterfly,Butterfly,Men,100,2025_Nescac_Msd_Results,Trinity,"Tosic, Ilija",Prelim,50.23,50.23
2025,100_Butterfly,Butterfly,Men,100,2025_Nescac_Msd_Results,Tufts,"Sikka, Armaan",Final,48.16,48.16B
2025,100_Butterfly,Butterfly,Men,100,2025_Nescac_Msd_Results,Wesleyan,"Hong, Harrison",Final,48.25,48.25B
2025,100_Butterfly,Butterfly,Men,100,2025_Nescac_Msd_Results,Williams,"Heritage, Barrett",Final,48.07,48.07B
2025,100_Freestyle,Freestyle,Men,100,2025_Nescac_Msd_Results,Amherst,"Goepfrich, Jack",Final,45.35,45.35
2025,100_Freestyle,Freestyle,Men,100,2025_Nescac_Msd_Results,Bates,"Cory, Maximillian",Prelim,43.2,43.20
2025,100_Freestyle,Freestyle,Men,100,2025_Nescac_Msd_Results,Bowdoin,"Grand'Pierre, Raphael",Final,45.63,45.63
2025,100_Freestyle,Freestyle,Men,100,2025_Nescac_Msd_Results,Colby,"Rehkopf, Carson",Final,45.51,45.51
2025,100_Freestyle,Freestyle,Men,100,2025_Nescac_Msd_Results,Connecticut College,"Miller, Aiden",Final,46.08,46.08
2025,100_Freestyle,Freestyle,Men,100,2025_Nescac_Msd_Results,Hamilton,"Taft, Nathaniel",Prelim,43.68,43.68
2025,100_Freestyle,Freestyle,Men,100,2025_Nescac_Msd_Results,Middlebury,"Mauney, Ryan",Prelim,46.44,46.44
2025,100_Freestyle,Freestyle,Men,100,2025_Nescac_Msd_Results,Trinity,"Broxson, Ben",Prelim,47.51,47.51
2025,100_Freestyle,Freestyle,Men,100,2025_Nescac_Msd_Results,Tufts,"Euvrard, Soeren",Final,44.93,44.93B
2025,100_Freestyle,Freestyle,Men,100,2025_Nescac_Msd_Results,Wesleyan,"Hong, Harrison",Prelim,45.99,45.99
2025,100_Freestyle,Freestyle,Men,100,2025_Nescac_Msd_Results,Williams,"Randall, Theo",Prelim,45.42,45.42
2025,200_Backstroke,Backstroke,Men,200,2025_Nescac_Msd_Results,Amherst,"Luetke, Jonah",Prelim,111.95,1:51.95
2025,200_Backstroke,Backstroke,Men,200,2025_Nescac_Msd_Results,Bates,"Johnson, Tim",Prelim,106.78,1:46.78
2025,200_Backstroke,Backstroke,Men,200,2025_Nescac_Msd_Results,Bowdoin,"Roehr, Liam",Final,108.57,1:48.57B
2025,200_Backstroke,Backstroke,Men,200,2025_Nescac_Msd_Results,Colby,"Cohen, Spencer",Prelim,108.6,1:48.60
2025,200_Backstroke,Backstroke,Men,200,2025_Nescac_Msd_Results,Connecticut College,"Morris, Matthew",Prelim,107.77000000000001,1:47.77
2025,200_Backstroke,Backstroke,Men,200,2025_Nescac_Msd_Results,Hamilton,"Chambon, Loui",Final,110.41,1:50.41
2025,200_Backstroke,Backstroke,Men,200,2025_Nescac_Msd_Results,Middlebury,"Hughes, Sam",Prelim,107.45,1:47.45
2025,200_Backstroke,Backstroke,Men,200,2025_Nescac_Msd_Results,Trinity,"Kam, Ryan",Prelim,115.0,1:55.00
2025,200_Backstroke,Backstroke,Men,200,2025_Nescac_Msd_Results,Tufts,"Lundgren, Eric",Final,104.1,1:44.10M
2025,200_Backstroke,Backstroke,Men,200,2025_Nescac_Msd_Results,Wesleyan,"Wang, Nicky",Prelim,121.22,2:01.22
2025,200_Backstroke,Backstroke,Men,200,2025_Nescac_Msd_Results,Williams,"Kavanagh, Colin",Prelim,106.78,1:46.78
2025,200_Breaststroke,Breaststroke,Men,200,2025_Nescac_Msd_Results,Amherst,"Metelmann, Tor",Prelim,120.88,2:00.88
2025,200_Breaststroke,Breaststroke,Men,200,2025_Nescac_Msd_Results,Bates,"Somridhivej, Marrich",Prelim,121.34,2:01.34
2025,200_Breaststroke,Breaststroke,Men,200,2025_Nescac_Msd_Results,Bowdoin,"Grand'Pierre, Alexandre",Final,122.49,2:02.49
2025,200_Breaststroke,Breaststroke,Men,200,2025_Nescac_Msd_Results,Colby,"Maclennan, Alex",Final,124.63,2:04.63
2025,200_Breaststroke,Breaststroke,Men,200,2025_Nescac_Msd_Results,Connecticut College,"Shea, Carrick",Prelim,121.27,2:01.27
2025,200_Breaststroke,Breaststroke,Men,200,2025_Nescac_Msd_Results,Hamilton,"Chidley, Ben",Final,124.64,2:04.64
2025,200_Breaststroke,Breaststroke,Men,200,2025_Nescac_Msd_Results,Middlebury,"Shen, Paul",Prelim,119.89,1:59.89
2025,200_Breaststroke,Breaststroke,Men,200,2025_Nescac_Msd_Results,Trinity,"Miller, Treyse",Prelim,134.02,2:14.02
2025,200_Breaststroke,Breaststroke,Men,200,2025_Nescac_Msd_Results,Tufts,"Nussbaum, Jack",Final,121.85,2:01.85
2025,200_Breaststroke,Breaststroke,Men,200,2025_Nescac_Msd_Results,Wesleyan,"Wu, Nathan",Final,125.24,2:05.24
2025,200_Breaststroke,Breaststroke,Men,200,2025_Nescac_Msd_Results,Williams,"Schalet, Oliver",Final,120.13,2:00.13B
2025,200_Butterfly,Butterfly,Men,200,2025_Nescac_Msd_Results,Amherst,"Nadel, Fyn",Prelim,110.25,1:50.25
2025,200_Butterfly,Butterfly,Men,200,2025_Nescac_Msd_Results,Bates,"Friedlander, Liam",Prelim,109.6,1:49.60
2025,200_Butterfly,Butterfly,Men,200,2025_Nescac_Msd_Results,Bowdoin,"Depew, Jaran",Final,110.39,1:50.39
2025,200_Butterfly,Butterfly,Men,200,2025_Nescac_Msd_Results,Colby,"Morrison, Brandon",Prelim,110.95,1:50.95
2025,200_Butterfly,Butterfly,Men,200,2025_Nescac_Msd_Results,Connecticut College,"Finkel, Justin",Final,104.75999999999999,1:44.76P
2025,200_Butterfly,Butterfly,Men,200,2025_Nescac_Msd_Results,Hamilton,"Chang, Matthew",Prelim,110.97,1:50.97
2025,200_Butterfly,Butterfly,Men,200,2025_Nescac_Msd_Results,Middlebury,"McNamara, Luke",Final,110.03,1:50.03
2025,200_Butterfly,Butterfly,Men,200,2025_Nescac_Msd_Results,Trinity,"Ciric, Tadija",Final,112.32,1:52.32
2025,200_Butterfly,Butterfly,Men,200,2025_Nescac_Msd_Results,Tufts,"Schreier, Ethan",Prelim,109.69,1:49.69
2025,200_Butterfly,Butterfly,Men,200,2025_Nescac_Msd_Results,Wesleyan,"Li, Fred",Prelim,119.38,1:59.38
2025,200_Butterfly,Butterfly,Men,200,2025_Nescac_Msd_Results,Williams,"Nunez, Ryan",Final,108.46000000000001,1:48.46B
2025,200_Freestyle,Freestyle,Men,200,2025_Nescac_Msd_Results,Amherst,"Goepfrich, Jack",Final,97.25999999999999,1:37.26B
2025,200_Freestyle,Freestyle,Men,200,2025_Nescac_Msd_Results,Bates,"Weigel, John",Final,99.06,1:39.06B
2025,200_Freestyle,Freestyle,Men,200,2025_Nescac_Msd_Results,Bowdoin,"Gibbons, Getchell",Prelim,102.47999999999999,1:42.48
2025,200_Freestyle,Freestyle,Men,200,2025_Nescac_Msd_Results,Colby,"Rehkopf, Carson",Prelim,101.15,1:41.15
2025,200_Freestyle,Freestyle,Men,200,2025_Nescac_Msd_Results,Connecticut College,"Miller, Aiden",Prelim,100.22999999999999,1:40.23
2025,200_Freestyle,Freestyle,Men,200,2025_Nescac_Msd_Results,Hamilton,"Taft, Nathaniel",Final,95.72,1:35.72
2025,200_Freestyle,Freestyle,Men,200,2025_Nescac_Msd_Results,Middlebury,"Hensel, Matthew",Final,101.33,1:41.33
2025,200_Freestyle,Freestyle,Men,200,2025_Nescac_Msd_Results,Trinity,"Solana, Ernesto",Prelim,107.92,1:47.92
2025,200_Freestyle,Freestyle,Men,200,2025_Nescac_Msd_Results,Tufts,"Lyubman, Ron",Prelim,100.3,1:40.30
2025,200_Freestyle,Freestyle,Men,200,2025_Nescac_Msd_Results,Wesleyan,"O'Connor, Zachary",Prelim,110.69,1:50.69
2025,200_Freestyle,Freestyle,Men,200,2025_Nescac_Msd_Results,Williams,"Williams, Harrison",Prelim,99.72999999999999,1:39.73
2025,200_IM,IM,Men,200,2025_Nescac_Msd_Results,Amherst,"Metelmann, Tor",Final,109.65,1:49.65B
2025,200_IM,IM,Men,200,2025_Nescac_Msd_Results,Bates,"Johnson, Tim",Prelim,110.88,1:50.88
2025,200_IM,IM,Men,200,2025_Nescac_Msd_Results,Bowdoin,"Depew, Jaran",Final,113.2,1:53.20
2025,200_IM,IM,Men,200,2025_Nescac_Msd_Results,Colby,"Maclennan, Alex",Prelim,115.25,1:55.25
2025,200_IM,IM,Men,200,2025_Nescac_Msd_Results,Connecticut College,"Karaca, Ryan",Final,111.83,1:51.83
2025,200_IM,IM,Men,200,2025_Nescac_Msd_Results,Hamilton,"Chang, Matthew",Final,111.3,1:51.30
2025,200_IM,IM,Men,200,2025_Nescac_Msd_Results,Middlebury,"McNamara, Luke",Final,110.31,1:50.31
2025,200_IM,IM,Men,200,2025_Nescac_Msd_Results,Trinity,"Rinaldi, Jack",Prelim,117.97,1:57.97
2025,200_IM,IM,Men,200,2025_Nescac_Msd_Results,Tufts,"Townson, Connor",Final,111.3,1:51.30
2025,200_IM,IM,Men,200,2025_Nescac_Msd_Results,Wesleyan,"Schrepfer, Brody",Prelim,112.27000000000001,1:52.27
2025,200_IM,IM,Men,200,2025_Nescac_Msd_Results,Williams,"Schalet, Oliver",Final,107.97999999999999,1:47.98P
2025,400_IM,IM,Men,400,2025_Nescac_Msd_Results,Amherst,"Roberts, Ryan",Final,241.7,4:01.70
2025,400_IM,IM,Men,400,2025_Nescac_Msd_Results,Bates,"Oppenheim, Nate",Final,240.44,4:00.44
2025,400_IM,IM,Men,400,2025_Nescac_Msd_Results,Bowdoin,"Kim, Joram",Prelim,249.72,4:09.72
2025,400_IM,IM,Men,400,2025_Nescac_Msd_Results,Colby,"Yoham, Skylar",Prelim,246.06,4:06.06
2025,400_IM,IM,Men,400,2025_Nescac_Msd_Results,Connecticut College,"Lyons, Evan",Prelim,237.84,3:57.84
2025,400_IM,IM,Men,400,2025_Nescac_Msd_Results,Hamilton,"Roche, Steven",Final,241.5,4:01.50
2025,400_IM,IM,Men,400,2025_Nescac_Msd_Results,Middlebury,"McNamara, Luke",Prelim,238.47,3:58.47
2025,400_IM,IM,Men,400,2025_Nescac_Msd_Results,Trinity,"Kam, Ryan",Prelim,254.79,4:14.79
2025,400_IM,IM,Men,400,2025_Nescac_Msd_Results,Tufts,"Townson, Connor",Final,240.11,4:00.11
2025,400_IM,IM,Men,400,2025_Nescac_Msd_Results,Wesleyan,"Isman, Daniel",Prelim,254.29,4:14.29
2025,400_IM,IM,Men,400,2025_Nescac_Msd_Results,Williams,"Schalet, Oliver",Final,236.35,3:56.35B
2025,500_Freestyle,Freestyle,Men,500,2025_Nescac_Msd_Results,Amherst,"Goepfrich, Jack",Prelim,271.27,4:31.27
2025,500_Freestyle,Freestyle,Men,500,2025_Nescac_Msd_Results,Bates,"Friedlander, Liam",Final,275.83,4:35.83
2025,500_Freestyle,Freestyle,Men,500,2025_Nescac_Msd_Results,Bowdoin,"Bianco, Phil",Final,277.05,4:37.05
2025,500_Freestyle,Freestyle,Men,500,2025_Nescac_Msd_Results,Colby,"Johnson, Curtis",Prelim,285.61,4:45.61
2025,500_Freestyle,Freestyle,Men,500,2025_Nescac_Msd_Results,Connecticut College,"Finkel, Justin",Final,266.44,4:26.44B
2025,500_Freestyle,Freestyle,Men,500,2025_Nescac_Msd_Results,Hamilton,"Chambon, Loui",Final,273.44,4:33.44
2025,500_Freestyle,Freestyle,Men,500,2025_Nescac_Msd_Results,Middlebury,"Bigelow, Pierce",Prelim,279.63,4:39.63
2025,500_Freestyle,Freestyle,Men,500,2025_Nescac_Msd_Results,Trinity,"Lyons, Ben",Prelim,287.37,4:47.37
2025,500_Freestyle,Freestyle,Men,500,2025_Nescac_Msd_Results,Tufts,"Lyubman, Ron",Final,267.59,4:27.59B
2025,500_Freestyle,Freestyle,Men,500,2025_Nescac_Msd_Results,Wesleyan,"Doerwaldt, Hartmut",Prelim,299.3,4:59.30
2025,500_Freestyle,Freestyle,Men,500,2025_Nescac_Msd_Results,Williams,"Nunez, Ryan",Final,263.18,4:23.18M
2025,50_Backstroke,Backstroke,Men,50,2025_Nescac_Msd_Results,Amherst,"Yuen, Andrew",Prelim,22.99,22.99
2025,50_Backstroke,Backstroke,Men,50,2025_Nescac_Msd_Results,Bates,"White, Zach",Prelim,24.18,24.18
2025,50_Backstroke,Backstroke,Men,50,2025_Nescac_Msd_Results,Bowdoin,"Tran, Jack",Final,22.62,22.62
2025,50_Backstroke,Backstroke,Men,50,2025_Nescac_Msd_Results,Colby,"Xiong, Brandon",Final,22.53,22.53
2025,50_Backstroke,Backstroke,Men,50,2025_Nescac_Msd_Results,Connecticut College,"Morris, Matthew",Prelim,22.8,22.80
2025,50_Backstroke,Backstroke,Men,50,2025_Nescac_Msd_Results,Hamilton,"Roth, Will",Prelim,24.39,24.39
2025,50_Backstroke,Backstroke,Men,50,2025_Nescac_Msd_Results,Middlebury,"Undercofler, Jack",Prelim,23.28,23.28
2025,50_Backstroke,Backstroke,Men,50,2025_Nescac_Msd_Results,Trinity,"Ionescu, Tudor",Prelim,24.53,24.53
2025,50_Backstroke,Backstroke,Men,50,2025_Nescac_Msd_Results,Tufts,"Lundgren, Eric",Prelim,22.21,22.21
2025,50_Backstroke,Backstroke,Men,50,2025_Nescac_Msd_Results,Wesleyan,"Bretall, Fritz",Prelim,23.56,23.56
2025,50_Backstroke,Backstroke,Men,50,2025_Nescac_Msd_Results,Williams,"Venci, Charlie",Final,22.48,22.48
2025,50_Breaststroke,Breaststroke,Men,50,2025_Nescac_Msd_Results,Amherst,"Nadel, Fyn",Prelim,24.86,24.86
2025,50_Breaststroke,Breaststroke,Men,50,2025_Nescac_Msd_Results,Bates,"Somridhivej, Marrich",Final,24.99,24.99
2025,50_Breaststroke,Breaststroke,Men,50,2025_Nescac_Msd_Results,Bowdoin,"Grand'Pierre, Alexandre",Final,24.91,24.91
2025,50_Breaststroke,Breaststroke,Men,50,2025_Nescac_Msd_Results,Colby,"Reinhorn, Noam",Prelim,26.12,26.12
2025,50_Breaststroke,Breaststroke,Men,50,2025_Nescac_Msd_Results,Connecticut College,"Shea, Carrick",Final,25.35,25.35
2025,50_Breaststroke,Breaststroke,Men,50,2025_Nescac_Msd_Results,Hamilton,"Chidley, Ben",Prelim,25.54,25.54
2025,50_Breaststroke,Breaststroke,Men,50,2025_Nescac_Msd_Results,Middlebury,"Shen, Paul",Prelim,25.68,25.68
2025,50_Breaststroke,Breaststroke,Men,50,2025_Nescac_Msd_Results,Trinity,"Tosic, Ilija",Prelim,26.48,26.48
2025,50_Breaststroke,Breaststroke,Men,50,2025_Nescac_Msd_Results,Tufts,"Adams, Emmett",Final,24.96,24.96
2025,50_Breaststroke,Breaststroke,Men,50,2025_Nescac_Msd_Results,Wesleyan,"Wu, Nathan",Prelim,26.56,26.56
2025,50_Breaststroke,Breaststroke,Men,50,2025_Nescac_Msd_Results,Williams,"Grover, Michael",Final,24.99,24.99
2025,50_Butterfly,Butterfly,Men,50,2025_Nescac_Msd_Results,Amherst,"Olson, Jaden",Prelim,21.68,21.68
2025,50_Butterfly,Butterfly,Men,50,2025_Nescac_Msd_Results,Bates,"Hieber, Trent",Prelim,23.03,23.03
2025,50_Butterfly,Butterfly,Men,50,2025_Nescac_Msd_Results,Bowdoin,"Tran, Jack",Final,21.67,21.67P
2025,50_Butterfly,Butterfly,Men,50,2025_Nescac_Msd_Results,Colby,"Morrison, Brandon",Final,22.91,22.91
2025,50_Butterfly,Butterfly,Men,50,2025_Nescac_Msd_Results,Connecticut College,"Ignatiev, Stepan",Prelim,23.53,23.53
2025,50_Butterfly,Butterfly,Men,50,2025_Nescac_Msd_Results,Hamilton,"Vasquez, Alex",Prelim,22.66,22.66
2025,50_Butterfly,Butterfly,Men,50,2025_Nescac_Msd_Results,Middlebury,"Dou, Andrew",Prelim,22.61,22.61
2025,50_Butterfly,Butterfly,Men,50,2025_Nescac_Msd_Results,Trinity,"Helms, Teke",Prelim,24.13,24.13
2025,50_Butterfly,Butterfly,Men,50,2025_Nescac_Msd_Results,Tufts,"Sikka, Armaan",Final,22.13,22.13
2025,50_Butterfly,Butterfly,Men,50,2025_Nescac_Msd_Results,Wesleyan,"Hong, Harrison",Prelim,21.75,21.75
2025,50_Butterfly,Butterfly,Men,50,2025_Nescac_Msd_Results,Williams,"Heritage, Barrett",Final,21.81,21.81
2025,50_Freestyle,Freestyle,Men,50,2025_Nescac_Msd_Results,Amherst,"Van De Water, Ethan",Prelim,20.75,20.75
2025,50_Freestyle,Freestyle,Men,50,2025_Nescac_Msd_Results,Bates,"Cory, Maximillian",Final,19.81,19.81B
2025,50_Freestyle,Freestyle,Men,50,2025_Nescac_Msd_Results,Bowdoin,"Grand'Pierre, Raphael",Final,20.61,20.61
2025,50_Freestyle,Freestyle,Men,50,2025_Nescac_Msd_Results,Colby,"Xiong, Brandon",Prelim,20.68,20.68
2025,50_Freestyle,Freestyle,Men,50,2025_Nescac_Msd_Results,Connecticut College,"Holovacs, Nicholas",Prelim,20.81,20.81
2025,50_Freestyle,Freestyle,Men,50,2025_Nescac_Msd_Results,Hamilton,"Taft, Nathaniel",Prelim,20.21,20.21
2025,50_Freestyle,Freestyle,Men,50,2025_Nescac_Msd_Results,Middlebury,"Hensel, Matthew",Prelim,21.04,21.04
2025,50_Freestyle,Freestyle,Men,50,2025_Nescac_Msd_Results,Trinity,"Tosic, Ilija",Final,21.05,21.05
2025,50_Freestyle,Freestyle,Men,50,2025_Nescac_Msd_Results,Tufts,"Euvrard, Soeren",Prelim,20.23,20.23
2025,50_Freestyle,Freestyle,Men,50,2025_Nescac_Msd_Results,Wesleyan,"Kantar, David",Prelim,21.7,21.70
2025,50_Freestyle,Freestyle,Men,50,2025_Nescac_Msd_Results,Williams,"Heritage, Barrett",Final,20.48,20.48
